# Blender 4.5.3 LTS
# www.blender.org
mtllib polyhouse.mtl
o Plane
v -8.585164 -1.084255 11.595056
v 8.582128 -1.084255 11.595056
v -8.585164 -1.084258 -5.572236
v 8.582128 -1.084258 -5.572236
v -1.526247 -1.064255 0.011410
v -1.519905 -1.064255 0.026720
v -1.504594 -1.064255 0.033062
v -1.489284 -1.064255 0.026720
v -1.482942 -1.064255 0.011410
v -1.489284 -1.064255 -0.003901
v -1.504594 -1.064255 -0.010243
v -1.519904 -1.064255 -0.003901
v -1.506833 -0.555196 0.011409
v -1.500592 -0.556015 0.026719
v -1.485525 -0.557992 0.033062
v -1.470458 -0.559969 0.026719
v -1.464216 -0.560788 0.011409
v -1.470458 -0.559969 -0.003901
v -1.485525 -0.557992 -0.010243
v -1.500592 -0.556015 -0.003901
v -1.374424 -0.002743 0.011409
v -1.368718 -0.005212 0.026719
v -1.354944 -0.011173 0.033062
v -1.341171 -0.017133 0.026719
v -1.335465 -0.019602 0.011409
v -1.341171 -0.017133 -0.003901
v -1.354944 -0.011173 -0.010243
v -1.368718 -0.005212 -0.003901
v -1.052308 0.479010 0.011409
v -1.047937 0.474638 0.026719
v -1.037386 0.464087 0.033062
v -1.026835 0.453536 0.026719
v -1.022463 0.449165 0.011409
v -1.026835 0.453536 -0.003901
v -1.037386 0.464087 -0.010244
v -1.047937 0.474638 -0.003901
v -0.570202 0.801143 0.011409
v -0.567836 0.795431 0.026719
v -0.562126 0.781646 0.033062
v -0.556416 0.767860 0.026719
v -0.554050 0.762149 0.011409
v -0.556416 0.767860 -0.003901
v -0.562126 0.781646 -0.010244
v -0.567836 0.795431 -0.003901
v -0.001519 0.914261 0.011409
v -0.001519 0.908079 0.026719
v -0.001519 0.893157 0.033062
v -0.001519 0.878236 0.026719
v -0.001519 0.872054 0.011409
v -0.001519 0.878236 -0.003901
v -0.001519 0.893157 -0.010244
v -0.001519 0.908079 -0.003901
v 0.567164 0.801142 0.011409
v 0.564799 0.795431 0.026719
v 0.559088 0.781646 0.033061
v 0.553378 0.767860 0.026719
v 0.551013 0.762148 0.011409
v 0.553378 0.767860 -0.003901
v 0.559088 0.781646 -0.010244
v 0.564799 0.795431 -0.003901
v 1.049271 0.479010 0.011409
v 1.044900 0.474638 0.026719
v 1.034348 0.464087 0.033062
v 1.023797 0.453536 0.026719
v 1.019426 0.449165 0.011409
v 1.023797 0.453536 -0.003901
v 1.034348 0.464087 -0.010244
v 1.044900 0.474638 -0.003901
v 1.371386 -0.002743 0.011409
v 1.365680 -0.005212 0.026719
v 1.351907 -0.011173 0.033062
v 1.338133 -0.017133 0.026719
v 1.332427 -0.019602 0.011409
v 1.338133 -0.017133 -0.003901
v 1.351907 -0.011173 -0.010244
v 1.365680 -0.005212 -0.003901
v 1.503796 -0.555196 0.011409
v 1.497554 -0.556015 0.026719
v 1.482488 -0.557992 0.033062
v 1.467421 -0.559969 0.026719
v 1.461179 -0.560788 0.011409
v 1.467421 -0.559969 -0.003901
v 1.482488 -0.557992 -0.010244
v 1.497554 -0.556015 -0.003901
v 1.523209 -1.064255 0.011409
v 1.516867 -1.064255 0.026719
v 1.501557 -1.064255 0.033062
v 1.486247 -1.064255 0.026719
v 1.479904 -1.064255 0.011409
v 1.486247 -1.064255 -0.003901
v 1.501557 -1.064255 -0.010243
v 1.516867 -1.064255 -0.003901
v -1.526247 -1.064254 1.510687
v -1.519905 -1.064254 1.525997
v -1.504594 -1.064254 1.532339
v -1.489284 -1.064254 1.525997
v -1.482942 -1.064254 1.510687
v -1.489284 -1.064254 1.495377
v -1.504594 -1.064254 1.489034
v -1.519904 -1.064254 1.495376
v -1.506833 -0.555196 1.510687
v -1.500592 -0.556015 1.525997
v -1.485525 -0.557992 1.532339
v -1.470458 -0.559969 1.525997
v -1.464216 -0.560788 1.510687
v -1.470458 -0.559969 1.495376
v -1.485525 -0.557992 1.489034
v -1.500592 -0.556015 1.495376
v -1.374424 -0.002743 1.510686
v -1.368718 -0.005212 1.525997
v -1.354944 -0.011172 1.532339
v -1.341171 -0.017133 1.525996
v -1.335465 -0.019602 1.510686
v -1.341171 -0.017133 1.495376
v -1.354944 -0.011172 1.489034
v -1.368718 -0.005212 1.495376
v -1.052308 0.479010 1.510686
v -1.047937 0.474639 1.525996
v -1.037386 0.464087 1.532339
v -1.026835 0.453536 1.525996
v -1.022463 0.449165 1.510686
v -1.026835 0.453536 1.495376
v -1.037386 0.464087 1.489034
v -1.047937 0.474638 1.495376
v -0.570202 0.801143 1.510686
v -0.567836 0.795432 1.525996
v -0.562126 0.781646 1.532339
v -0.556416 0.767860 1.525996
v -0.554050 0.762149 1.510686
v -0.556416 0.767860 1.495376
v -0.562126 0.781646 1.489033
v -0.567836 0.795432 1.495376
v -0.001519 0.914261 1.510686
v -0.001519 0.908079 1.525996
v -0.001519 0.893157 1.532339
v -0.001519 0.878236 1.525996
v -0.001519 0.872054 1.510686
v -0.001519 0.878236 1.495376
v -0.001519 0.893157 1.489033
v -0.001519 0.908079 1.495376
v 0.567164 0.801143 1.510686
v 0.564799 0.795432 1.525996
v 0.559088 0.781646 1.532339
v 0.553378 0.767860 1.525996
v 0.551013 0.762149 1.510686
v 0.553378 0.767860 1.495376
v 0.559088 0.781646 1.489033
v 0.564799 0.795432 1.495376
v 1.049271 0.479010 1.510686
v 1.044900 0.474639 1.525996
v 1.034348 0.464087 1.532339
v 1.023797 0.453536 1.525996
v 1.019426 0.449165 1.510686
v 1.023797 0.453536 1.495376
v 1.034348 0.464087 1.489033
v 1.044900 0.474638 1.495376
v 1.371386 -0.002743 1.510686
v 1.365680 -0.005212 1.525996
v 1.351907 -0.011173 1.532339
v 1.338133 -0.017133 1.525996
v 1.332427 -0.019602 1.510686
v 1.338133 -0.017133 1.495376
v 1.351907 -0.011173 1.489033
v 1.365680 -0.005212 1.495376
v 1.503796 -0.555196 1.510686
v 1.497554 -0.556015 1.525997
v 1.482488 -0.557992 1.532339
v 1.467421 -0.559969 1.525996
v 1.461179 -0.560788 1.510686
v 1.467421 -0.559969 1.495376
v 1.482488 -0.557992 1.489034
v 1.497554 -0.556015 1.495376
v 1.523209 -1.064254 1.510686
v 1.516867 -1.064254 1.525996
v 1.501557 -1.064254 1.532339
v 1.486247 -1.064254 1.525997
v 1.479904 -1.064254 1.510686
v 1.486247 -1.064254 1.495376
v 1.501557 -1.064254 1.489034
v 1.516867 -1.064254 1.495376
v -1.526247 -1.064254 3.009964
v -1.519905 -1.064254 3.025274
v -1.504594 -1.064254 3.031617
v -1.489284 -1.064254 3.025274
v -1.482942 -1.064254 3.009964
v -1.489284 -1.064254 2.994654
v -1.504594 -1.064254 2.988311
v -1.519904 -1.064254 2.994654
v -1.506833 -0.555196 3.009964
v -1.500592 -0.556015 3.025274
v -1.485525 -0.557991 3.031616
v -1.470458 -0.559968 3.025274
v -1.464216 -0.560787 3.009964
v -1.470458 -0.559968 2.994654
v -1.485525 -0.557991 2.988311
v -1.500592 -0.556015 2.994654
v -1.374424 -0.002743 3.009964
v -1.368718 -0.005212 3.025273
v -1.354944 -0.011172 3.031616
v -1.341171 -0.017133 3.025274
v -1.335465 -0.019602 3.009964
v -1.341171 -0.017132 2.994653
v -1.354944 -0.011172 2.988311
v -1.368718 -0.005212 2.994654
v -1.052308 0.479010 3.009963
v -1.047937 0.474639 3.025273
v -1.037386 0.464088 3.031616
v -1.026835 0.453536 3.025274
v -1.022463 0.449165 3.009963
v -1.026835 0.453537 2.994653
v -1.037386 0.464088 2.988311
v -1.047937 0.474639 2.994654
v -0.570202 0.801143 3.009963
v -0.567836 0.795432 3.025273
v -0.562126 0.781646 3.031616
v -0.556416 0.767860 3.025273
v -0.554050 0.762149 3.009963
v -0.556416 0.767860 2.994653
v -0.562126 0.781646 2.988310
v -0.567836 0.795432 2.994653
v -0.001519 0.914261 3.009963
v -0.001519 0.908079 3.025273
v -0.001519 0.893158 3.031616
v -0.001519 0.878236 3.025273
v -0.001519 0.872054 3.009963
v -0.001519 0.878236 2.994653
v -0.001519 0.893158 2.988310
v -0.001519 0.908079 2.994653
v 0.567164 0.801143 3.009963
v 0.564799 0.795432 3.025273
v 0.559088 0.781646 3.031616
v 0.553378 0.767860 3.025273
v 0.551013 0.762149 3.009963
v 0.553378 0.767860 2.994653
v 0.559088 0.781646 2.988310
v 0.564799 0.795432 2.994653
v 1.049271 0.479010 3.009963
v 1.044900 0.474639 3.025273
v 1.034348 0.464088 3.031616
v 1.023797 0.453536 3.025273
v 1.019426 0.449165 3.009963
v 1.023797 0.453536 2.994653
v 1.034348 0.464088 2.988311
v 1.044900 0.474639 2.994653
v 1.371386 -0.002743 3.009963
v 1.365680 -0.005212 3.025273
v 1.351907 -0.011172 3.031616
v 1.338133 -0.017133 3.025274
v 1.332427 -0.019602 3.009963
v 1.338133 -0.017133 2.994653
v 1.351907 -0.011172 2.988311
v 1.365680 -0.005212 2.994653
v 1.503796 -0.555196 3.009963
v 1.497554 -0.556015 3.025274
v 1.482488 -0.557992 3.031616
v 1.467421 -0.559968 3.025274
v 1.461179 -0.560787 3.009964
v 1.467421 -0.559968 2.994653
v 1.482488 -0.557992 2.988311
v 1.497554 -0.556015 2.994654
v 1.523209 -1.064254 3.009964
v 1.516867 -1.064254 3.025274
v 1.501557 -1.064254 3.031616
v 1.486247 -1.064254 3.025274
v 1.479904 -1.064254 3.009964
v 1.486247 -1.064254 2.994653
v 1.501557 -1.064254 2.988311
v 1.516867 -1.064254 2.994653
v -1.526247 -1.064254 4.509241
v -1.519905 -1.064254 4.524551
v -1.504594 -1.064254 4.530894
v -1.489284 -1.064254 4.524551
v -1.482942 -1.064254 4.509241
v -1.489284 -1.064254 4.493931
v -1.504594 -1.064254 4.487588
v -1.519904 -1.064254 4.493931
v -1.506833 -0.555195 4.509241
v -1.500592 -0.556014 4.524551
v -1.485525 -0.557991 4.530894
v -1.470458 -0.559968 4.524551
v -1.464216 -0.560787 4.509241
v -1.470458 -0.559968 4.493930
v -1.485525 -0.557991 4.487588
v -1.500592 -0.556014 4.493931
v -1.374424 -0.002742 4.509241
v -1.368718 -0.005211 4.524550
v -1.354944 -0.011172 4.530893
v -1.341171 -0.017132 4.524551
v -1.335465 -0.019601 4.509241
v -1.341171 -0.017132 4.493930
v -1.354944 -0.011172 4.487588
v -1.368718 -0.005211 4.493931
v -1.052308 0.479010 4.509240
v -1.047937 0.474639 4.524550
v -1.037386 0.464088 4.530893
v -1.026835 0.453537 4.524550
v -1.022463 0.449166 4.509240
v -1.026835 0.453537 4.493930
v -1.037386 0.464088 4.487588
v -1.047937 0.474639 4.493931
v -0.570202 0.801143 4.509240
v -0.567836 0.795432 4.524550
v -0.562126 0.781646 4.530893
v -0.556416 0.767861 4.524550
v -0.554050 0.762150 4.509240
v -0.556416 0.767861 4.493930
v -0.562126 0.781646 4.487588
v -0.567836 0.795432 4.493931
v -0.001519 0.914261 4.509240
v -0.001519 0.908080 4.524550
v -0.001519 0.893158 4.530893
v -0.001519 0.878236 4.524550
v -0.001519 0.872055 4.509240
v -0.001519 0.878236 4.493930
v -0.001519 0.893158 4.487588
v -0.001519 0.908080 4.493931
v 0.567164 0.801143 4.509240
v 0.564799 0.795432 4.524550
v 0.559088 0.781646 4.530892
v 0.553378 0.767860 4.524550
v 0.551013 0.762149 4.509240
v 0.553378 0.767860 4.493930
v 0.559088 0.781646 4.487588
v 0.564799 0.795432 4.493931
v 1.049271 0.479010 4.509240
v 1.044900 0.474639 4.524550
v 1.034348 0.464088 4.530892
v 1.023797 0.453537 4.524550
v 1.019426 0.449165 4.509240
v 1.023797 0.453537 4.493930
v 1.034348 0.464088 4.487588
v 1.044900 0.474639 4.493931
v 1.371386 -0.002743 4.509241
v 1.365680 -0.005212 4.524550
v 1.351907 -0.011172 4.530893
v 1.338133 -0.017132 4.524551
v 1.332427 -0.019602 4.509241
v 1.338133 -0.017133 4.493930
v 1.351907 -0.011172 4.487588
v 1.365680 -0.005212 4.493931
v 1.503796 -0.555195 4.509241
v 1.497554 -0.556014 4.524550
v 1.482488 -0.557991 4.530893
v 1.467421 -0.559968 4.524551
v 1.461179 -0.560787 4.509241
v 1.467421 -0.559968 4.493930
v 1.482488 -0.557991 4.487588
v 1.497554 -0.556014 4.493931
v 1.523209 -1.064254 4.509241
v 1.516867 -1.064254 4.524551
v 1.501557 -1.064254 4.530893
v 1.486247 -1.064254 4.524551
v 1.479904 -1.064254 4.509241
v 1.486247 -1.064254 4.493930
v 1.501557 -1.064254 4.487588
v 1.516867 -1.064254 4.493930
v -1.526247 -1.064254 6.008519
v -1.519905 -1.064254 6.023828
v -1.504594 -1.064254 6.030171
v -1.489284 -1.064254 6.023829
v -1.482942 -1.064254 6.008519
v -1.489284 -1.064254 5.993208
v -1.504594 -1.064254 5.986866
v -1.519904 -1.064254 5.993208
v -1.506833 -0.555195 6.008518
v -1.500592 -0.556014 6.023828
v -1.485525 -0.557991 6.030170
v -1.470458 -0.559968 6.023828
v -1.464216 -0.560787 6.008517
v -1.470458 -0.559968 5.993208
v -1.485525 -0.557991 5.986865
v -1.500592 -0.556014 5.993208
v -1.374424 -0.002742 6.008517
v -1.368718 -0.005211 6.023828
v -1.354944 -0.011172 6.030169
v -1.341171 -0.017132 6.023828
v -1.335465 -0.019601 6.008517
v -1.341171 -0.017132 5.993208
v -1.354944 -0.011172 5.986865
v -1.368718 -0.005211 5.993208
v -1.052308 0.479010 6.008517
v -1.047937 0.474639 6.023828
v -1.037386 0.464088 6.030169
v -1.026835 0.453537 6.023828
v -1.022463 0.449166 6.008517
v -1.026835 0.453537 5.993208
v -1.037386 0.464088 5.986865
v -1.047937 0.474639 5.993208
v -0.570202 0.801144 6.008517
v -0.567836 0.795432 6.023828
v -0.562126 0.781646 6.030169
v -0.556416 0.767861 6.023828
v -0.554050 0.762150 6.008517
v -0.556416 0.767861 5.993207
v -0.562126 0.781647 5.986865
v -0.567836 0.795432 5.993207
v -0.001519 0.914262 6.008517
v -0.001519 0.908080 6.023828
v -0.001519 0.893158 6.030169
v -0.001519 0.878237 6.023828
v -0.001519 0.872055 6.008517
v -0.001519 0.878237 5.993207
v -0.001519 0.893158 5.986865
v -0.001519 0.908080 5.993207
v 0.567164 0.801143 6.008517
v 0.564799 0.795432 6.023828
v 0.559088 0.781647 6.030169
v 0.553378 0.767861 6.023828
v 0.551013 0.762149 6.008517
v 0.553378 0.767861 5.993207
v 0.559088 0.781647 5.986865
v 0.564799 0.795432 5.993207
v 1.049271 0.479011 6.008517
v 1.044900 0.474639 6.023828
v 1.034348 0.464088 6.030169
v 1.023797 0.453537 6.023828
v 1.019426 0.449166 6.008517
v 1.023797 0.453537 5.993208
v 1.034348 0.464088 5.986865
v 1.044900 0.474639 5.993208
v 1.371386 -0.002742 6.008517
v 1.365680 -0.005211 6.023828
v 1.351907 -0.011172 6.030169
v 1.338133 -0.017132 6.023828
v 1.332427 -0.019601 6.008517
v 1.338133 -0.017132 5.993208
v 1.351907 -0.011172 5.986865
v 1.365680 -0.005211 5.993208
v 1.503796 -0.555195 6.008517
v 1.497554 -0.556014 6.023828
v 1.482488 -0.557991 6.030169
v 1.467421 -0.559968 6.023828
v 1.461179 -0.560787 6.008517
v 1.467421 -0.559968 5.993208
v 1.482488 -0.557991 5.986865
v 1.497554 -0.556014 5.993208
v 1.523209 -1.064254 6.008518
v 1.516867 -1.064254 6.023828
v 1.501557 -1.064254 6.030170
v 1.486247 -1.064254 6.023829
v 1.479904 -1.064254 6.008519
v 1.486247 -1.064254 5.993208
v 1.501557 -1.064254 5.986866
v 1.516867 -1.064254 5.993208
v -1.524575 -1.064255 0.003134
v -1.523781 -0.815148 0.011410
v -1.505189 -0.555412 0.003133
v -1.517463 -0.815484 -0.003901
v -1.524576 -1.064255 0.019686
v -1.517463 -0.815484 0.026720
v -1.505189 -0.555412 0.019686
v -1.512870 -1.064255 0.031391
v -1.502211 -0.816294 0.033062
v -1.493670 -0.556923 0.031390
v -1.496318 -1.064255 0.031391
v -1.486958 -0.817104 0.026720
v -1.477380 -0.559061 0.031390
v -1.484613 -1.064255 0.019686
v -1.480640 -0.817439 0.011410
v -1.465861 -0.560572 0.019686
v -1.484613 -1.064255 0.003134
v -1.486958 -0.817104 -0.003901
v -1.465862 -0.560572 0.003133
v -1.496318 -1.064255 -0.008572
v -1.502210 -0.816294 -0.010243
v -1.477380 -0.559061 -0.008572
v -1.512870 -1.064255 -0.008572
v -1.493670 -0.556923 -0.008572
v -1.461280 -0.278973 0.011409
v -1.372920 -0.003394 0.003133
v -1.455222 -0.280528 -0.003901
v -1.455222 -0.280528 0.026719
v -1.372920 -0.003394 0.019685
v -1.440599 -0.284280 0.033062
v -1.362390 -0.007951 0.031390
v -1.425976 -0.288032 0.026719
v -1.347499 -0.014395 0.031390
v -1.419918 -0.289586 0.011409
v -1.336969 -0.018952 0.019685
v -1.425976 -0.288032 -0.003901
v -1.336968 -0.018951 0.003133
v -1.440599 -0.284280 -0.010243
v -1.347499 -0.014395 -0.008572
v -1.362390 -0.007951 -0.008572
v -1.237034 0.253811 0.011409
v -1.051156 0.477857 0.003133
v -1.231896 0.250364 -0.003901
v -1.231896 0.250364 0.026719
v -1.051156 0.477857 0.019685
v -1.219491 0.242043 0.033062
v -1.043090 0.469791 0.031390
v -1.207086 0.233722 0.026719
v -1.031683 0.458383 0.031390
v -1.201948 0.230275 0.011409
v -1.023615 0.450317 0.019685
v -1.207086 0.233722 -0.003901
v -1.023616 0.450317 0.003133
v -1.219491 0.242043 -0.010244
v -1.031682 0.458384 -0.008572
v -1.043090 0.469791 -0.008572
v -0.827066 0.663738 0.011409
v -0.569578 0.799638 0.003133
v -0.823632 0.658599 -0.003901
v -0.823631 0.658599 0.026719
v -0.569578 0.799637 0.019685
v -0.815342 0.646193 0.033062
v -0.565213 0.789098 0.031390
v -0.807053 0.633786 0.026719
v -0.559039 0.774194 0.031390
v -0.803618 0.628647 0.011409
v -0.554674 0.763654 0.019685
v -0.807052 0.633786 -0.003901
v -0.554674 0.763654 0.003133
v -0.815342 0.646192 -0.010244
v -0.559039 0.774194 -0.008572
v -0.565213 0.789098 -0.008572
v -0.291412 0.885613 0.011409
v -0.001519 0.912631 0.003133
v -0.290206 0.879551 -0.003901
v -0.290206 0.879551 0.026719
v -0.001519 0.912631 0.019685
v -0.287296 0.864917 0.033062
v -0.001519 0.901223 0.031390
v -0.284385 0.850283 0.026719
v -0.001519 0.885091 0.031390
v -0.283179 0.844220 0.011409
v -0.001519 0.873683 0.019685
v -0.284385 0.850282 -0.003901
v -0.001519 0.873683 0.003133
v -0.287296 0.864916 -0.010244
v -0.001519 0.885091 -0.008572
v -0.001519 0.901223 -0.008573
v 0.288375 0.885613 0.011409
v 0.566541 0.799637 0.003133
v 0.287169 0.879550 -0.003901
v 0.287169 0.879551 0.026719
v 0.566541 0.799637 0.019685
v 0.284258 0.864917 0.033061
v 0.562175 0.789098 0.031390
v 0.281347 0.850283 0.026719
v 0.556002 0.774193 0.031390
v 0.280141 0.844220 0.011409
v 0.551636 0.763654 0.019685
v 0.281347 0.850282 -0.003901
v 0.551636 0.763654 0.003133
v 0.284258 0.864916 -0.010244
v 0.556002 0.774193 -0.008573
v 0.562175 0.789098 -0.008573
v 0.824028 0.663738 0.011409
v 1.048119 0.477858 0.003133
v 0.820594 0.658599 -0.003901
v 0.820594 0.658599 0.026719
v 1.048119 0.477857 0.019685
v 0.812304 0.646193 0.033062
v 1.040052 0.469791 0.031390
v 0.804015 0.633786 0.026719
v 1.028645 0.458383 0.031390
v 0.800581 0.628647 0.011409
v 1.020578 0.450317 0.019685
v 0.804015 0.633786 -0.003901
v 1.020578 0.450317 0.003133
v 0.812304 0.646192 -0.010244
v 1.028645 0.458383 -0.008572
v 1.040052 0.469791 -0.008572
v 1.233997 0.253811 0.011409
v 1.369883 -0.003394 0.003133
v 1.228858 0.250364 -0.003901
v 1.228858 0.250364 0.026719
v 1.369883 -0.003394 0.019685
v 1.216454 0.242043 0.033062
v 1.359352 -0.007951 0.031390
v 1.204049 0.233722 0.026719
v 1.344461 -0.014395 0.031390
v 1.198910 0.230275 0.011409
v 1.333931 -0.018952 0.019685
v 1.204049 0.233722 -0.003901
v 1.333931 -0.018952 0.003133
v 1.216454 0.242043 -0.010244
v 1.344461 -0.014395 -0.008572
v 1.359352 -0.007951 -0.008572
v 1.458242 -0.278973 0.011409
v 1.502151 -0.555412 0.003133
v 1.452184 -0.280528 -0.003901
v 1.452184 -0.280528 0.026719
v 1.502151 -0.555412 0.019685
v 1.437561 -0.284280 0.033062
v 1.490632 -0.556923 0.031390
v 1.422938 -0.288032 0.026719
v 1.474343 -0.559061 0.031390
v 1.416880 -0.289586 0.011409
v 1.462824 -0.560572 0.019685
v 1.422938 -0.288032 -0.003901
v 1.462824 -0.560572 0.003133
v 1.437561 -0.284280 -0.010244
v 1.474343 -0.559061 -0.008572
v 1.490632 -0.556923 -0.008572
v 1.520744 -0.815148 0.011409
v 1.521538 -1.064255 0.003133
v 1.514425 -0.815484 -0.003901
v 1.514425 -0.815484 0.026719
v 1.521538 -1.064255 0.019686
v 1.499173 -0.816294 0.033062
v 1.509833 -1.064255 0.031390
v 1.483921 -0.817104 0.026719
v 1.493281 -1.064255 0.031390
v 1.477603 -0.817439 0.011409
v 1.481576 -1.064255 0.019686
v 1.483921 -0.817104 -0.003901
v 1.481576 -1.064255 0.003133
v 1.499173 -0.816294 -0.010243
v 1.493281 -1.064255 -0.008572
v 1.509833 -1.064255 -0.008572
v -1.524575 -1.064254 1.502411
v -1.523781 -0.815148 1.510687
v -1.505189 -0.555412 1.502411
v -1.517463 -0.815484 1.495377
v -1.524576 -1.064254 1.518963
v -1.517463 -0.815484 1.525997
v -1.505189 -0.555412 1.518963
v -1.512870 -1.064254 1.530668
v -1.502211 -0.816293 1.532339
v -1.493670 -0.556923 1.530668
v -1.496318 -1.064254 1.530668
v -1.486958 -0.817103 1.525997
v -1.477380 -0.559060 1.530668
v -1.484613 -1.064254 1.518963
v -1.480640 -0.817439 1.510687
v -1.465861 -0.560572 1.518963
v -1.484613 -1.064254 1.502411
v -1.486958 -0.817103 1.495376
v -1.465862 -0.560572 1.502411
v -1.496318 -1.064254 1.490705
v -1.502210 -0.816293 1.489034
v -1.477380 -0.559060 1.490705
v -1.512870 -1.064254 1.490706
v -1.493670 -0.556923 1.490705
v -1.461280 -0.278973 1.510687
v -1.372920 -0.003393 1.502410
v -1.455222 -0.280527 1.495376
v -1.455222 -0.280527 1.525997
v -1.372920 -0.003393 1.518963
v -1.440599 -0.284279 1.532339
v -1.362390 -0.007950 1.530668
v -1.425976 -0.288031 1.525997
v -1.347499 -0.014394 1.530668
v -1.419918 -0.289586 1.510686
v -1.336969 -0.018951 1.518963
v -1.425976 -0.288031 1.495376
v -1.336968 -0.018951 1.502410
v -1.440599 -0.284279 1.489034
v -1.347499 -0.014394 1.490705
v -1.362390 -0.007950 1.490705
v -1.237034 0.253811 1.510687
v -1.051156 0.477858 1.502410
v -1.231896 0.250364 1.495376
v -1.231896 0.250364 1.525997
v -1.051156 0.477858 1.518962
v -1.219491 0.242044 1.532339
v -1.043090 0.469791 1.530667
v -1.207086 0.233723 1.525997
v -1.031683 0.458384 1.530667
v -1.201948 0.230276 1.510686
v -1.023615 0.450317 1.518962
v -1.207086 0.233723 1.495376
v -1.023616 0.450317 1.502410
v -1.219491 0.242043 1.489034
v -1.031682 0.458384 1.490705
v -1.043090 0.469791 1.490705
v -0.827066 0.663738 1.510686
v -0.569578 0.799638 1.502410
v -0.823632 0.658599 1.495376
v -0.823631 0.658599 1.525996
v -0.569578 0.799638 1.518962
v -0.815342 0.646193 1.532339
v -0.565213 0.789098 1.530667
v -0.807053 0.633787 1.525997
v -0.559039 0.774194 1.530667
v -0.803618 0.628647 1.510686
v -0.554674 0.763654 1.518962
v -0.807052 0.633787 1.495376
v -0.554674 0.763654 1.502410
v -0.815342 0.646193 1.489033
v -0.559039 0.774194 1.490705
v -0.565213 0.789098 1.490705
v -0.291412 0.885613 1.510686
v -0.001519 0.912632 1.502410
v -0.290206 0.879551 1.495376
v -0.290206 0.879551 1.525996
v -0.001519 0.912632 1.518962
v -0.287296 0.864917 1.532339
v -0.001519 0.901224 1.530667
v -0.284385 0.850283 1.525996
v -0.001519 0.885091 1.530667
v -0.283179 0.844220 1.510686
v -0.001519 0.873683 1.518962
v -0.284385 0.850283 1.495376
v -0.001519 0.873683 1.502410
v -0.287296 0.864917 1.489033
v -0.001519 0.885091 1.490705
v -0.001519 0.901224 1.490705
v 0.288375 0.885613 1.510686
v 0.566541 0.799638 1.502410
v 0.287169 0.879551 1.495376
v 0.287169 0.879551 1.525996
v 0.566541 0.799638 1.518962
v 0.284258 0.864917 1.532339
v 0.562175 0.789098 1.530667
v 0.281347 0.850283 1.525996
v 0.556002 0.774194 1.530667
v 0.280141 0.844220 1.510686
v 0.551636 0.763654 1.518962
v 0.281347 0.850283 1.495376
v 0.551636 0.763654 1.502410
v 0.284258 0.864917 1.489033
v 0.556002 0.774194 1.490705
v 0.562175 0.789098 1.490705
v 0.824028 0.663738 1.510686
v 1.048119 0.477858 1.502410
v 0.820594 0.658599 1.495376
v 0.820594 0.658599 1.525996
v 1.048119 0.477857 1.518962
v 0.812304 0.646193 1.532339
v 1.040052 0.469791 1.530667
v 0.804015 0.633787 1.525996
v 1.028645 0.458384 1.530667
v 0.800581 0.628647 1.510686
v 1.020578 0.450317 1.518962
v 0.804015 0.633787 1.495376
v 1.020578 0.450317 1.502410
v 0.812304 0.646193 1.489033
v 1.028645 0.458384 1.490705
v 1.040052 0.469791 1.490705
v 1.233997 0.253811 1.510686
v 1.369883 -0.003394 1.502410
v 1.228858 0.250364 1.495376
v 1.228858 0.250364 1.525996
v 1.369883 -0.003394 1.518962
v 1.216454 0.242043 1.532339
v 1.359352 -0.007951 1.530667
v 1.204049 0.233723 1.525996
v 1.344461 -0.014395 1.530667
v 1.198910 0.230275 1.510686
v 1.333931 -0.018951 1.518962
v 1.204049 0.233723 1.495376
v 1.333931 -0.018951 1.502410
v 1.216454 0.242043 1.489033
v 1.344461 -0.014395 1.490705
v 1.359352 -0.007951 1.490705
v 1.458242 -0.278973 1.510686
v 1.502151 -0.555412 1.502410
v 1.452184 -0.280528 1.495376
v 1.452184 -0.280528 1.525996
v 1.502151 -0.555412 1.518963
v 1.437561 -0.284280 1.532339
v 1.490632 -0.556923 1.530668
v 1.422938 -0.288032 1.525996
v 1.474343 -0.559060 1.530667
v 1.416880 -0.289586 1.510686
v 1.462824 -0.560572 1.518963
v 1.422938 -0.288032 1.495376
v 1.462824 -0.560572 1.502410
v 1.437561 -0.284280 1.489034
v 1.474343 -0.559060 1.490705
v 1.490632 -0.556923 1.490705
v 1.520744 -0.815148 1.510686
v 1.521538 -1.064254 1.502410
v 1.514425 -0.815484 1.495376
v 1.514425 -0.815484 1.525997
v 1.521538 -1.064254 1.518963
v 1.499173 -0.816294 1.532339
v 1.509833 -1.064254 1.530668
v 1.483921 -0.817103 1.525997
v 1.493281 -1.064254 1.530668
v 1.477603 -0.817439 1.510687
v 1.481576 -1.064254 1.518963
v 1.483921 -0.817103 1.495376
v 1.481576 -1.064254 1.502410
v 1.499173 -0.816294 1.489034
v 1.493281 -1.064254 1.490705
v 1.509833 -1.064254 1.490705
v -1.524575 -1.064254 3.001688
v -1.523781 -0.815148 3.009964
v -1.505189 -0.555411 3.001688
v -1.517463 -0.815483 2.994654
v -1.524576 -1.064254 3.018240
v -1.517463 -0.815483 3.025274
v -1.505189 -0.555411 3.018240
v -1.512870 -1.064254 3.029945
v -1.502211 -0.816293 3.031616
v -1.493670 -0.556923 3.029945
v -1.496318 -1.064254 3.029945
v -1.486958 -0.817103 3.025274
v -1.477380 -0.559060 3.029945
v -1.484613 -1.064254 3.018240
v -1.480640 -0.817439 3.009964
v -1.465861 -0.560571 3.018240
v -1.484613 -1.064254 3.001688
v -1.486958 -0.817103 2.994654
v -1.465862 -0.560571 3.001687
v -1.496318 -1.064254 2.989983
v -1.502210 -0.816293 2.988311
v -1.477380 -0.559060 2.989983
v -1.512870 -1.064254 2.989983
v -1.493670 -0.556923 2.989983
v -1.461280 -0.278973 3.009964
v -1.372920 -0.003393 3.001687
v -1.455222 -0.280527 2.994654
v -1.455222 -0.280527 3.025274
v -1.372920 -0.003393 3.018239
v -1.440599 -0.284279 3.031616
v -1.362390 -0.007950 3.029945
v -1.425976 -0.288031 3.025274
v -1.347499 -0.014394 3.029945
v -1.419918 -0.289585 3.009964
v -1.336969 -0.018951 3.018239
v -1.425976 -0.288031 2.994653
v -1.336968 -0.018951 3.001688
v -1.440599 -0.284279 2.988311
v -1.347499 -0.014394 2.989982
v -1.362390 -0.007950 2.989982
v -1.237034 0.253812 3.009964
v -1.051156 0.477858 3.001687
v -1.231896 0.250365 2.994654
v -1.231896 0.250365 3.025273
v -1.051156 0.477858 3.018239
v -1.219491 0.242044 3.031616
v -1.043090 0.469791 3.029945
v -1.207086 0.233723 3.025274
v -1.031683 0.458384 3.029945
v -1.201948 0.230276 3.009963
v -1.023615 0.450317 3.018239
v -1.207086 0.233723 2.994653
v -1.023616 0.450317 3.001687
v -1.219491 0.242044 2.988311
v -1.031682 0.458384 2.989982
v -1.043090 0.469791 2.989982
v -0.827066 0.663739 3.009964
v -0.569578 0.799638 3.001687
v -0.823632 0.658599 2.994653
v -0.823631 0.658599 3.025273
v -0.569578 0.799638 3.018239
v -0.815342 0.646193 3.031616
v -0.565213 0.789098 3.029944
v -0.807053 0.633787 3.025274
v -0.559039 0.774194 3.029945
v -0.803618 0.628647 3.009963
v -0.554674 0.763654 3.018239
v -0.807052 0.633787 2.994653
v -0.554674 0.763654 3.001687
v -0.815342 0.646193 2.988311
v -0.559039 0.774194 2.989982
v -0.565213 0.789098 2.989982
v -0.291412 0.885613 3.009963
v -0.001519 0.912632 3.001687
v -0.290206 0.879551 2.994653
v -0.290206 0.879551 3.025273
v -0.001519 0.912632 3.018239
v -0.287296 0.864917 3.031616
v -0.001519 0.901224 3.029944
v -0.284385 0.850283 3.025274
v -0.001519 0.885092 3.029945
v -0.283179 0.844220 3.009963
v -0.001519 0.873683 3.018239
v -0.284385 0.850283 2.994653
v -0.001519 0.873683 3.001687
v -0.287296 0.864917 2.988311
v -0.001519 0.885092 2.989982
v -0.001519 0.901224 2.989982
v 0.288375 0.885613 3.009963
v 0.566541 0.799638 3.001687
v 0.287169 0.879551 2.994653
v 0.287169 0.879551 3.025273
v 0.566541 0.799638 3.018239
v 0.284258 0.864917 3.031616
v 0.562175 0.789098 3.029944
v 0.281347 0.850283 3.025274
v 0.556002 0.774194 3.029945
v 0.280141 0.844220 3.009963
v 0.551636 0.763654 3.018239
v 0.281347 0.850283 2.994653
v 0.551636 0.763654 3.001687
v 0.284258 0.864917 2.988311
v 0.556002 0.774194 2.989982
v 0.562175 0.789098 2.989982
v 0.824028 0.663738 3.009963
v 1.048119 0.477858 3.001687
v 0.820594 0.658599 2.994653
v 0.820594 0.658599 3.025273
v 1.048119 0.477858 3.018239
v 0.812304 0.646193 3.031616
v 1.040052 0.469791 3.029944
v 0.804015 0.633787 3.025273
v 1.028645 0.458384 3.029945
v 0.800581 0.628647 3.009963
v 1.020578 0.450317 3.018239
v 0.804015 0.633787 2.994653
v 1.020578 0.450317 3.001687
v 0.812304 0.646193 2.988311
v 1.028645 0.458384 2.989982
v 1.040052 0.469791 2.989982
v 1.233997 0.253812 3.009963
v 1.369883 -0.003394 3.001687
v 1.228858 0.250364 2.994653
v 1.228858 0.250364 3.025273
v 1.369883 -0.003393 3.018239
v 1.216454 0.242044 3.031616
v 1.359352 -0.007950 3.029944
v 1.204049 0.233723 3.025274
v 1.344461 -0.014394 3.029945
v 1.198910 0.230276 3.009963
v 1.333931 -0.018951 3.018239
v 1.204049 0.233723 2.994653
v 1.333931 -0.018951 3.001687
v 1.216454 0.242043 2.988311
v 1.344461 -0.014394 2.989982
v 1.359352 -0.007950 2.989982
v 1.458242 -0.278973 3.009963
v 1.502151 -0.555411 3.001688
v 1.452184 -0.280527 2.994653
v 1.452184 -0.280527 3.025273
v 1.502151 -0.555412 3.018240
v 1.437561 -0.284279 3.031616
v 1.490632 -0.556923 3.029945
v 1.422938 -0.288031 3.025274
v 1.474343 -0.559060 3.029945
v 1.416880 -0.289586 3.009963
v 1.462824 -0.560572 3.018239
v 1.422938 -0.288031 2.994653
v 1.462824 -0.560572 3.001688
v 1.437561 -0.284279 2.988311
v 1.474343 -0.559060 2.989983
v 1.490632 -0.556923 2.989982
v 1.520744 -0.815148 3.009964
v 1.521538 -1.064254 3.001687
v 1.514425 -0.815483 2.994653
v 1.514425 -0.815483 3.025274
v 1.521538 -1.064254 3.018240
v 1.499173 -0.816293 3.031616
v 1.509833 -1.064254 3.029945
v 1.483921 -0.817103 3.025274
v 1.493281 -1.064254 3.029945
v 1.477603 -0.817439 3.009963
v 1.481576 -1.064254 3.018239
v 1.483921 -0.817103 2.994653
v 1.481576 -1.064254 3.001687
v 1.499173 -0.816293 2.988311
v 1.493281 -1.064254 2.989982
v 1.509833 -1.064254 2.989982
v -1.524575 -1.064254 4.500965
v -1.523781 -0.815148 4.509241
v -1.505189 -0.555411 4.500965
v -1.517463 -0.815483 4.493931
v -1.524576 -1.064254 4.517517
v -1.517463 -0.815483 4.524551
v -1.505189 -0.555411 4.517518
v -1.512870 -1.064254 4.529222
v -1.502211 -0.816293 4.530894
v -1.493670 -0.556923 4.529222
v -1.496318 -1.064254 4.529222
v -1.486958 -0.817103 4.524551
v -1.477380 -0.559060 4.529222
v -1.484613 -1.064254 4.517517
v -1.480640 -0.817438 4.509241
v -1.465861 -0.560571 4.517517
v -1.484613 -1.064254 4.500965
v -1.486958 -0.817103 4.493931
v -1.465862 -0.560571 4.500965
v -1.496318 -1.064254 4.489260
v -1.502210 -0.816293 4.487588
v -1.477380 -0.559060 4.489260
v -1.512870 -1.064254 4.489260
v -1.493670 -0.556923 4.489260
v -1.461280 -0.278972 4.509242
v -1.372920 -0.003393 4.500965
v -1.455222 -0.280527 4.493931
v -1.455222 -0.280527 4.524551
v -1.372920 -0.003393 4.517517
v -1.440599 -0.284279 4.530894
v -1.362390 -0.007950 4.529222
v -1.425976 -0.288031 4.524551
v -1.347499 -0.014394 4.529222
v -1.419918 -0.289585 4.509241
v -1.336969 -0.018951 4.517517
v -1.425976 -0.288031 4.493930
v -1.336968 -0.018951 4.500965
v -1.440599 -0.284279 4.487588
v -1.347499 -0.014394 4.489259
v -1.362390 -0.007950 4.489260
v -1.237034 0.253812 4.509241
v -1.051156 0.477858 4.500964
v -1.231896 0.250365 4.493930
v -1.231896 0.250365 4.524551
v -1.051156 0.477858 4.517517
v -1.219491 0.242044 4.530893
v -1.043090 0.469792 4.529222
v -1.207086 0.233723 4.524551
v -1.031683 0.458384 4.529222
v -1.201948 0.230276 4.509241
v -1.023615 0.450318 4.517517
v -1.207086 0.233723 4.493930
v -1.023616 0.450317 4.500964
v -1.219491 0.242044 4.487588
v -1.031682 0.458384 4.489259
v -1.043090 0.469791 4.489260
v -0.827066 0.663739 4.509241
v -0.569578 0.799638 4.500964
v -0.823632 0.658599 4.493930
v -0.823631 0.658599 4.524550
v -0.569578 0.799638 4.517517
v -0.815342 0.646193 4.530893
v -0.565213 0.789099 4.529222
v -0.807053 0.633787 4.524550
v -0.559039 0.774194 4.529222
v -0.803618 0.628648 4.509240
v -0.554674 0.763655 4.517517
v -0.807052 0.633787 4.493930
v -0.554674 0.763655 4.500964
v -0.815342 0.646193 4.487588
v -0.559039 0.774194 4.489259
v -0.565213 0.789098 4.489260
v -0.291412 0.885614 4.509241
v -0.001519 0.912632 4.500964
v -0.290206 0.879551 4.493930
v -0.290206 0.879551 4.524550
v -0.001519 0.912632 4.517517
v -0.287296 0.864917 4.530893
v -0.001519 0.901224 4.529222
v -0.284385 0.850283 4.524550
v -0.001519 0.885092 4.529222
v -0.283179 0.844221 4.509240
v -0.001519 0.873684 4.517517
v -0.284385 0.850283 4.493930
v -0.001519 0.873684 4.500964
v -0.287296 0.864917 4.487588
v -0.001519 0.885092 4.489259
v -0.001519 0.901224 4.489260
v 0.288375 0.885614 4.509241
v 0.566541 0.799638 4.500964
v 0.287169 0.879551 4.493930
v 0.287169 0.879551 4.524550
v 0.566541 0.799638 4.517517
v 0.284258 0.864917 4.530893
v 0.562175 0.789099 4.529222
v 0.281347 0.850283 4.524550
v 0.556002 0.774194 4.529222
v 0.280141 0.844221 4.509240
v 0.551636 0.763655 4.517516
v 0.281347 0.850283 4.493930
v 0.551636 0.763655 4.500964
v 0.284258 0.864917 4.487588
v 0.556002 0.774194 4.489259
v 0.562175 0.789098 4.489260
v 0.824028 0.663739 4.509241
v 1.048119 0.477858 4.500964
v 0.820594 0.658599 4.493930
v 0.820594 0.658599 4.524550
v 1.048119 0.477858 4.517517
v 0.812304 0.646193 4.530893
v 1.040052 0.469792 4.529221
v 0.804015 0.633787 4.524550
v 1.028645 0.458384 4.529222
v 0.800581 0.628647 4.509240
v 1.020578 0.450318 4.517516
v 0.804015 0.633787 4.493930
v 1.020578 0.450317 4.500964
v 0.812304 0.646193 4.487588
v 1.028645 0.458384 4.489259
v 1.040052 0.469791 4.489260
v 1.233997 0.253812 4.509241
v 1.369883 -0.003393 4.500965
v 1.228858 0.250365 4.493930
v 1.228858 0.250365 4.524550
v 1.369883 -0.003393 4.517517
v 1.216454 0.242044 4.530893
v 1.359352 -0.007950 4.529221
v 1.204049 0.233723 4.524551
v 1.344461 -0.014394 4.529222
v 1.198910 0.230276 4.509241
v 1.333931 -0.018951 4.517517
v 1.204049 0.233723 4.493930
v 1.333931 -0.018951 4.500965
v 1.216454 0.242044 4.487588
v 1.344461 -0.014394 4.489259
v 1.359352 -0.007950 4.489260
v 1.458242 -0.278973 4.509241
v 1.502151 -0.555411 4.500965
v 1.452184 -0.280527 4.493930
v 1.452184 -0.280527 4.524551
v 1.502151 -0.555411 4.517517
v 1.437561 -0.284279 4.530893
v 1.490632 -0.556923 4.529222
v 1.422938 -0.288031 4.524551
v 1.474343 -0.559060 4.529222
v 1.416880 -0.289585 4.509241
v 1.462824 -0.560571 4.517517
v 1.422938 -0.288031 4.493930
v 1.462824 -0.560571 4.500965
v 1.437561 -0.284279 4.487588
v 1.474343 -0.559060 4.489259
v 1.490632 -0.556923 4.489260
v 1.520744 -0.815148 4.509241
v 1.521538 -1.064254 4.500965
v 1.514425 -0.815483 4.493930
v 1.514425 -0.815483 4.524551
v 1.521538 -1.064254 4.517517
v 1.499173 -0.816293 4.530893
v 1.509833 -1.064254 4.529222
v 1.483921 -0.817103 4.524550
v 1.493281 -1.064254 4.529222
v 1.477603 -0.817438 4.509241
v 1.481576 -1.064254 4.517517
v 1.483921 -0.817103 4.493931
v 1.481576 -1.064254 4.500965
v 1.499173 -0.816293 4.487588
v 1.493281 -1.064254 4.489259
v 1.509833 -1.064254 4.489260
v -1.524575 -1.064254 6.000242
v -1.523781 -0.815147 6.008518
v -1.505189 -0.555411 6.000242
v -1.517463 -0.815483 5.993208
v -1.524576 -1.064254 6.016795
v -1.517463 -0.815483 6.023828
v -1.505189 -0.555411 6.016793
v -1.512870 -1.064254 6.028500
v -1.502211 -0.816293 6.030171
v -1.493670 -0.556922 6.028500
v -1.496318 -1.064254 6.028499
v -1.486958 -0.817103 6.023828
v -1.477380 -0.559060 6.028499
v -1.484613 -1.064254 6.016795
v -1.480640 -0.817438 6.008518
v -1.465861 -0.560571 6.016794
v -1.484613 -1.064254 6.000242
v -1.486958 -0.817103 5.993208
v -1.465862 -0.560571 6.000242
v -1.496318 -1.064254 5.988537
v -1.502210 -0.816293 5.986865
v -1.477380 -0.559060 5.988537
v -1.512870 -1.064254 5.988537
v -1.493670 -0.556922 5.988537
v -1.461280 -0.278972 6.008517
v -1.372920 -0.003393 6.000241
v -1.455222 -0.280527 5.993208
v -1.455222 -0.280527 6.023828
v -1.372920 -0.003393 6.016793
v -1.440599 -0.284279 6.030170
v -1.362390 -0.007950 6.028500
v -1.425976 -0.288031 6.023828
v -1.347499 -0.014394 6.028499
v -1.419918 -0.289585 6.008518
v -1.336969 -0.018951 6.016793
v -1.425976 -0.288031 5.993208
v -1.336968 -0.018950 6.000241
v -1.440599 -0.284279 5.986866
v -1.347499 -0.014394 5.988537
v -1.362390 -0.007950 5.988537
v -1.237034 0.253812 6.008517
v -1.051156 0.477858 6.000241
v -1.231896 0.250365 5.993208
v -1.231896 0.250365 6.023828
v -1.051156 0.477858 6.016793
v -1.219491 0.242044 6.030170
v -1.043090 0.469792 6.028500
v -1.207086 0.233723 6.023828
v -1.031683 0.458384 6.028499
v -1.201948 0.230276 6.008517
v -1.023615 0.450318 6.016793
v -1.207086 0.233723 5.993208
v -1.023616 0.450318 6.000241
v -1.219491 0.242044 5.986866
v -1.031682 0.458385 5.988537
v -1.043090 0.469792 5.988536
v -0.827066 0.663739 6.008517
v -0.569578 0.799639 6.000241
v -0.823632 0.658600 5.993208
v -0.823631 0.658600 6.023828
v -0.569578 0.799638 6.016793
v -0.815342 0.646194 6.030170
v -0.565213 0.789099 6.028499
v -0.807053 0.633787 6.023828
v -0.559039 0.774195 6.028499
v -0.803618 0.628648 6.008517
v -0.554674 0.763655 6.016793
v -0.807052 0.633787 5.993208
v -0.554674 0.763655 6.000241
v -0.815342 0.646193 5.986866
v -0.559039 0.774194 5.988537
v -0.565213 0.789099 5.988536
v -0.291412 0.885614 6.008517
v -0.001519 0.912632 6.000241
v -0.290206 0.879552 5.993207
v -0.290206 0.879552 6.023828
v -0.001519 0.912632 6.016793
v -0.287296 0.864918 6.030170
v -0.001519 0.901224 6.028499
v -0.284385 0.850284 6.023828
v -0.001519 0.885092 6.028499
v -0.283179 0.844221 6.008517
v -0.001519 0.873684 6.016793
v -0.284385 0.850283 5.993207
v -0.001519 0.873684 6.000241
v -0.287296 0.864917 5.986866
v -0.001519 0.885092 5.988537
v -0.001519 0.901224 5.988536
v 0.288375 0.885614 6.008517
v 0.566541 0.799638 6.000241
v 0.287169 0.879551 5.993207
v 0.287169 0.879552 6.023828
v 0.566541 0.799638 6.016793
v 0.284258 0.864918 6.030170
v 0.562175 0.789099 6.028499
v 0.281347 0.850284 6.023828
v 0.556002 0.774194 6.028499
v 0.280141 0.844221 6.008517
v 0.551636 0.763655 6.016793
v 0.281347 0.850283 5.993207
v 0.551636 0.763655 6.000241
v 0.284258 0.864917 5.986866
v 0.556002 0.774194 5.988537
v 0.562175 0.789099 5.988536
v 0.824028 0.663739 6.008517
v 1.048119 0.477859 6.000241
v 0.820594 0.658600 5.993208
v 0.820594 0.658600 6.023828
v 1.048119 0.477858 6.016793
v 0.812304 0.646194 6.030170
v 1.040052 0.469792 6.028499
v 0.804015 0.633787 6.023828
v 1.028645 0.458384 6.028499
v 0.800581 0.628648 6.008517
v 1.020578 0.450318 6.016793
v 0.804015 0.633787 5.993208
v 1.020578 0.450318 6.000241
v 0.812304 0.646193 5.986866
v 1.028645 0.458384 5.988537
v 1.040052 0.469792 5.988536
v 1.233997 0.253812 6.008517
v 1.369883 -0.003393 6.000241
v 1.228858 0.250365 5.993208
v 1.228858 0.250365 6.023828
v 1.369883 -0.003393 6.016793
v 1.216454 0.242044 6.030170
v 1.359352 -0.007950 6.028500
v 1.204049 0.233723 6.023828
v 1.344461 -0.014394 6.028499
v 1.198910 0.230276 6.008517
v 1.333931 -0.018951 6.016793
v 1.204049 0.233723 5.993208
v 1.333931 -0.018951 6.000241
v 1.216454 0.242044 5.986866
v 1.344461 -0.014394 5.988537
v 1.359352 -0.007950 5.988536
v 1.458242 -0.278972 6.008517
v 1.502151 -0.555411 6.000241
v 1.452184 -0.280527 5.993208
v 1.452184 -0.280527 6.023828
v 1.502151 -0.555411 6.016793
v 1.437561 -0.284279 6.030170
v 1.490632 -0.556922 6.028500
v 1.422938 -0.288031 6.023828
v 1.474343 -0.559060 6.028499
v 1.416880 -0.289585 6.008517
v 1.462824 -0.560571 6.016793
v 1.422938 -0.288031 5.993208
v 1.462824 -0.560571 6.000241
v 1.437561 -0.284279 5.986866
v 1.474343 -0.559060 5.988537
v 1.490632 -0.556922 5.988536
v 1.520744 -0.815147 6.008518
v 1.521538 -1.064254 6.000242
v 1.514425 -0.815483 5.993207
v 1.514425 -0.815483 6.023828
v 1.521538 -1.064254 6.016794
v 1.499173 -0.816293 6.030170
v 1.509833 -1.064254 6.028499
v 1.483921 -0.817103 6.023828
v 1.493281 -1.064254 6.028499
v 1.477603 -0.817438 6.008518
v 1.481576 -1.064254 6.016794
v 1.483921 -0.817103 5.993208
v 1.481576 -1.064254 6.000242
v 1.499173 -0.816293 5.986866
v 1.493281 -1.064254 5.988537
v 1.509833 -1.064254 5.988537
v -1.522116 -0.815237 0.003134
v -1.522116 -0.815237 0.019686
v -1.510455 -0.815856 0.031391
v -1.493966 -0.816732 0.031391
v -1.482305 -0.817351 0.019686
v -1.482305 -0.817351 0.003134
v -1.493966 -0.816732 -0.008572
v -1.510455 -0.815856 -0.008572
v -1.459683 -0.279383 0.003133
v -1.459683 -0.279383 0.019685
v -1.448503 -0.282251 0.031390
v -1.432694 -0.286308 0.031390
v -1.421515 -0.289176 0.019685
v -1.421514 -0.289176 0.003133
v -1.432694 -0.286308 -0.008572
v -1.448503 -0.282251 -0.008572
v -1.235680 0.252903 0.003133
v -1.235680 0.252903 0.019685
v -1.226197 0.246541 0.031390
v -1.212786 0.237545 0.031390
v -1.203302 0.231184 0.019685
v -1.203302 0.231184 0.003133
v -1.212786 0.237545 -0.008572
v -1.226197 0.246541 -0.008572
v -0.826161 0.662384 0.003133
v -0.826161 0.662384 0.019685
v -0.819823 0.652899 0.031390
v -0.810861 0.639486 0.031390
v -0.804523 0.630001 0.019685
v -0.804523 0.630002 0.003133
v -0.810861 0.639486 -0.008572
v -0.819823 0.652899 -0.008572
v -0.291095 0.884015 0.003133
v -0.291094 0.884015 0.019685
v -0.288869 0.872827 0.031390
v -0.285722 0.857006 0.031390
v -0.283496 0.845818 0.019685
v -0.283497 0.845818 0.003133
v -0.285722 0.857006 -0.008572
v -0.288869 0.872827 -0.008572
v 0.288057 0.884015 0.003133
v 0.288057 0.884015 0.019685
v 0.285832 0.872827 0.031390
v 0.282685 0.857006 0.031390
v 0.280459 0.845818 0.019685
v 0.280459 0.845818 0.003133
v 0.282684 0.857006 -0.008573
v 0.285831 0.872827 -0.008573
v 0.823123 0.662384 0.003133
v 0.823123 0.662384 0.019685
v 0.816785 0.652899 0.031390
v 0.807823 0.639486 0.031390
v 0.801486 0.630001 0.019685
v 0.801486 0.630002 0.003133
v 0.807823 0.639486 -0.008572
v 0.816786 0.652899 -0.008572
v 1.232643 0.252903 0.003133
v 1.232643 0.252903 0.019685
v 1.223159 0.246541 0.031390
v 1.209748 0.237545 0.031390
v 1.200265 0.231184 0.019685
v 1.200265 0.231184 0.003133
v 1.209748 0.237545 -0.008572
v 1.223159 0.246541 -0.008572
v 1.456646 -0.279383 0.003133
v 1.456646 -0.279383 0.019685
v 1.445466 -0.282252 0.031390
v 1.429657 -0.286308 0.031390
v 1.418477 -0.289177 0.019685
v 1.418477 -0.289176 0.003133
v 1.429657 -0.286308 -0.008572
v 1.445466 -0.282252 -0.008572
v 1.519078 -0.815237 0.003133
v 1.519078 -0.815237 0.019685
v 1.507418 -0.815856 0.031390
v 1.490928 -0.816732 0.031390
v 1.479268 -0.817351 0.019685
v 1.479268 -0.817351 0.003133
v 1.490928 -0.816732 -0.008572
v 1.507418 -0.815856 -0.008572
v -1.522116 -0.815237 1.502411
v -1.522116 -0.815237 1.518963
v -1.510455 -0.815856 1.530668
v -1.493966 -0.816731 1.530668
v -1.482305 -0.817350 1.518963
v -1.482305 -0.817350 1.502411
v -1.493966 -0.816731 1.490705
v -1.510455 -0.815856 1.490705
v -1.459683 -0.279383 1.502410
v -1.459683 -0.279383 1.518963
v -1.448503 -0.282251 1.530668
v -1.432694 -0.286307 1.530668
v -1.421515 -0.289176 1.518963
v -1.421514 -0.289176 1.502410
v -1.432694 -0.286308 1.490705
v -1.448503 -0.282251 1.490705
v -1.235680 0.252903 1.502410
v -1.235680 0.252903 1.518962
v -1.226197 0.246542 1.530668
v -1.212786 0.237546 1.530668
v -1.203302 0.231184 1.518963
v -1.203302 0.231184 1.502410
v -1.212786 0.237545 1.490705
v -1.226197 0.246542 1.490705
v -0.826161 0.662384 1.502410
v -0.826161 0.662384 1.518962
v -0.819823 0.652899 1.530667
v -0.810861 0.639487 1.530667
v -0.804523 0.630002 1.518963
v -0.804523 0.630002 1.502410
v -0.810861 0.639486 1.490705
v -0.819823 0.652899 1.490705
v -0.291095 0.884016 1.502410
v -0.291094 0.884016 1.518962
v -0.288869 0.872827 1.530667
v -0.285722 0.857006 1.530667
v -0.283496 0.845818 1.518962
v -0.283497 0.845818 1.502410
v -0.285722 0.857006 1.490705
v -0.288869 0.872827 1.490705
v 0.288057 0.884016 1.502410
v 0.288057 0.884015 1.518962
v 0.285832 0.872827 1.530667
v 0.282685 0.857006 1.530667
v 0.280459 0.845818 1.518962
v 0.280459 0.845818 1.502410
v 0.282684 0.857006 1.490705
v 0.285831 0.872827 1.490705
v 0.823123 0.662384 1.502410
v 0.823123 0.662384 1.518962
v 0.816785 0.652899 1.530667
v 0.807823 0.639486 1.530667
v 0.801486 0.630002 1.518962
v 0.801486 0.630002 1.502410
v 0.807823 0.639486 1.490705
v 0.816786 0.652899 1.490705
v 1.232643 0.252903 1.502410
v 1.232643 0.252903 1.518962
v 1.223159 0.246541 1.530667
v 1.209748 0.237545 1.530667
v 1.200265 0.231184 1.518962
v 1.200265 0.231184 1.502410
v 1.209748 0.237545 1.490705
v 1.223159 0.246541 1.490705
v 1.456646 -0.279383 1.502410
v 1.456646 -0.279383 1.518962
v 1.445466 -0.282251 1.530668
v 1.429657 -0.286308 1.530667
v 1.418477 -0.289176 1.518962
v 1.418477 -0.289176 1.502410
v 1.429657 -0.286308 1.490705
v 1.445466 -0.282251 1.490705
v 1.519078 -0.815237 1.502410
v 1.519078 -0.815237 1.518963
v 1.507418 -0.815856 1.530668
v 1.490928 -0.816731 1.530668
v 1.479268 -0.817351 1.518963
v 1.479268 -0.817351 1.502410
v 1.490928 -0.816731 1.490705
v 1.507418 -0.815856 1.490705
v -1.522116 -0.815236 3.001688
v -1.522116 -0.815236 3.018240
v -1.510455 -0.815856 3.029945
v -1.493966 -0.816731 3.029945
v -1.482305 -0.817350 3.018240
v -1.482305 -0.817350 3.001688
v -1.493966 -0.816731 2.989983
v -1.510455 -0.815856 2.989983
v -1.459683 -0.279382 3.001688
v -1.459683 -0.279382 3.018239
v -1.448503 -0.282251 3.029945
v -1.432694 -0.286307 3.029945
v -1.421515 -0.289176 3.018239
v -1.421514 -0.289176 3.001688
v -1.432694 -0.286307 2.989982
v -1.448503 -0.282251 2.989983
v -1.235680 0.252903 3.001688
v -1.235680 0.252903 3.018239
v -1.226197 0.246542 3.029945
v -1.212786 0.237546 3.029945
v -1.203302 0.231184 3.018239
v -1.203302 0.231184 3.001688
v -1.212786 0.237546 2.989982
v -1.226197 0.246542 2.989982
v -0.826161 0.662384 3.001687
v -0.826161 0.662384 3.018239
v -0.819823 0.652899 3.029945
v -0.810861 0.639487 3.029945
v -0.804523 0.630002 3.018239
v -0.804523 0.630002 3.001688
v -0.810861 0.639487 2.989982
v -0.819823 0.652900 2.989982
v -0.291095 0.884016 3.001687
v -0.291094 0.884016 3.018239
v -0.288869 0.872828 3.029945
v -0.285722 0.857006 3.029945
v -0.283496 0.845818 3.018239
v -0.283497 0.845818 3.001688
v -0.285722 0.857006 2.989982
v -0.288869 0.872828 2.989982
v 0.288057 0.884016 3.001687
v 0.288057 0.884016 3.018239
v 0.285832 0.872828 3.029945
v 0.282685 0.857006 3.029945
v 0.280459 0.845818 3.018239
v 0.280459 0.845818 3.001688
v 0.282684 0.857006 2.989982
v 0.285831 0.872828 2.989982
v 0.823123 0.662384 3.001687
v 0.823123 0.662384 3.018239
v 0.816785 0.652899 3.029945
v 0.807823 0.639487 3.029945
v 0.801486 0.630002 3.018239
v 0.801486 0.630002 3.001688
v 0.807823 0.639487 2.989982
v 0.816786 0.652900 2.989982
v 1.232643 0.252903 3.001687
v 1.232643 0.252903 3.018239
v 1.223159 0.246542 3.029945
v 1.209748 0.237546 3.029945
v 1.200265 0.231184 3.018239
v 1.200265 0.231184 3.001688
v 1.209748 0.237545 2.989982
v 1.223159 0.246542 2.989982
v 1.456646 -0.279383 3.001687
v 1.456646 -0.279383 3.018239
v 1.445466 -0.282251 3.029945
v 1.429657 -0.286307 3.029945
v 1.418477 -0.289176 3.018239
v 1.418477 -0.289176 3.001688
v 1.429657 -0.286308 2.989982
v 1.445466 -0.282251 2.989982
v 1.519078 -0.815236 3.001687
v 1.519078 -0.815236 3.018240
v 1.507418 -0.815856 3.029945
v 1.490928 -0.816731 3.029944
v 1.479268 -0.817350 3.018239
v 1.479268 -0.817350 3.001687
v 1.490928 -0.816731 2.989982
v 1.507418 -0.815856 2.989982
v -1.522116 -0.815236 4.500965
v -1.522116 -0.815236 4.517517
v -1.510455 -0.815855 4.529222
v -1.493966 -0.816731 4.529222
v -1.482305 -0.817350 4.517517
v -1.482305 -0.817350 4.500965
v -1.493966 -0.816731 4.489260
v -1.510455 -0.815855 4.489260
v -1.459683 -0.279382 4.500965
v -1.459683 -0.279382 4.517517
v -1.448503 -0.282251 4.529222
v -1.432694 -0.286307 4.529222
v -1.421515 -0.289176 4.517517
v -1.421514 -0.289176 4.500965
v -1.432694 -0.286307 4.489260
v -1.448503 -0.282251 4.489259
v -1.235680 0.252903 4.500965
v -1.235680 0.252903 4.517517
v -1.226197 0.246542 4.529222
v -1.212786 0.237546 4.529222
v -1.203302 0.231185 4.517517
v -1.203302 0.231185 4.500965
v -1.212786 0.237546 4.489259
v -1.226197 0.246542 4.489259
v -0.826161 0.662384 4.500964
v -0.826161 0.662384 4.517517
v -0.819823 0.652900 4.529222
v -0.810861 0.639487 4.529222
v -0.804523 0.630002 4.517517
v -0.804523 0.630002 4.500964
v -0.810861 0.639487 4.489259
v -0.819823 0.652900 4.489259
v -0.291095 0.884016 4.500964
v -0.291094 0.884016 4.517517
v -0.288869 0.872828 4.529222
v -0.285722 0.857007 4.529222
v -0.283496 0.845818 4.517517
v -0.283497 0.845819 4.500964
v -0.285722 0.857007 4.489259
v -0.288869 0.872828 4.489259
v 0.288057 0.884016 4.500964
v 0.288057 0.884016 4.517516
v 0.285832 0.872828 4.529222
v 0.282685 0.857006 4.529222
v 0.280459 0.845819 4.517517
v 0.280459 0.845818 4.500964
v 0.282684 0.857007 4.489259
v 0.285831 0.872828 4.489259
v 0.823123 0.662384 4.500964
v 0.823123 0.662385 4.517516
v 0.816785 0.652900 4.529222
v 0.807823 0.639487 4.529222
v 0.801486 0.630002 4.517516
v 0.801486 0.630002 4.500964
v 0.807823 0.639487 4.489259
v 0.816786 0.652900 4.489259
v 1.232643 0.252903 4.500964
v 1.232643 0.252903 4.517517
v 1.223159 0.246542 4.529222
v 1.209748 0.237546 4.529222
v 1.200265 0.231184 4.517517
v 1.200265 0.231184 4.500965
v 1.209748 0.237546 4.489259
v 1.223159 0.246542 4.489259
v 1.456646 -0.279382 4.500965
v 1.456646 -0.279382 4.517517
v 1.445466 -0.282251 4.529222
v 1.429657 -0.286307 4.529222
v 1.418477 -0.289176 4.517517
v 1.418477 -0.289176 4.500965
v 1.429657 -0.286307 4.489259
v 1.445466 -0.282251 4.489259
v 1.519078 -0.815236 4.500965
v 1.519078 -0.815236 4.517517
v 1.507418 -0.815855 4.529222
v 1.490928 -0.816731 4.529222
v 1.479268 -0.817350 4.517517
v 1.479268 -0.817350 4.500965
v 1.490928 -0.816731 4.489259
v 1.507418 -0.815855 4.489259
v -1.522116 -0.815236 6.000242
v -1.522116 -0.815236 6.016794
v -1.510455 -0.815855 6.028499
v -1.493966 -0.816731 6.028499
v -1.482305 -0.817350 6.016794
v -1.482305 -0.817350 6.000242
v -1.493966 -0.816731 5.988537
v -1.510455 -0.815855 5.988536
v -1.459683 -0.279382 6.000242
v -1.459683 -0.279382 6.016794
v -1.448503 -0.282250 6.028499
v -1.432694 -0.286307 6.028499
v -1.421515 -0.289175 6.016794
v -1.421514 -0.289175 6.000241
v -1.432694 -0.286307 5.988537
v -1.448503 -0.282250 5.988537
v -1.235680 0.252904 6.000242
v -1.235680 0.252904 6.016794
v -1.226197 0.246542 6.028499
v -1.212786 0.237546 6.028498
v -1.203302 0.231185 6.016793
v -1.203302 0.231185 6.000241
v -1.212786 0.237546 5.988537
v -1.226197 0.246542 5.988537
v -0.826161 0.662385 6.000241
v -0.826161 0.662385 6.016794
v -0.819823 0.652900 6.028499
v -0.810861 0.639487 6.028498
v -0.804523 0.630002 6.016793
v -0.804523 0.630002 6.000240
v -0.810861 0.639487 5.988537
v -0.819823 0.652900 5.988536
v -0.291095 0.884016 6.000241
v -0.291094 0.884016 6.016794
v -0.288869 0.872828 6.028498
v -0.285722 0.857007 6.028498
v -0.283496 0.845819 6.016793
v -0.283497 0.845819 6.000240
v -0.285722 0.857007 5.988536
v -0.288869 0.872828 5.988536
v 0.288057 0.884016 6.000241
v 0.288057 0.884016 6.016793
v 0.285832 0.872828 6.028498
v 0.282685 0.857007 6.028498
v 0.280459 0.845819 6.016793
v 0.280459 0.845819 6.000240
v 0.282684 0.857007 5.988536
v 0.285831 0.872828 5.988536
v 0.823123 0.662385 6.000241
v 0.823123 0.662385 6.016793
v 0.816785 0.652900 6.028499
v 0.807823 0.639487 6.028498
v 0.801486 0.630002 6.016793
v 0.801486 0.630002 6.000240
v 0.807823 0.639487 5.988537
v 0.816786 0.652900 5.988536
v 1.232643 0.252903 6.000241
v 1.232643 0.252903 6.016793
v 1.223159 0.246542 6.028499
v 1.209748 0.237546 6.028498
v 1.200265 0.231185 6.016793
v 1.200265 0.231185 6.000240
v 1.209748 0.237546 5.988537
v 1.223159 0.246542 5.988536
v 1.456646 -0.279382 6.000241
v 1.456646 -0.279382 6.016794
v 1.445466 -0.282251 6.028499
v 1.429657 -0.286307 6.028498
v 1.418477 -0.289176 6.016793
v 1.418477 -0.289176 6.000240
v 1.429657 -0.286307 5.988537
v 1.445466 -0.282251 5.988536
v 1.519078 -0.815236 6.000242
v 1.519078 -0.815236 6.016794
v 1.507418 -0.815855 6.028499
v 1.490928 -0.816731 6.028499
v 1.479268 -0.817350 6.016794
v 1.479268 -0.817350 6.000241
v 1.490928 -0.816731 5.988536
v 1.507418 -0.815855 5.988536
v -1.566452 -0.983255 -0.053134
v -1.566452 -1.084255 -0.053134
v -1.531611 -1.084254 6.041112
v -1.531611 -0.983254 6.041112
v -1.566452 -1.084254 6.075953
v -1.566452 -0.983254 6.075953
v 1.528574 -1.084255 -0.018294
v 1.528574 -0.983255 -0.018294
v -1.531611 -0.983255 -0.018294
v -1.531611 -1.084255 -0.018294
v 1.563414 -0.983254 6.075953
v 1.563414 -1.084254 6.075953
v 1.528574 -0.983254 6.041112
v 1.528574 -1.084254 6.041112
v 1.563414 -1.084255 -0.053134
v 1.563414 -0.983255 -0.053134
v 0.439695 -0.983254 6.041112
v -0.442732 -0.983254 6.041112
v 0.439695 -1.084254 6.041112
v -0.442732 -1.084254 6.041112
v -0.442732 -0.983254 6.075953
v 0.439695 -0.983254 6.075953
v 0.439695 -1.084254 6.075953
v -0.442732 -1.084254 6.075953
v -0.442732 -0.983255 -0.018294
v 0.439695 -0.983255 -0.018294
v 0.439695 -1.084255 -0.018294
v -0.442732 -1.084255 -0.018294
v 0.439695 -0.983255 -0.053134
v -0.442732 -0.983255 -0.053134
v -0.442732 -1.084255 -0.053134
v 0.439695 -1.084255 -0.053134
v -0.495532 -0.983255 -0.053134
v 0.492495 -0.983255 -0.018294
v -0.495532 -0.983255 -0.018294
v 0.492495 -0.983255 -0.053134
v -0.442732 -0.983255 -0.018294
v 0.439695 -0.983255 -0.018294
v 0.439695 -0.983255 -0.053134
v -0.442732 -0.983255 -0.053134
v -0.495532 0.604999 -0.053135
v 0.492495 0.604999 -0.018294
v 0.439695 0.552199 -0.053135
v -0.442732 0.552199 -0.053135
v 0.492495 0.604999 -0.053134
v 0.439695 0.552199 -0.018294
v -0.495532 0.604999 -0.018294
v -0.442732 0.552199 -0.018294
v -0.402732 0.512199 -0.053135
v 0.399695 0.512199 -0.018294
v 0.399695 0.512199 -0.053135
v -0.440732 -1.084255 -0.018294
v 0.437695 -1.084255 -0.018293
v -0.402732 0.512199 -0.018294
v 0.437695 -1.084255 -0.053134
v -0.440732 -1.084255 -0.053134
v -0.440732 0.550199 -0.053135
v 0.437695 0.550199 -0.053134
v 0.437695 0.550199 -0.018294
v -0.440732 0.550199 -0.018294
v -0.402732 -1.046255 -0.018294
v 0.399695 -1.046255 -0.053134
v 0.399695 -1.046255 -0.018293
v -0.402732 -1.046255 -0.053134
v 0.492495 -0.983254 6.041113
v -0.495532 -0.983254 6.075953
v -0.495532 -0.983254 6.041113
v 0.492495 -0.983254 6.075953
v -0.442732 -0.983254 6.041113
v 0.439695 -0.983254 6.041113
v 0.439695 -0.983254 6.075953
v -0.442732 -0.983254 6.075953
v -0.495532 0.605000 6.075953
v 0.492495 0.605000 6.041112
v 0.439695 0.552200 6.075953
v 0.492495 0.605000 6.075953
v 0.439695 0.552200 6.041112
v -0.495532 0.605000 6.041112
v -0.442732 0.552200 6.041112
v -0.402732 -1.046254 6.075953
v 0.399695 -1.046254 6.041112
v 0.399695 -1.046254 6.075953
v -0.402732 -1.046254 6.041113
v -0.440732 0.550200 6.041112
v 0.437695 0.550200 6.041112
v 0.437695 0.550200 6.075953
v -0.440732 -1.084254 6.075953
v 0.437695 -1.084254 6.075953
v 0.437695 -1.084254 6.041112
v -0.440732 -1.084254 6.041113
v 0.399695 0.512200 6.075953
v 0.399695 0.512200 6.041112
v 1.528574 -1.084254 5.490257
v 1.528574 -1.084254 4.939402
v 1.528574 -1.084254 4.388547
v 1.528574 -1.084255 3.837692
v 1.528574 -1.084255 3.286837
v 1.528574 -1.084255 2.735982
v 1.528574 -1.084255 2.185127
v 1.528574 -1.084255 1.634272
v 1.528574 -1.084255 1.083416
v 1.528574 -1.084255 0.532562
v 1.563414 -1.084254 5.518764
v 1.563414 -1.084254 4.961574
v 1.563414 -1.084254 4.404384
v 1.563414 -1.084255 3.847194
v 1.563414 -1.084255 3.290004
v 1.563414 -1.084255 2.732814
v 1.563414 -1.084255 2.175625
v 1.563414 -1.084255 1.618435
v 1.563414 -1.084255 1.061245
v 1.563414 -1.084255 0.504055
v 1.563414 -0.983254 5.518764
v 1.563414 -0.983254 4.961574
v 1.563414 -0.983254 4.404384
v 1.563414 -0.983254 3.847194
v 1.563414 -0.983255 3.290004
v 1.563414 -0.983255 2.732814
v 1.563414 -0.983255 2.175625
v 1.563414 -0.983255 1.618435
v 1.563414 -0.983255 1.061245
v 1.563414 -0.983255 0.504055
v 1.528574 -0.983255 0.532562
v 1.528574 -0.983255 1.083417
v 1.528574 -0.983255 1.634272
v 1.528574 -0.983255 2.185127
v 1.528574 -0.983255 2.735982
v 1.528574 -0.983255 3.286837
v 1.528574 -0.983254 3.837692
v 1.528574 -0.983254 4.388547
v 1.528574 -0.983254 4.939402
v 1.528574 -0.983254 5.490257
v -1.531611 -0.983254 5.490257
v -1.531611 -0.983254 4.939402
v -1.531611 -0.983254 4.388547
v -1.531611 -0.983254 3.837692
v -1.531611 -0.983255 3.286837
v -1.531611 -0.983255 2.735982
v -1.531611 -0.983255 2.185127
v -1.531611 -0.983255 1.634272
v -1.531611 -0.983255 1.083416
v -1.531611 -0.983255 0.532562
v -1.566452 -1.084254 5.518764
v -1.566452 -1.084254 4.961574
v -1.566452 -1.084254 4.404384
v -1.566452 -1.084255 3.847194
v -1.566452 -1.084255 3.290004
v -1.566452 -1.084255 2.732814
v -1.566452 -1.084255 2.175625
v -1.566452 -1.084255 1.618435
v -1.566452 -1.084255 1.061245
v -1.566452 -1.084255 0.504055
v -1.566452 -0.983254 5.518764
v -1.566452 -0.983254 4.961574
v -1.566452 -0.983254 4.404384
v -1.566452 -0.983254 3.847194
v -1.566452 -0.983255 3.290004
v -1.566452 -0.983255 2.732814
v -1.566452 -0.983255 2.175625
v -1.566452 -0.983255 1.618435
v -1.566452 -0.983255 1.061245
v -1.566452 -0.983255 0.504055
v -1.531611 -1.084255 0.532562
v -1.531611 -1.084255 1.083417
v -1.531611 -1.084255 1.634272
v -1.531611 -1.084255 2.185127
v -1.531611 -1.084255 2.735982
v -1.531611 -1.084255 3.286837
v -1.531611 -1.084255 3.837692
v -1.531611 -1.084254 4.388547
v -1.531611 -1.084254 4.939402
v -1.531611 -1.084254 5.490257
v -1.004592 -0.983254 6.075953
v -0.987172 -0.983254 6.041112
v -0.987172 -1.084254 6.041112
v -1.004592 -1.084254 6.075953
v 0.984134 -0.983254 6.041112
v 0.984134 -1.084254 6.041112
v 1.001555 -0.983254 6.075953
v 1.001555 -1.084254 6.075953
v 0.437695 -0.539436 6.075953
v 0.437695 0.005382 6.075953
v 0.399695 -0.526769 6.075953
v 0.399695 -0.007285 6.075953
v 0.399695 -0.526769 6.041112
v 0.399695 -0.007285 6.041112
v 0.437695 0.005382 6.041112
v 0.437695 -0.539436 6.041112
v -0.440732 0.005382 6.041112
v -0.440732 -0.539436 6.041112
v -0.440732 -0.539436 6.075953
v -0.495532 -0.453836 6.041112
v -0.495532 0.075582 6.041112
v -0.442732 0.040382 6.041112
v -0.442732 -0.471436 6.041112
v 0.439695 -0.471436 6.075953
v 0.439695 0.040382 6.075953
v 0.492495 -0.453836 6.041112
v 0.492495 0.075582 6.041112
v 0.492495 0.075582 6.075953
v 0.492495 -0.453836 6.075953
v 0.439695 -0.471436 6.041112
v 0.439695 0.040382 6.041112
v -0.987172 -0.983255 -0.018294
v -0.987172 -1.084255 -0.018294
v -1.004592 -0.983255 -0.053134
v -1.004592 -1.084255 -0.053134
v 1.001555 -0.983255 -0.053134
v 0.984134 -0.983255 -0.018294
v 0.984134 -1.084255 -0.018294
v 1.001555 -1.084255 -0.053134
v -0.495532 0.075581 -0.053135
v -0.495532 -0.453837 -0.053135
v -0.442732 0.040381 -0.053135
v -0.442732 -0.471437 -0.053135
v -0.495532 -0.453837 -0.018294
v -0.495532 0.075581 -0.018294
v -0.442732 0.040381 -0.018294
v -0.442732 -0.471437 -0.018294
v -0.440732 0.005381 -0.018294
v -0.440732 -0.539437 -0.018294
v -0.402732 -0.007286 -0.053135
v -0.402732 -0.526770 -0.053135
v -0.440732 -0.539437 -0.053135
v -0.440732 0.005381 -0.053135
v -0.402732 -0.007286 -0.018294
v -0.402732 -0.526770 -0.018294
v 0.437695 -0.539437 -0.053134
v 0.437695 0.005381 -0.053134
v 0.399695 -0.526770 -0.053135
v 0.399695 -0.007286 -0.053135
v 0.399695 -0.526770 -0.018294
v 0.399695 -0.007286 -0.018294
v 0.437695 0.005381 -0.018294
v 0.437695 -0.539437 -0.018294
v 0.439695 -0.471437 -0.053135
v 0.439695 0.040381 -0.053135
v 0.492495 -0.453837 -0.018294
v 0.492495 0.075581 -0.018294
v 0.492495 0.075581 -0.053134
v 0.492495 -0.453837 -0.053134
v 0.439695 -0.471437 -0.018294
v 0.439695 0.040381 -0.018294
v 1.516711 -0.556991 0.011409
v 0.568472 0.804300 0.011409
v -0.822937 0.657431 1.481613
v -0.821109 0.653863 1.466938
v -1.527660 -0.815921 0.041372
v 1.374543 -0.001377 0.011409
v -1.527147 -0.815921 0.056075
v -1.527660 -0.815580 1.481447
v 1.513981 -0.556991 0.027817
v 1.513981 -0.555444 1.495003
v 1.526738 -1.064254 1.495013
v 1.526738 -1.064254 0.027806
v 0.566444 0.799403 0.027838
v 0.566444 0.799404 1.494980
v 1.047939 0.477679 1.494980
v 1.047939 0.477678 0.027838
v -1.527147 -0.815921 1.466744
v -1.367551 -0.005807 0.041242
v -0.001518 0.912379 1.494980
v -0.001518 0.912378 0.027838
v -1.364510 -0.007707 0.055951
v -1.367551 -0.005807 1.481577
v -1.364510 -0.007707 1.466867
v 1.369651 -0.003494 1.494985
v 1.369651 -0.003494 0.027834
v -1.047053 0.473636 0.041206
v 1.516169 -0.556991 0.018340
v 1.516169 -0.554881 1.504480
v 1.516711 -0.554741 1.511410
v 1.526738 -1.064253 1.504488
v 1.526738 -1.064253 1.511410
v 1.526738 -1.064254 0.018331
v 0.568068 0.803326 0.018357
v 0.568069 0.803326 1.504462
v 0.568472 0.804301 1.511409
v 1.050941 0.480681 1.504462
v 1.051687 0.481427 1.511409
v 1.050941 0.480680 0.018357
v -1.044725 0.470541 0.055896
v -1.047053 0.473637 1.481612
v -1.044725 0.470541 1.466922
v -0.001518 0.916624 1.504462
v -0.001518 0.917679 1.511409
v -0.001519 0.916624 0.018357
v -0.567358 0.794141 1.481614
v -0.566099 0.790221 1.466952
v -0.567358 0.794141 0.041204
v -0.566099 0.790221 0.055866
v -1.529775 -1.064254 1.481430
v -1.529775 -1.064254 1.466730
v 1.373570 -0.001798 1.504465
v 1.374544 -0.001377 1.511409
v 1.373570 -0.001798 0.018353
v -1.529775 -1.064254 0.041389
v -1.529775 -1.064254 0.056090
v -1.514141 -0.556237 1.481482
v -1.512476 -0.556991 1.466776
v -1.514141 -0.556991 0.041337
v -1.512476 -0.556991 0.056043
v -0.798062 0.578165 0.915615
v -0.798062 0.578165 0.607203
v 1.469104 -0.278113 0.011409
v -0.805058 0.605116 1.182708
v 1.236838 0.255717 0.011409
v -0.805058 0.605116 0.340110
v -1.521292 -0.826140 0.916701
v 0.825927 0.666580 0.011409
v -1.521292 -0.826140 0.606119
v -1.522953 -0.822222 1.185673
v 0.288008 0.883767 0.027838
v 0.288008 0.883767 1.494981
v -1.522953 -0.822222 0.337147
v -1.193696 0.190179 0.916168
v 1.464607 -0.279446 0.027826
v 1.464607 -0.279445 1.494994
v -1.193695 0.190179 0.606650
v -1.204202 0.210817 1.184219
v 1.232432 0.252762 0.027838
v 1.232432 0.252762 1.494982
v -1.204202 0.210817 0.338600
v -0.281216 0.788066 0.915192
v -0.281216 0.788066 0.607626
v -0.283666 0.818391 1.181552
v 0.822982 0.662173 0.027838
v 0.822982 0.662173 1.494981
v 1.525512 -0.815921 0.027810
v 1.525512 -0.815249 1.495009
v -0.283666 0.818391 0.341266
v -1.428640 -0.315235 0.916549
v -1.428640 -0.315235 0.606270
v 0.288836 0.887931 0.018357
v 0.288836 0.887931 1.504462
v 0.289042 0.888966 1.511409
v -1.437706 -0.302902 1.185259
v -1.437706 -0.302902 0.337559
v -1.048548 0.436936 0.913991
v 1.468219 -0.278378 0.018347
v 1.468219 -0.278377 1.504472
v 1.469104 -0.278112 1.511409
v -1.048548 0.436936 0.608827
v -1.040844 0.444144 1.180860
v -1.040844 0.444143 0.341960
v 1.235961 0.255129 0.018356
v 1.235961 0.255129 1.504462
v 1.236839 0.255718 1.511409
v -0.550209 0.708162 0.607454
v -0.550209 0.708162 0.915365
v -0.555020 0.737206 0.340795
v -0.555020 0.737207 1.182024
v 0.825340 0.665703 0.018357
v 0.825341 0.665703 1.504462
v 0.825927 0.666580 1.511409
v 1.526185 -0.815921 0.018335
v 1.526185 -0.815018 1.504485
v 1.526352 -0.814961 1.511410
v 1.334963 -0.036318 0.337992
v 1.334963 -0.036317 1.184827
v 1.323271 -0.052967 0.606428
v 1.323271 -0.052967 0.916391
v 1.495866 -0.570087 1.185531
v 1.495866 -0.570088 0.337288
v 1.490459 -0.578090 0.916649
v 1.490459 -0.578090 0.606170
v 1.526738 -1.064254 0.337106
v 1.526738 -1.064254 1.185713
v 1.526738 -1.064254 0.606104
v 1.526738 -1.064254 0.916715
v -0.001518 0.873904 0.345813
v -0.001518 0.873905 1.177006
v -0.001518 0.873486 0.611053
v -0.001518 0.873486 0.911765
v 0.551983 0.737207 1.182024
v 0.551983 0.737206 0.340795
v 0.547172 0.708162 0.915365
v 0.547172 0.708162 0.607454
v 1.037807 0.444143 0.341960
v 1.037807 0.444144 1.180860
v 1.045511 0.436936 0.608827
v 1.045511 0.436936 0.913991
v -1.529775 -1.064254 0.916716
v -1.529775 -1.064254 0.606104
v -1.529775 -1.064254 1.185713
v -1.529775 -1.064254 0.337106
v -1.493496 -0.578091 0.606170
v -1.493496 -0.578090 0.916649
v -1.498903 -0.570088 0.337288
v -1.498903 -0.570087 1.185531
v -1.326309 -0.052967 0.916391
v -1.326308 -0.052967 0.606428
v -1.338000 -0.036317 1.184827
v -1.338000 -0.036318 0.337992
v -1.529389 -0.814961 1.511410
v -1.529222 -0.815018 1.504485
v -1.529222 -0.815921 0.018335
v -0.828964 0.666580 1.511410
v -0.828378 0.665703 1.504463
v -0.828378 0.665703 0.018357
v 1.434669 -0.302902 0.337559
v 1.434669 -0.302902 1.185259
v 1.425603 -0.315235 0.606270
v 1.425603 -0.315235 0.916549
v 0.280628 0.818391 0.341266
v 0.280628 0.818391 1.181552
v 0.278179 0.788066 0.607626
v 0.278179 0.788066 0.915192
v 1.201165 0.210817 0.338600
v 1.201165 0.210817 1.184219
v 1.190658 0.190179 0.606650
v 1.190658 0.190179 0.916168
v -1.239876 0.255718 1.511409
v -1.238999 0.255129 1.504463
v -1.238999 0.255129 0.018356
v -1.472142 -0.278112 1.511409
v -1.471256 -0.278377 1.504472
v -1.471256 -0.278378 0.018347
v -0.292079 0.888966 1.511409
v -0.291873 0.887931 1.504462
v -0.291873 0.887931 0.018357
v -1.528549 -0.815249 1.495009
v -1.528549 -0.815921 0.027810
v -0.826019 0.662173 1.494981
v 1.519915 -0.822222 0.337147
v 1.519915 -0.822222 1.185673
v 1.518255 -0.826140 0.606119
v 1.518255 -0.826140 0.916701
v -0.826019 0.662173 0.027838
v -1.235469 0.252762 1.494982
v -1.235469 0.252762 0.027838
v -1.467645 -0.279445 1.494994
v 0.802020 0.605116 0.340110
v 0.802020 0.605116 1.182708
v 0.795025 0.578165 0.607203
v 0.795025 0.578165 0.915615
v -1.467645 -0.279446 0.027826
v -0.291045 0.883767 1.494981
v -0.291045 0.883767 0.027838
v -1.529389 -0.815921 0.011410
v 1.509439 -0.556991 0.056043
v 1.511104 -0.556991 0.041337
v 1.509439 -0.556991 1.466776
v 1.511103 -0.556237 1.481482
v 1.526738 -1.064254 0.056090
v 1.526738 -1.064254 0.041389
v 1.526738 -1.064254 1.466730
v 1.526738 -1.064254 1.481430
v 0.563062 0.790221 0.055866
v 0.564321 0.794141 0.041204
v 0.563062 0.790221 1.466952
v 0.564321 0.794141 1.481614
v 1.041687 0.470541 1.466922
v 1.044016 0.473637 1.481611
v 1.041688 0.470541 0.055896
v 1.044016 0.473636 0.041207
v -0.828964 0.666580 0.011409
v -1.239876 0.255717 0.011409
v -1.472142 -0.278113 0.011409
v -0.001518 0.902479 1.466965
v -0.001518 0.906687 1.481615
v -0.001518 0.902478 0.055853
v -0.001518 0.906687 0.041203
v -1.376607 -0.001798 0.018353
v -1.377581 -0.001377 1.511409
v -1.376607 -0.001798 1.504466
v -1.053978 0.480680 0.018357
v -1.054724 0.481427 1.511409
v 1.361473 -0.007707 1.466867
v 1.364514 -0.005807 1.481576
v 1.361473 -0.007707 0.055951
v 1.364514 -0.005807 0.041242
v -1.053978 0.480681 1.504463
v -0.571509 0.804301 1.511409
v -0.571106 0.803326 1.504462
v -0.571106 0.803326 0.018357
v -1.529775 -1.064254 0.018332
v -1.529775 -1.064253 1.511410
v -1.529775 -1.064253 1.504488
v -1.519748 -0.554741 1.511410
v 1.524110 -0.815921 1.466745
v 1.524623 -0.815580 1.481447
v 1.524110 -0.815921 0.056075
v 1.524623 -0.815921 0.041372
v 0.818071 0.653863 1.466938
v 0.819899 0.657431 1.481613
v 0.818071 0.653862 0.055881
v 0.819899 0.657431 0.041206
v -1.519206 -0.554881 1.504479
v -1.519206 -0.556991 0.018340
v -1.372688 -0.003494 0.027834
v -1.372688 -0.003494 1.494985
v -1.050977 0.477678 0.027838
v -1.050976 0.477679 1.494980
v 1.225079 0.247038 1.466903
v 1.227817 0.249560 1.481606
v 1.225079 0.247038 0.055916
v 1.227818 0.249560 0.041213
v -0.569481 0.799404 1.494980
v -0.569481 0.799403 0.027838
v -1.529775 -1.064254 0.027807
v -1.529775 -1.064253 1.495013
v 1.457113 -0.282210 1.466820
v 1.459866 -0.280922 1.481530
v 1.457113 -0.282210 0.055999
v 1.459866 -0.280922 0.041289
v -1.517018 -0.555444 1.495003
v -1.517018 -0.556991 0.027817
v -1.377581 -0.001377 0.011409
v 0.286284 0.874049 1.466962
v 0.286925 0.878184 1.481615
v 0.286284 0.874049 0.055857
v 0.286925 0.878184 0.041204
v -0.571509 0.804300 0.011409
v -1.529775 -1.064254 0.011410
v -0.821109 0.653862 0.055881
v -0.822937 0.657431 0.041206
v -1.228116 0.247038 1.466903
v -1.230855 0.249560 1.481606
v -1.228116 0.247038 0.055916
v -1.230855 0.249560 0.041213
v -1.460150 -0.282210 1.466820
v -1.462903 -0.280922 1.481530
v -1.460150 -0.282210 0.055999
v -1.462903 -0.280922 0.041289
v -0.289321 0.874049 1.466962
v -0.289962 0.878184 1.481615
v -0.289321 0.874049 0.055857
v -0.289962 0.878184 0.041204
v -0.822936 0.657432 2.981614
v -0.821108 0.653863 2.966939
v -1.527660 -0.815580 1.541372
v -1.527147 -0.815921 1.556075
v -1.527660 -0.815579 2.981448
v 1.513981 -0.555444 1.527817
v 1.513981 -0.555443 2.995003
v 1.526738 -1.064253 2.995014
v 1.526738 -1.064253 1.527807
v 0.566444 0.799404 1.527839
v 0.566444 0.799404 2.994981
v 1.047939 0.477679 2.994981
v 1.047939 0.477679 1.527839
v -1.527147 -0.815920 2.966745
v -1.367551 -0.005807 1.541242
v -0.001518 0.912379 2.994981
v -0.001518 0.912379 1.527839
v -1.364510 -0.007707 1.555952
v -1.367551 -0.005807 2.981577
v -1.364510 -0.007706 2.966868
v 1.369651 -0.003494 2.994986
v 1.369651 -0.003494 1.527835
v -1.047053 0.473637 1.541207
v 1.516169 -0.554881 1.518341
v 1.516169 -0.554880 3.004480
v 1.516711 -0.554741 3.011410
v 1.526738 -1.064253 3.004489
v 1.526738 -1.064253 3.011410
v 1.526738 -1.064253 1.518332
v 0.568069 0.803326 1.518357
v 0.568069 0.803326 3.004462
v 0.568472 0.804301 3.011410
v 1.050941 0.480681 3.004463
v 1.051687 0.481427 3.011410
v 1.050941 0.480681 1.518357
v -1.044725 0.470541 1.555897
v -1.047053 0.473637 2.981613
v -1.044724 0.470542 2.966923
v -0.001518 0.916624 3.004462
v -0.001518 0.917680 3.011410
v -0.001518 0.916624 1.518357
v -0.567357 0.794141 2.981614
v -0.566099 0.790221 2.966952
v -0.567358 0.794141 1.541205
v -0.566099 0.790221 1.555866
v -1.529775 -1.064253 2.981431
v -1.529775 -1.064253 2.966731
v 1.373570 -0.001798 3.004466
v 1.374544 -0.001376 3.011410
v 1.373570 -0.001798 1.518354
v -1.529775 -1.064253 1.541390
v -1.529775 -1.064253 1.556090
v -1.514140 -0.556236 2.981483
v -1.512476 -0.556990 2.966777
v -1.514141 -0.556237 1.541338
v -1.512476 -0.556990 1.556044
v -0.798062 0.578165 2.415616
v -0.798062 0.578165 2.107204
v -0.805058 0.605116 2.682709
v -0.805057 0.605116 1.840111
v -1.521292 -0.826140 2.416701
v -1.521292 -0.826140 2.106120
v -1.522953 -0.822221 2.685673
v 0.288008 0.883767 1.527839
v 0.288008 0.883768 2.994982
v -1.522952 -0.822221 1.837148
v -1.193695 0.190179 2.416169
v 1.464608 -0.279445 1.527826
v 1.464607 -0.279445 2.994994
v -1.193695 0.190179 2.106651
v -1.204202 0.210817 2.684220
v 1.232432 0.252762 1.527838
v 1.232432 0.252762 2.994983
v -1.204202 0.210817 1.838601
v -0.281216 0.788067 2.415193
v -0.281216 0.788067 2.107627
v -0.283666 0.818391 2.681553
v 0.822982 0.662174 1.527839
v 0.822982 0.662174 2.994982
v 1.525512 -0.815249 1.527811
v 1.525512 -0.815249 2.995010
v -0.283666 0.818391 1.841267
v -1.428640 -0.315235 2.416550
v -1.428639 -0.315235 2.106270
v 0.288836 0.887931 1.518357
v 0.288836 0.887931 3.004463
v 0.289042 0.888966 3.011410
v -1.437706 -0.302901 2.685260
v -1.437706 -0.302901 1.837560
v -1.048548 0.436937 2.413992
v 1.468219 -0.278377 1.518348
v 1.468219 -0.278377 3.004473
v 1.469105 -0.278112 3.011410
v -1.048548 0.436937 2.108828
v -1.040844 0.444144 2.680861
v -1.040844 0.444144 1.841960
v 1.235961 0.255129 1.518357
v 1.235962 0.255130 3.004463
v 1.236839 0.255718 3.011410
v -0.550209 0.708162 2.107454
v -0.550209 0.708162 2.415366
v -0.555020 0.737207 1.840796
v -0.555020 0.737207 2.682025
v 0.825341 0.665703 1.518357
v 0.825341 0.665704 3.004463
v 0.825927 0.666581 3.011410
v 1.526185 -0.815018 1.518336
v 1.526185 -0.815018 3.004486
v 1.526352 -0.814960 3.011410
v 1.334963 -0.036317 1.837993
v 1.334963 -0.036317 2.684828
v 1.323272 -0.052967 2.106428
v 1.323272 -0.052966 2.416391
v 1.495866 -0.570087 2.685532
v 1.495866 -0.570087 1.837290
v 1.490459 -0.578090 2.416650
v 1.490459 -0.578090 2.106171
v 1.526738 -1.064253 1.837107
v 1.526738 -1.064253 2.685714
v 1.526738 -1.064253 2.106105
v 1.526738 -1.064253 2.416716
v -0.001518 0.873905 1.845813
v -0.001518 0.873905 2.677007
v -0.001518 0.873486 2.111054
v -0.001518 0.873486 2.411766
v 0.551983 0.737207 2.682025
v 0.551983 0.737207 1.840796
v 0.547172 0.708162 2.415366
v 0.547172 0.708162 2.107454
v 1.037807 0.444144 1.841960
v 1.037807 0.444144 2.680861
v 1.045511 0.436937 2.108828
v 1.045511 0.436937 2.413992
v -1.529775 -1.064253 2.416716
v -1.529775 -1.064253 2.106105
v -1.529775 -1.064253 2.685714
v -1.529775 -1.064253 1.837107
v -1.493496 -0.578090 2.106171
v -1.493496 -0.578090 2.416650
v -1.498903 -0.570087 1.837289
v -1.498903 -0.570087 2.685532
v -1.326308 -0.052966 2.416392
v -1.326308 -0.052967 2.106429
v -1.338000 -0.036317 2.684828
v -1.338000 -0.036317 1.837993
v -1.529389 -0.814960 3.011410
v -1.529222 -0.815018 3.004486
v -1.529222 -0.815018 1.518335
v -0.828964 0.666581 3.011410
v -0.828378 0.665704 3.004464
v -0.828377 0.665703 1.518358
v 1.434669 -0.302901 1.837560
v 1.434669 -0.302901 2.685260
v 1.425603 -0.315235 2.106270
v 1.425603 -0.315235 2.416550
v 0.280629 0.818391 1.841267
v 0.280629 0.818391 2.681553
v 0.278179 0.788067 2.107627
v 0.278179 0.788067 2.415193
v 1.201165 0.210817 1.838600
v 1.201165 0.210817 2.684219
v 1.190659 0.190179 2.106651
v 1.190658 0.190179 2.416169
v -1.239876 0.255718 3.011410
v -1.238999 0.255130 3.004464
v -1.238998 0.255129 1.518357
v -1.472142 -0.278112 3.011410
v -1.471256 -0.278377 3.004472
v -1.471256 -0.278377 1.518348
v -0.292079 0.888966 3.011410
v -0.291873 0.887931 3.004463
v -0.291873 0.887931 1.518357
v -1.528549 -0.815249 2.995010
v -1.528549 -0.815249 1.527811
v -0.826019 0.662174 2.994982
v 1.519916 -0.822221 1.837148
v 1.519916 -0.822221 2.685673
v 1.518255 -0.826140 2.106120
v 1.518255 -0.826140 2.416702
v -0.826019 0.662174 1.527839
v -1.235469 0.252762 2.994983
v -1.235469 0.252762 1.527838
v -1.467644 -0.279445 2.994995
v 0.802021 0.605116 1.840111
v 0.802021 0.605116 2.682709
v 0.795025 0.578165 2.107203
v 0.795025 0.578165 2.415616
v -1.467645 -0.279445 1.527827
v -0.291045 0.883768 2.994982
v -0.291045 0.883767 1.527839
v 1.509439 -0.556991 1.556044
v 1.511104 -0.556237 1.541338
v 1.509439 -0.556990 2.966777
v 1.511104 -0.556236 2.981483
v 1.526738 -1.064253 1.556091
v 1.526738 -1.064253 1.541390
v 1.526738 -1.064253 2.966731
v 1.526738 -1.064253 2.981431
v 0.563062 0.790221 1.555866
v 0.564321 0.794141 1.541205
v 0.563062 0.790221 2.966952
v 0.564321 0.794141 2.981614
v 1.041687 0.470542 2.966923
v 1.044016 0.473637 2.981612
v 1.041688 0.470541 1.555897
v 1.044016 0.473637 1.541207
v -0.001518 0.902479 2.966966
v -0.001518 0.906687 2.981615
v -0.001518 0.902479 1.555853
v -0.001518 0.906687 1.541203
v -1.376607 -0.001798 1.518354
v -1.377581 -0.001376 3.011410
v -1.376607 -0.001798 3.004467
v -1.053978 0.480681 1.518358
v -1.054724 0.481427 3.011410
v 1.361473 -0.007706 2.966867
v 1.364514 -0.005807 2.981577
v 1.361473 -0.007707 1.555951
v 1.364514 -0.005807 1.541242
v -1.053978 0.480681 3.004464
v -0.571509 0.804301 3.011410
v -0.571106 0.803326 3.004462
v -0.571105 0.803326 1.518357
v -1.529775 -1.064253 1.518332
v -1.529775 -1.064253 3.011410
v -1.529775 -1.064253 3.004489
v -1.519748 -0.554740 3.011410
v 1.524110 -0.815920 2.966745
v 1.524623 -0.815580 2.981448
v 1.524110 -0.815921 1.556076
v 1.524623 -0.815580 1.541373
v 0.818072 0.653863 2.966939
v 0.819900 0.657432 2.981613
v 0.818072 0.653863 1.555882
v 0.819900 0.657431 1.541206
v -1.519206 -0.554880 3.004480
v -1.519206 -0.554881 1.518341
v -1.372688 -0.003494 1.527835
v -1.372688 -0.003494 2.994986
v -1.050976 0.477679 1.527839
v -1.050976 0.477679 2.994981
v 1.225079 0.247039 2.966904
v 1.227817 0.249561 2.981606
v 1.225079 0.247038 1.555917
v 1.227818 0.249561 1.541214
v -0.569481 0.799404 2.994981
v -0.569481 0.799404 1.527839
v -1.529775 -1.064253 1.527807
v -1.529775 -1.064253 2.995014
v 1.457113 -0.282209 2.966821
v 1.459866 -0.280921 2.981530
v 1.457113 -0.282210 1.555999
v 1.459866 -0.280921 1.541289
v -1.517018 -0.555443 2.995003
v -1.517018 -0.555444 1.527817
v 0.286284 0.874049 2.966963
v 0.286925 0.878185 2.981616
v 0.286284 0.874049 1.555858
v 0.286925 0.878184 1.541205
v -0.821108 0.653863 1.555882
v -0.822936 0.657431 1.541207
v -1.228116 0.247039 2.966904
v -1.230854 0.249561 2.981607
v -1.228116 0.247038 1.555917
v -1.230855 0.249561 1.541214
v -1.460150 -0.282209 2.966821
v -1.462903 -0.280921 2.981531
v -1.460150 -0.282209 1.555999
v -1.462903 -0.280922 1.541290
v -0.289321 0.874049 2.966963
v -0.289962 0.878185 2.981616
v -0.289321 0.874049 1.555858
v -0.289962 0.878184 1.541205
v -0.822936 0.657432 4.481615
v -0.821108 0.653864 4.466940
v -1.527660 -0.815579 3.041373
v -1.527147 -0.815920 3.056076
v -1.527660 -0.815579 4.481448
v 1.513981 -0.555443 3.027818
v 1.513981 -0.555443 4.495005
v 1.526738 -1.064253 4.495015
v 1.526738 -1.064253 3.027808
v 0.566444 0.799404 3.027840
v 0.566444 0.799405 4.494982
v 1.047939 0.477680 4.494982
v 1.047940 0.477679 3.027840
v -1.527147 -0.815920 4.466745
v -1.367550 -0.005806 3.041243
v -0.001518 0.912380 4.494982
v -0.001518 0.912379 3.027840
v -1.364510 -0.007706 3.055953
v -1.367550 -0.005806 4.481578
v -1.364510 -0.007706 4.466868
v 1.369651 -0.003493 4.494986
v 1.369651 -0.003493 3.027835
v -1.047053 0.473637 3.041208
v 1.516169 -0.554880 3.018342
v 1.516169 -0.554880 4.504481
v 1.516711 -0.554740 4.511412
v 1.526738 -1.064252 4.504490
v 1.526738 -1.064252 4.511412
v 1.526738 -1.064253 3.018333
v 0.568069 0.803327 3.018358
v 0.568069 0.803327 4.504463
v 0.568473 0.804302 4.511411
v 1.050941 0.480682 4.504464
v 1.051687 0.481428 4.511411
v 1.050941 0.480681 3.018358
v -1.044725 0.470542 3.055897
v -1.047053 0.473637 4.481613
v -1.044724 0.470542 4.466924
v -0.001518 0.916625 4.504463
v -0.001518 0.917680 4.511411
v -0.001518 0.916625 3.018358
v -0.567357 0.794142 4.481615
v -0.566099 0.790222 4.466953
v -0.567357 0.794142 3.041205
v -0.566099 0.790222 3.055867
v -1.529775 -1.064253 4.481431
v -1.529775 -1.064253 4.466731
v 1.373570 -0.001797 4.504467
v 1.374544 -0.001376 4.511411
v 1.373570 -0.001797 3.018354
v -1.529775 -1.064253 3.041391
v -1.529775 -1.064253 3.056091
v -1.514140 -0.556236 4.481483
v -1.512476 -0.556990 4.466777
v -1.514140 -0.556236 3.041339
v -1.512476 -0.556990 3.056045
v -0.798062 0.578166 3.915617
v -0.798062 0.578166 3.607204
v -0.805057 0.605117 4.182710
v -0.805057 0.605117 3.340112
v -1.521292 -0.826139 3.916702
v -1.521292 -0.826139 3.606120
v -1.522952 -0.822221 4.185674
v 0.288008 0.883768 3.027839
v 0.288008 0.883768 4.494982
v -1.522952 -0.822221 3.337148
v -1.193695 0.190180 3.916170
v 1.464608 -0.279445 3.027827
v 1.464608 -0.279444 4.494995
v -1.193695 0.190180 3.606652
v -1.204202 0.210818 4.184220
v 1.232432 0.252763 3.027839
v 1.232432 0.252763 4.494983
v -1.204202 0.210818 3.338602
v -0.281216 0.788067 3.915194
v -0.281216 0.788067 3.607628
v -0.283665 0.818392 4.181554
v 0.822982 0.662174 3.027839
v 0.822982 0.662174 4.494982
v 1.525512 -0.815248 3.027812
v 1.525512 -0.815248 4.495010
v -0.283665 0.818392 3.341268
v -1.428640 -0.315234 3.916550
v -1.428639 -0.315234 3.606271
v 0.288836 0.887932 3.018358
v 0.288836 0.887932 4.504464
v 0.289042 0.888967 4.511411
v -1.437706 -0.302901 4.185261
v -1.437706 -0.302901 3.337561
v -1.048548 0.436937 3.913993
v 1.468219 -0.278377 3.018348
v 1.468219 -0.278377 4.504473
v 1.469105 -0.278111 4.511411
v -1.048548 0.436937 3.608829
v -1.040844 0.444145 4.180861
v -1.040843 0.444144 3.341961
v 1.235962 0.255130 3.018357
v 1.235962 0.255130 4.504464
v 1.236839 0.255719 4.511411
v -0.550209 0.708163 3.607455
v -0.550209 0.708163 3.915366
v -0.555020 0.737207 3.340796
v -0.555020 0.737207 4.182025
v 0.825341 0.665704 3.018358
v 0.825341 0.665704 4.504464
v 0.825927 0.666581 4.511411
v 1.526185 -0.815018 3.018336
v 1.526185 -0.815017 4.504487
v 1.526352 -0.814960 4.511412
v 1.334963 -0.036317 3.337993
v 1.334963 -0.036316 4.184828
v 1.323272 -0.052966 3.606429
v 1.323272 -0.052966 3.916392
v 1.495866 -0.570086 4.185533
v 1.495866 -0.570087 3.337290
v 1.490459 -0.578089 3.916651
v 1.490459 -0.578089 3.606172
v 1.526738 -1.064253 3.337108
v 1.526738 -1.064253 4.185715
v 1.526738 -1.064253 3.606106
v 1.526738 -1.064253 3.916717
v -0.001518 0.873905 3.345814
v -0.001518 0.873906 4.177007
v -0.001518 0.873487 3.611054
v -0.001518 0.873487 3.911767
v 0.551983 0.737207 4.182025
v 0.551983 0.737207 3.340796
v 0.547172 0.708163 3.915366
v 0.547172 0.708163 3.607455
v 1.037807 0.444144 3.341961
v 1.037807 0.444145 4.180861
v 1.045511 0.436937 3.608829
v 1.045511 0.436937 3.913993
v -1.529775 -1.064253 3.916717
v -1.529774 -1.064253 3.606105
v -1.529775 -1.064253 4.185714
v -1.529774 -1.064253 3.337107
v -1.493496 -0.578090 3.606172
v -1.493496 -0.578089 3.916651
v -1.498903 -0.570087 3.337290
v -1.498903 -0.570086 4.185533
v -1.326308 -0.052966 3.916393
v -1.326308 -0.052966 3.606430
v -1.338000 -0.036316 4.184829
v -1.338000 -0.036317 3.337993
v -1.529389 -0.814960 4.511411
v -1.529222 -0.815017 4.504486
v -1.529222 -0.815018 3.018336
v -0.828964 0.666581 4.511411
v -0.828377 0.665704 4.504464
v -0.828377 0.665704 3.018358
v 1.434669 -0.302901 3.337561
v 1.434669 -0.302901 4.185260
v 1.425603 -0.315234 3.606271
v 1.425603 -0.315234 3.916550
v 0.280629 0.818392 3.341268
v 0.280629 0.818392 4.181554
v 0.278179 0.788067 3.607628
v 0.278179 0.788067 3.915194
v 1.201165 0.210818 3.338601
v 1.201165 0.210818 4.184220
v 1.190659 0.190180 3.606651
v 1.190659 0.190180 3.916169
v -1.239875 0.255719 4.511411
v -1.238998 0.255130 4.504464
v -1.238998 0.255130 3.018358
v -1.472141 -0.278111 4.511411
v -1.471256 -0.278377 4.504473
v -1.471256 -0.278377 3.018348
v -0.292079 0.888967 4.511411
v -0.291873 0.887932 4.504464
v -0.291873 0.887932 3.018358
v -1.528549 -0.815248 4.495010
v -1.528549 -0.815248 3.027812
v -0.826019 0.662174 4.494983
v 1.519916 -0.822221 3.337149
v 1.519916 -0.822221 4.185674
v 1.518256 -0.826139 3.606121
v 1.518255 -0.826139 3.916702
v -0.826019 0.662174 3.027839
v -1.235469 0.252763 4.494984
v -1.235469 0.252763 3.027839
v -1.467644 -0.279445 4.494995
v 0.802021 0.605117 3.340112
v 0.802021 0.605117 4.182709
v 0.795026 0.578166 3.607204
v 0.795025 0.578166 3.915616
v -1.467644 -0.279445 3.027827
v -0.291045 0.883768 4.494982
v -0.291045 0.883768 3.027839
v 1.509439 -0.556990 3.056045
v 1.511104 -0.556236 3.041339
v 1.509439 -0.556990 4.466778
v 1.511104 -0.556236 4.481483
v 1.526738 -1.064253 3.056091
v 1.526738 -1.064253 3.041391
v 1.526738 -1.064253 4.466732
v 1.526738 -1.064253 4.481432
v 0.563062 0.790222 3.055867
v 0.564321 0.794142 3.041205
v 0.563062 0.790222 4.466953
v 0.564321 0.794142 4.481615
v 1.041688 0.470542 4.466923
v 1.044016 0.473637 4.481613
v 1.041688 0.470542 3.055897
v 1.044016 0.473637 3.041208
v -0.001518 0.902480 4.466967
v -0.001518 0.906688 4.481616
v -0.001518 0.902479 3.055854
v -0.001518 0.906688 3.041204
v -1.376607 -0.001797 3.018354
v -1.377580 -0.001376 4.511411
v -1.376607 -0.001797 4.504467
v -1.053978 0.480681 3.018358
v -1.054724 0.481428 4.511411
v 1.361473 -0.007706 4.466868
v 1.364514 -0.005806 4.481577
v 1.361473 -0.007706 3.055952
v 1.364514 -0.005806 3.041243
v -1.053978 0.480682 4.504464
v -0.571509 0.804302 4.511411
v -0.571105 0.803327 4.504463
v -0.571105 0.803327 3.018358
v -1.529775 -1.064253 3.018333
v -1.529774 -1.064252 4.511411
v -1.529775 -1.064252 4.504489
v -1.519748 -0.554740 4.511411
v 1.524110 -0.815920 4.466746
v 1.524623 -0.815579 4.481449
v 1.524110 -0.815920 3.056076
v 1.524623 -0.815579 3.041373
v 0.818072 0.653864 4.466939
v 0.819900 0.657432 4.481614
v 0.818072 0.653863 3.055882
v 0.819900 0.657432 3.041207
v -1.519206 -0.554880 4.504480
v -1.519206 -0.554880 3.018341
v -1.372688 -0.003493 3.027835
v -1.372688 -0.003493 4.494987
v -1.050976 0.477679 3.027840
v -1.050976 0.477680 4.494982
v 1.225079 0.247039 4.466904
v 1.227818 0.249561 4.481607
v 1.225079 0.247039 3.055917
v 1.227818 0.249561 3.041214
v -0.569481 0.799405 4.494982
v -0.569481 0.799404 3.027840
v -1.529775 -1.064253 3.027808
v -1.529775 -1.064252 4.495014
v 1.457113 -0.282209 4.466822
v 1.459866 -0.280921 4.481531
v 1.457114 -0.282209 3.056000
v 1.459866 -0.280921 3.041290
v -1.517018 -0.555443 4.495004
v -1.517018 -0.555443 3.027818
v 0.286284 0.874050 4.466963
v 0.286925 0.878185 4.481616
v 0.286284 0.874050 3.055858
v 0.286925 0.878185 3.041205
v -0.821108 0.653863 3.055882
v -0.822936 0.657432 3.041208
v -1.228116 0.247039 4.466905
v -1.230854 0.249561 4.481607
v -1.228116 0.247039 3.055917
v -1.230855 0.249561 3.041214
v -1.460150 -0.282209 4.466822
v -1.462903 -0.280921 4.481531
v -1.460150 -0.282209 3.056000
v -1.462903 -0.280921 3.041290
v -0.289321 0.874050 4.466963
v -0.289962 0.878185 4.481616
v -0.289321 0.874050 3.055858
v -0.289962 0.878185 3.041205
v -0.822936 0.657433 5.981615
v -0.821108 0.653864 5.966940
v -1.527660 -0.815579 4.541373
v -1.527146 -0.815920 4.556077
v -1.527660 -0.815578 5.981449
v 1.513982 -0.555443 4.527819
v 1.513982 -0.555442 5.995004
v 1.526738 -1.064252 5.995016
v 1.526738 -1.064252 4.527808
v 0.566444 0.799405 4.527840
v 0.566444 0.799405 5.994983
v 1.047940 0.477680 5.994983
v 1.047940 0.477680 4.527840
v -1.527146 -0.815919 5.966746
v -1.367550 -0.005806 4.541244
v -0.001518 0.912380 5.994983
v -0.001518 0.912380 4.527840
v -1.364510 -0.007706 4.555953
v -1.367550 -0.005806 5.981578
v -1.364510 -0.007705 5.966869
v 1.369651 -0.003493 5.994987
v 1.369651 -0.003493 4.527836
v -1.047053 0.473638 4.541209
v 1.516170 -0.554880 4.518342
v 1.516170 -0.554879 6.004482
v 1.526738 -1.064252 6.004490
v 1.526738 -1.064252 6.011412
v 1.526738 -1.064252 4.518333
v 0.568069 0.803327 4.518358
v 0.568069 0.803327 6.004464
v 0.568473 0.804302 6.011411
v 1.050941 0.480682 6.004465
v 1.050941 0.480682 4.518358
v -1.044724 0.470542 4.555898
v -1.047052 0.473638 5.981614
v -1.044724 0.470543 5.966924
v -0.001518 0.916625 6.004464
v -0.001518 0.917681 6.011411
v -0.001518 0.916625 4.518358
v -0.567357 0.794142 5.981616
v -0.566099 0.790222 5.966954
v -0.567357 0.794142 4.541206
v -0.566099 0.790222 4.555868
v -1.529774 -1.064252 5.981432
v -1.529774 -1.064252 5.966732
v 1.373570 -0.001797 6.004467
v 1.374544 -0.001375 6.011411
v 1.373570 -0.001797 4.518354
v -1.529774 -1.064252 4.541391
v -1.529774 -1.064252 4.556091
v -1.514140 -0.556235 5.981484
v -1.512476 -0.556989 5.966777
v -1.514140 -0.556236 4.541339
v -1.512476 -0.556989 4.556046
v -0.798062 0.578166 5.415617
v -0.798062 0.578166 5.107205
v -0.805057 0.605117 5.682710
v -0.805057 0.605117 4.840112
v -1.521292 -0.826139 5.416702
v -1.521292 -0.826139 5.106121
v -1.522952 -0.822220 5.685675
v 0.288008 0.883768 4.527840
v 0.288008 0.883769 5.994983
v -1.522952 -0.822221 4.837150
v -1.193695 0.190180 5.416170
v 1.464608 -0.279444 4.527827
v 1.464608 -0.279444 5.994997
v -1.193695 0.190180 5.106653
v -1.204202 0.210818 5.684221
v 1.232433 0.252763 4.527839
v 1.232433 0.252763 5.994984
v -1.204202 0.210818 4.838602
v -0.281216 0.788068 5.415195
v -0.281216 0.788068 5.107628
v -0.283665 0.818392 5.681554
v 0.822982 0.662175 4.527840
v 0.822982 0.662175 5.994983
v 1.525512 -0.815248 4.527813
v 1.525512 -0.815248 5.995011
v -0.283665 0.818392 4.841268
v -1.428639 -0.315234 5.416551
v -1.428639 -0.315234 5.106271
v 0.288836 0.887932 4.518358
v 0.288836 0.887932 6.004464
v 0.289042 0.888967 6.011411
v -1.437706 -0.302900 5.685261
v -1.437706 -0.302900 4.837561
v -1.048548 0.436938 5.413993
v 1.468219 -0.278376 4.518349
v 1.468219 -0.278376 6.004474
v 1.469105 -0.278111 6.011411
v -1.048547 0.436938 5.108829
v -1.040843 0.444145 5.680862
v -1.040843 0.444145 4.841962
v 1.235962 0.255130 4.518358
v 1.235962 0.255131 6.004465
v 1.236839 0.255719 6.011411
v -0.550209 0.708163 5.107456
v -0.550209 0.708163 5.415368
v -0.555020 0.737208 4.840796
v -0.555020 0.737208 5.682026
v 0.825341 0.665704 4.518358
v 0.825341 0.665705 6.004465
v 0.825927 0.666582 6.011411
v 1.526185 -0.815017 4.518337
v 1.526185 -0.815017 6.004488
v 1.526352 -0.814959 6.011412
v 1.334963 -0.036316 4.837994
v 1.334963 -0.036316 5.684829
v 1.323272 -0.052966 5.106430
v 1.323272 -0.052965 5.416393
v 1.495866 -0.570086 5.685533
v 1.495866 -0.570086 4.837291
v 1.490459 -0.578089 5.416650
v 1.490460 -0.578089 5.106172
v 1.526738 -1.064252 4.837109
v 1.526738 -1.064252 5.685715
v 1.526738 -1.064252 5.106106
v 1.526738 -1.064252 5.416718
v -0.001518 0.873906 4.845815
v -0.001518 0.873906 5.677008
v -0.001518 0.873487 5.111055
v -0.001518 0.873487 5.411767
v 0.551983 0.737208 5.682026
v 0.551983 0.737208 4.840796
v 0.547173 0.708163 5.415368
v 0.547173 0.708163 5.107456
v 1.037807 0.444145 4.841962
v 1.037807 0.444145 5.680862
v 1.045511 0.436938 5.108829
v 1.045511 0.436938 5.413993
v -1.529774 -1.064252 5.416718
v -1.529774 -1.064252 5.106106
v -1.529774 -1.064252 5.685715
v -1.529774 -1.064252 4.837109
v -1.493496 -0.578089 5.106172
v -1.493496 -0.578089 5.416650
v -1.498903 -0.570086 4.837291
v -1.498903 -0.570086 5.685533
v -1.326308 -0.052965 5.416393
v -1.326308 -0.052966 5.106430
v -1.338000 -0.036316 5.684829
v -1.337999 -0.036316 4.837994
v -1.529221 -0.815017 6.004487
v -1.529221 -0.815017 4.518336
v -0.828963 0.666582 6.011411
v -0.828377 0.665705 6.004465
v -0.828377 0.665704 4.518359
v 1.434669 -0.302900 4.837561
v 1.434669 -0.302900 5.685261
v 1.425603 -0.315234 5.106271
v 1.425603 -0.315234 5.416551
v 0.280629 0.818392 4.841268
v 0.280629 0.818392 5.681554
v 0.278179 0.788068 5.107628
v 0.278179 0.788068 5.415195
v 1.201165 0.210818 4.838602
v 1.201165 0.210818 5.684221
v 1.190659 0.190180 5.106653
v 1.190659 0.190180 5.416171
v -1.239875 0.255719 6.011411
v -1.238998 0.255131 6.004465
v -1.238998 0.255130 4.518358
v -1.472141 -0.278111 6.011411
v -1.471255 -0.278376 6.004474
v -1.471255 -0.278376 4.518349
v -0.292078 0.888967 6.011411
v -0.291873 0.887932 6.004464
v -0.291873 0.887932 4.518358
v -1.528548 -0.815248 5.995011
v -1.528548 -0.815248 4.527812
v -0.826019 0.662175 5.994983
v 1.519916 -0.822221 4.837150
v 1.519916 -0.822220 5.685675
v 1.518256 -0.826139 5.106121
v 1.518256 -0.826139 5.416703
v -0.826019 0.662175 4.527840
v -1.235469 0.252763 5.994984
v -1.235469 0.252763 4.527839
v -1.467644 -0.279444 5.994996
v 0.802021 0.605117 4.840112
v 0.802021 0.605117 5.682710
v 0.795026 0.578166 5.107205
v 0.795026 0.578166 5.415617
v -1.467644 -0.279444 4.527828
v -0.291044 0.883769 5.994983
v -0.291044 0.883768 4.527840
v 1.509440 -0.556989 4.556046
v 1.511104 -0.556236 4.541340
v 1.509440 -0.556989 5.966777
v 1.511104 -0.556235 5.981484
v 1.526738 -1.064252 4.556092
v 1.526738 -1.064252 4.541391
v 1.526738 -1.064252 5.966732
v 1.526738 -1.064252 5.981432
v 0.563062 0.790222 4.555868
v 0.564321 0.794142 4.541206
v 0.563062 0.790222 5.966954
v 0.564321 0.794142 5.981616
v 1.041688 0.470543 5.966924
v 1.044016 0.473638 5.981614
v 1.041688 0.470542 4.555898
v 1.044016 0.473638 4.541208
v -0.001518 0.902480 5.966968
v -0.001518 0.906688 5.981616
v -0.001518 0.902480 4.555855
v -0.001518 0.906688 4.541205
v -1.376607 -0.001797 4.518355
v -1.377580 -0.001375 6.011411
v -1.376606 -0.001797 6.004467
v -1.053978 0.480682 4.518359
v 1.361473 -0.007705 5.966869
v 1.364514 -0.005806 5.981578
v 1.361473 -0.007706 4.555953
v 1.364514 -0.005806 4.541244
v -1.053978 0.480682 6.004465
v -0.571509 0.804302 6.011411
v -0.571105 0.803327 6.004464
v -0.571105 0.803327 4.518358
v -1.529774 -1.064252 4.518333
v -1.529774 -1.064252 6.004490
v 1.524110 -0.815919 5.966747
v 1.524624 -0.815579 5.981449
v 1.524110 -0.815920 4.556077
v 1.524624 -0.815579 4.541374
v 0.818072 0.653864 5.966940
v 0.819900 0.657433 5.981615
v 0.818072 0.653864 4.555882
v 0.819900 0.657432 4.541208
v -1.519206 -0.554879 6.004481
v -1.519206 -0.554880 4.518342
v -1.372687 -0.003493 4.527836
v -1.372687 -0.003493 5.994987
v -1.050976 0.477680 4.527840
v -1.050976 0.477680 5.994982
v 1.225079 0.247040 5.966905
v 1.227818 0.249562 5.981609
v 1.225079 0.247039 4.555918
v 1.227818 0.249562 4.541215
v -0.569481 0.799405 5.994983
v -0.569481 0.799405 4.527840
v -1.529774 -1.064252 4.527808
v -1.529774 -1.064252 5.995015
v 1.457114 -0.282208 5.966823
v 1.459866 -0.280920 5.981533
v 1.457114 -0.282208 4.556000
v 1.459866 -0.280920 4.541290
v -1.517018 -0.555442 5.995004
v -1.517018 -0.555443 4.527819
v 0.286284 0.874050 5.966964
v 0.286926 0.878186 5.981617
v 0.286284 0.874050 4.555859
v 0.286926 0.878185 4.541206
v -0.821108 0.653864 4.555883
v -0.822936 0.657432 4.541208
v -1.228115 0.247040 5.966905
v -1.230854 0.249562 5.981608
v -1.228116 0.247039 4.555918
v -1.230854 0.249562 4.541215
v -1.460150 -0.282208 5.966822
v -1.462902 -0.280920 5.981532
v -1.460150 -0.282208 4.556000
v -1.462903 -0.280921 4.541291
v -0.289321 0.874050 5.966964
v -0.289962 0.878186 5.981617
v -0.289321 0.874050 4.555859
v -0.289962 0.878185 4.541206
v -0.817558 0.653607 -0.011683
v -0.735138 0.538038 -0.017573
v -1.517667 -0.815921 -0.011847
v 1.513981 -0.556991 -0.005294
v 1.526738 -1.064254 -0.005283
v 0.566444 0.799403 -0.005316
v 1.047939 0.477678 -0.005316
v -1.372002 -0.815921 -0.017751
v -0.001518 0.912378 -0.005316
v -1.358606 -0.005288 -0.011719
v -1.222732 -0.056369 -0.017636
v 1.369651 -0.003495 -0.005311
v 1.516169 -0.556991 0.004183
v 1.526738 -1.064254 0.004192
v 0.568069 0.803326 0.004165
v 1.050941 0.480680 0.004166
v -1.040207 0.471016 -0.011684
v -0.935294 0.373949 -0.017587
v -0.001518 0.916624 0.004165
v -0.563653 0.789422 -0.011682
v -0.506881 0.660091 -0.017561
v -1.519768 -1.064254 -0.011864
v -1.499281 -1.064254 -0.017764
v 1.373570 -0.001798 0.004169
v -1.504236 -0.556991 -0.011813
v -1.358251 -0.556991 -0.017722
v 0.288008 0.883767 -0.005316
v 1.464607 -0.279446 -0.005302
v 1.232432 0.252761 -0.005314
v 0.822982 0.662173 -0.005315
v 1.525512 -0.815921 -0.005287
v 0.288836 0.887931 0.004166
v 1.468219 -0.278378 0.004176
v 1.235961 0.255129 0.004166
v 0.825341 0.665703 0.004166
v 1.526185 -0.815921 0.004189
v -1.529222 -0.815921 0.004189
v -0.828378 0.665703 0.004166
v -1.238999 0.255129 0.004166
v -1.471256 -0.278378 0.004175
v -0.291873 0.887931 0.004166
v -1.528549 -0.815921 -0.005287
v -0.826019 0.662173 -0.005315
v -1.235469 0.252761 -0.005314
v -1.467645 -0.279446 -0.005303
v -0.291045 0.883767 -0.005316
v 1.355214 -0.556991 -0.017722
v 1.501199 -0.556991 -0.011813
v 1.496244 -1.064254 -0.017764
v 1.516731 -1.064254 -0.011864
v 0.503844 0.660091 -0.017561
v 0.560615 0.789422 -0.011682
v 0.932256 0.373949 -0.017587
v 1.037170 0.471016 -0.011684
v -0.001518 0.760574 -0.017549
v -0.001518 0.901231 -0.011681
v -1.376607 -0.001798 0.004169
v 1.219695 -0.056369 -0.017636
v 1.355569 -0.005288 -0.011719
v -1.053978 0.480680 0.004166
v -0.571106 0.803326 0.004165
v -1.529775 -1.064254 0.004192
v 1.368964 -0.815921 -0.017751
v 1.514630 -0.815921 -0.011847
v 0.732101 0.538038 -0.017573
v 0.814521 0.653607 -0.011683
v -1.519206 -0.556991 0.004183
v -1.372688 -0.003495 -0.005311
v -1.050976 0.477678 -0.005316
v 1.096409 0.173893 -0.017603
v 1.219768 0.248407 -0.011689
v -0.569481 0.799403 -0.005316
v -1.529775 -1.064254 -0.005283
v 1.307189 -0.307491 -0.017680
v 1.450297 -0.278601 -0.011765
v -1.517018 -0.556991 -0.005294
v 0.256098 0.735126 -0.017552
v 0.285037 0.872915 -0.011680
v -1.099446 0.173893 -0.017603
v -1.222805 0.248407 -0.011689
v -1.310226 -0.307491 -0.017680
v -1.453334 -0.278601 -0.011765
v -0.259135 0.735126 -0.017552
v -0.288074 0.872915 -0.011680
v -0.554834 0.775905 -0.017547
v -0.283578 0.858060 -0.017537
v -1.431046 -0.275128 -0.017676
v -1.337314 -0.006102 -0.017630
v -1.203641 0.243560 -0.017595
v -1.023909 0.462604 -0.017576
v -0.804755 0.642267 -0.017560
v -1.496706 -0.815921 -0.017751
v -1.482328 -0.556991 -0.017720
v 1.493669 -0.815921 -0.017750
v -1.373213 -1.064254 -0.017749
v 1.370175 -1.064254 -0.017749
v 1.479291 -0.556991 -0.017720
v 1.020872 0.462604 -0.017576
v 0.801718 0.642267 -0.017560
v 0.551797 0.775905 -0.017547
v 1.334277 -0.006102 -0.017630
v 1.200604 0.243560 -0.017595
v 1.428009 -0.275128 -0.017676
v 0.280541 0.858060 -0.017537
v -0.001518 0.885923 -0.017534
v 1.370175 -1.064254 -0.017749
v -1.373213 -1.064254 -0.017749
v -0.259135 0.735126 -0.017552
v -1.310226 -0.307491 -0.017680
v -1.099446 0.173893 -0.017603
v 0.256098 0.735126 -0.017552
v 1.307189 -0.307491 -0.017679
v 1.096409 0.173893 -0.017603
v 0.732101 0.538038 -0.017573
v 1.368965 -0.814960 -0.017753
v 1.219695 -0.056369 -0.017636
v -0.001518 0.760574 -0.017549
v 0.932256 0.373949 -0.017587
v 0.503844 0.660091 -0.017561
v 1.355214 -0.554741 -0.017724
v -1.358251 -0.554740 -0.017724
v -0.506881 0.660091 -0.017561
v 1.526738 -1.064254 0.011410
v 1.051687 0.481426 0.011409
v -0.001519 0.917679 0.011409
v 0.289042 0.888965 0.011409
v 1.526352 -0.815921 0.011410
v -0.292079 0.888965 0.011409
v -1.054724 0.481426 0.011409
v -1.519748 -0.556991 0.011409
v -0.935294 0.373949 -0.017587
v -1.222732 -0.056369 -0.017637
v -1.372001 -0.814960 -0.017753
v -0.735138 0.538038 -0.017573
v -0.817558 0.653608 6.034502
v -0.735138 0.538038 6.040391
v -1.517667 -0.814959 6.034668
v 1.513982 -0.554740 6.028115
v 1.526738 -1.064253 6.028103
v 0.566444 0.799404 6.028134
v 1.047939 0.477679 6.028135
v -1.372001 -0.814959 6.040572
v -0.001518 0.912379 6.028134
v -1.358606 -0.005287 6.034538
v -1.222732 -0.056368 6.040455
v 1.369651 -0.003494 6.028131
v 1.516170 -0.554740 6.018638
v 1.526738 -1.064253 6.018628
v 0.568069 0.803327 6.018653
v 1.050941 0.480681 6.018652
v -1.040207 0.471017 6.034503
v -0.935294 0.373950 6.040406
v -0.001518 0.916625 6.018653
v -0.563653 0.789423 6.034500
v -0.506881 0.660092 6.040380
v -1.519768 -1.064253 6.034683
v -1.499281 -1.064253 6.040584
v 1.373570 -0.001797 6.018650
v -1.504236 -0.554739 6.034633
v -1.358251 -0.554739 6.040542
v 0.288008 0.883768 6.028133
v 1.464607 -0.279445 6.028121
v 1.232432 0.252762 6.028133
v 0.822982 0.662174 6.028134
v 1.525512 -0.814959 6.028109
v 0.288836 0.887932 6.018652
v 1.468219 -0.278377 6.018644
v 1.235962 0.255130 6.018652
v 0.825341 0.665704 6.018652
v 1.526185 -0.814959 6.018633
v -1.529221 -0.814959 6.018633
v -0.828378 0.665704 6.018652
v -1.238999 0.255130 6.018652
v -1.471256 -0.278377 6.018643
v -0.291873 0.887932 6.018652
v -1.528548 -0.814959 6.028109
v -0.826019 0.662174 6.028134
v -1.235469 0.252762 6.028133
v -1.467644 -0.279445 6.028121
v -0.291045 0.883768 6.028133
v 1.355215 -0.554740 6.040542
v 1.501200 -0.554740 6.034633
v 1.496244 -1.064253 6.040584
v 1.516731 -1.064253 6.034683
v 0.503844 0.660092 6.040380
v 0.560615 0.789423 6.034500
v 0.932257 0.373950 6.040406
v 1.037170 0.471017 6.034503
v -0.001518 0.760575 6.040367
v -0.001518 0.901232 6.034499
v -1.376607 -0.001797 6.018650
v 1.219695 -0.056368 6.040454
v 1.355569 -0.005287 6.034538
v -1.053978 0.480681 6.018652
v -0.571106 0.803327 6.018653
v -1.529775 -1.064253 6.018627
v 1.368965 -0.814959 6.040572
v 1.514631 -0.814959 6.034669
v 0.732101 0.538038 6.040391
v 0.814521 0.653608 6.034502
v -1.519206 -0.554739 6.018638
v -1.372688 -0.003494 6.028130
v -1.050976 0.477679 6.028135
v 1.096409 0.173894 6.040422
v 1.219768 0.248408 6.034508
v -0.569481 0.799404 6.028134
v -1.529775 -1.064253 6.028102
v 1.307189 -0.307490 6.040498
v 1.450297 -0.278600 6.034584
v -1.517018 -0.554739 6.028114
v 0.256098 0.735127 6.040370
v 0.285036 0.872916 6.034498
v -1.099446 0.173894 6.040422
v -1.222805 0.248408 6.034508
v -1.310226 -0.307490 6.040498
v -1.453334 -0.278600 6.034584
v -0.259135 0.735127 6.040370
v -0.288074 0.872916 6.034498
v -0.554834 0.775906 6.040365
v -0.283578 0.858061 6.040355
v -1.431046 -0.275127 6.040494
v -1.337314 -0.006101 6.040449
v -1.203641 0.243561 6.040413
v -1.023909 0.462605 6.040395
v -0.804755 0.642268 6.040379
v -1.496705 -0.814959 6.040571
v -1.482328 -0.554739 6.040540
v 1.493669 -0.814959 6.040571
v -1.373213 -1.064253 6.040568
v 1.370176 -1.064253 6.040568
v 1.479291 -0.554740 6.040540
v 1.020872 0.462605 6.040395
v 0.801718 0.642268 6.040379
v 0.551797 0.775906 6.040365
v 1.334277 -0.006101 6.040449
v 1.200604 0.243561 6.040413
v 1.428009 -0.275127 6.040494
v 0.280541 0.858061 6.040355
v -0.001518 0.885924 6.040352
v 1.516711 -0.554740 6.011411
v 1.051687 0.481427 6.011409
v -1.529388 -0.814959 6.011412
v -1.054724 0.481427 6.011409
v -1.529775 -1.064253 6.011409
v -1.519747 -0.554739 6.011411
v -0.419348 -1.084253 6.041113
v 0.416310 -1.084253 6.041113
v 0.416310 0.528816 6.041112
v -0.419348 0.528815 -0.018294
v -0.419348 -1.084254 -0.018294
v 0.416311 -1.084254 -0.018294
v 0.416310 0.528815 -0.018294
v -0.735138 0.538038 6.040391
v -1.372001 -0.814959 6.040572
v -1.222732 -0.056368 6.040455
v -0.935294 0.373950 6.040406
v -0.506881 0.660092 6.040380
v -1.358251 -0.554739 6.040542
v 1.355215 -0.554740 6.040542
v 0.503844 0.660092 6.040380
v 0.932257 0.373950 6.040406
v -0.001518 0.760575 6.040367
v 1.219695 -0.056368 6.040454
v 1.368965 -0.814959 6.040572
v 0.732101 0.538038 6.040391
v 1.096409 0.173894 6.040422
v 1.307189 -0.307490 6.040498
v 0.256098 0.735127 6.040370
v -1.099446 0.173894 6.040422
v -1.310226 -0.307490 6.040498
v -0.259135 0.735127 6.040370
v -1.373213 -1.064253 6.040568
v 1.370176 -1.064253 6.040568
v -0.451975 -0.815920 6.040570
v -0.451975 -0.056368 6.040455
v -0.451975 0.563109 6.040406
v -0.451975 -0.556990 6.040540
v 0.448938 -0.556990 6.040540
v 0.448938 0.563109 6.040406
v 0.448938 -0.056368 6.040454
v 0.448938 -0.815920 6.040569
v 0.448938 0.173894 6.040422
v 0.448938 -0.307490 6.040498
v -0.451975 0.173894 6.040422
v -0.451975 -0.307490 6.040498
v -0.451975 -1.064253 6.040568
v 0.448938 -1.064253 6.040568
v -0.226747 0.563109 6.040406
v -0.001519 0.563109 6.040406
v 0.223710 0.563109 6.040406
v -0.451975 0.303632 6.040416
v -0.451975 0.433371 6.040411
v 0.448938 0.303632 6.040416
v 0.448938 0.433371 6.040411
v -1.101630 0.175354 6.040422
v -1.225137 -0.055313 6.040455
v 1.309725 -0.306805 6.040498
v 1.098593 0.175354 6.040422
v 1.222100 -0.055313 6.040454
v 0.504849 0.662519 6.040380
v 0.733560 0.540223 6.040391
v 0.934113 0.375808 6.040406
v 1.357822 -0.554419 6.040542
v 1.371590 -0.814884 6.040572
v 1.372802 -1.064240 6.040568
v 0.256610 0.737703 6.040370
v -0.001518 0.763202 6.040367
v -0.736597 0.540223 6.040391
v -0.937151 0.375808 6.040406
v -1.312762 -0.306805 6.040498
v -1.360858 -0.554419 6.040542
v -0.507886 0.662519 6.040380
v -0.259647 0.737703 6.040370
v -1.374627 -0.814884 6.040572
v -1.375839 -1.064240 6.040568
v -1.100246 0.174429 6.040767
v -1.100830 0.174819 6.040767
v 1.308795 -0.307056 6.040844
v 1.308118 -0.307239 6.040844
v -0.507249 0.660981 6.040725
v -0.507518 0.661630 6.040725
v 1.097793 0.174819 6.040767
v 1.097209 0.174429 6.040767
v 0.504212 0.660981 6.040725
v 0.504480 0.661630 6.040725
v -1.311155 -0.307239 6.040844
v -1.311832 -0.307056 6.040844
v 0.733025 0.539422 6.040737
v 0.732636 0.538839 6.040737
v -0.736063 0.539422 6.040737
v -0.735673 0.538839 6.040737
v 1.356866 -0.554537 6.040888
v 1.356170 -0.554622 6.040888
v 0.256422 0.736759 6.040715
v 0.256285 0.736071 6.040715
v 1.369928 -0.814932 6.040919
v 1.370627 -0.814911 6.040919
v 1.371839 -1.064245 6.040915
v 1.371139 -1.064248 6.040915
v 0.932937 0.374631 6.040751
v 0.933433 0.375127 6.040751
v 1.220577 -0.055981 6.040801
v 1.221218 -0.055700 6.040801
v -1.224255 -0.055700 6.040802
v -1.223614 -0.055981 6.040802
v -0.001518 0.761537 6.040712
v -0.001518 0.762239 6.040712
v -0.935974 0.374631 6.040751
v -0.936470 0.375127 6.040751
v -1.359207 -0.554622 6.040888
v -1.359902 -0.554536 6.040888
v -0.259459 0.736759 6.040715
v -0.259322 0.736071 6.040715
v -1.372965 -0.814932 6.040919
v -1.373664 -0.814911 6.040919
v -1.374176 -1.064248 6.040915
v -1.374876 -1.064245 6.040915
v -0.451975 -0.815921 -0.017751
v -0.451975 -0.056369 -0.017637
v -0.451975 0.563108 -0.017587
v -0.451975 -0.556991 -0.017722
v 0.448938 -0.556991 -0.017722
v 0.448938 0.563108 -0.017587
v 0.448938 -0.056369 -0.017636
v 0.448938 -0.815921 -0.017750
v 0.448938 0.173893 -0.017603
v 0.448938 -0.307491 -0.017679
v -0.451975 0.173893 -0.017603
v -0.451975 -0.307491 -0.017680
v -0.451975 -1.064254 -0.017749
v 0.448938 -1.064254 -0.017749
v -0.226747 0.563108 -0.017587
v -0.001519 0.563108 -0.017587
v 0.223710 0.563108 -0.017587
v -0.451975 0.303631 -0.017597
v -0.451975 0.433370 -0.017593
v 0.448938 0.303631 -0.017597
v 0.448938 0.433370 -0.017593
v -1.101630 0.175353 -0.017603
v -1.225137 -0.055314 -0.017637
v 1.309724 -0.306807 -0.017679
v 1.098592 0.175353 -0.017603
v 1.222100 -0.055314 -0.017636
v 0.504849 0.662518 -0.017561
v 0.733560 0.540222 -0.017573
v 0.934113 0.375807 -0.017587
v 1.357821 -0.554420 -0.017724
v 1.371590 -0.814885 -0.017753
v 1.372802 -1.064241 -0.017749
v 0.256610 0.737702 -0.017552
v -0.001518 0.763201 -0.017549
v -0.736597 0.540222 -0.017573
v -0.937151 0.375807 -0.017587
v -1.312762 -0.306806 -0.017680
v -1.360858 -0.554420 -0.017724
v -0.507886 0.662518 -0.017561
v -0.259647 0.737702 -0.017552
v -1.374627 -0.814885 -0.017753
v -1.375839 -1.064241 -0.017749
v -1.100246 0.174428 -0.017949
v -1.100830 0.174818 -0.017949
v 1.308795 -0.307057 -0.018026
v 1.308118 -0.307240 -0.018026
v -0.507249 0.660980 -0.017906
v -0.507518 0.661629 -0.017906
v 1.097793 0.174818 -0.017948
v 1.097209 0.174428 -0.017948
v 0.504212 0.660980 -0.017906
v 0.504480 0.661629 -0.017906
v -1.311156 -0.307240 -0.018026
v -1.311832 -0.307057 -0.018026
v 0.733025 0.539421 -0.017918
v 0.732636 0.538838 -0.017918
v -0.736063 0.539421 -0.017918
v -0.735673 0.538838 -0.017918
v 1.356866 -0.554538 -0.018070
v 1.356170 -0.554623 -0.018070
v 0.256422 0.736758 -0.017897
v 0.256285 0.736070 -0.017897
v 1.369928 -0.814933 -0.018100
v 1.370627 -0.814912 -0.018100
v 1.371838 -1.064246 -0.018096
v 1.371139 -1.064249 -0.018096
v 0.932937 0.374630 -0.017932
v 0.933433 0.375126 -0.017932
v 1.220577 -0.055982 -0.017982
v 1.221218 -0.055701 -0.017982
v -1.224256 -0.055701 -0.017983
v -1.223614 -0.055982 -0.017983
v -0.001518 0.761536 -0.017894
v -0.001518 0.762238 -0.017894
v -0.935974 0.374630 -0.017932
v -0.936470 0.375126 -0.017932
v -1.359207 -0.554623 -0.018070
v -1.359902 -0.554537 -0.018070
v -0.259459 0.736758 -0.017897
v -0.259322 0.736070 -0.017897
v -1.372965 -0.814933 -0.018100
v -1.373664 -0.814912 -0.018100
v -1.374176 -1.064249 -0.018096
v -1.374876 -1.064246 -0.018096
v -0.259135 0.735126 -0.017552
v -0.001518 0.760574 -0.017549
v -1.358251 -0.554740 -0.017724
v -1.310226 -0.307491 -0.017680
v 0.256098 0.735126 -0.017552
v 0.503844 0.660091 -0.017561
v 1.307189 -0.307491 -0.017679
v 1.219695 -0.056369 -0.017636
v 1.355214 -0.554741 -0.017724
v 1.096409 0.173893 -0.017603
v 0.932256 0.373949 -0.017587
v 0.732101 0.538038 -0.017573
v 1.368965 -0.814960 -0.017753
v 1.370175 -1.064254 -0.017749
v -1.373213 -1.064254 -0.017749
v -1.372001 -0.814960 -0.017753
v -0.735138 0.538038 -0.017573
v -0.506881 0.660091 -0.017561
v -0.935294 0.373949 -0.017587
v -1.222732 -0.056369 -0.017637
v -1.099446 0.173893 -0.017603
v -0.506881 0.660092 6.040380
v -0.259135 0.735127 6.040370
v -1.310226 -0.307490 6.040498
v -1.222732 -0.056368 6.040455
v -1.099446 0.173894 6.040422
v -0.935294 0.373950 6.040406
v -0.735138 0.538038 6.040391
v -1.372001 -0.814959 6.040572
v -1.358251 -0.554739 6.040542
v -1.373213 -1.064253 6.040568
v 1.370176 -1.064253 6.040568
v 1.368965 -0.814959 6.040572
v 1.355215 -0.554740 6.040542
v 0.932257 0.373950 6.040406
v 0.732101 0.538038 6.040391
v 0.503844 0.660092 6.040380
v 1.219695 -0.056368 6.040454
v 1.096409 0.173894 6.040422
v 1.307189 -0.307490 6.040498
v 0.256098 0.735127 6.040370
v -0.001518 0.760575 6.040367
v 1.420433 -0.312101 6.011410
v 1.418608 -0.318842 6.011410
v 1.413815 -0.323635 6.011410
v 1.407074 -0.325459 6.011410
v 1.400333 -0.323635 6.011410
v 1.395540 -0.318842 6.011410
v 1.393716 -0.312101 6.011410
v 1.395540 -0.305360 6.011410
v 1.400333 -0.300567 6.011410
v 1.407074 -0.298743 6.011410
v 1.413815 -0.300567 6.011410
v 1.418608 -0.305360 6.011410
v 1.420433 -0.312102 0.011410
v 1.418608 -0.318843 0.011410
v 1.413815 -0.323636 0.011410
v 1.407074 -0.325460 0.011410
v 1.400333 -0.323636 0.011410
v 1.395540 -0.318843 0.011410
v 1.393716 -0.312102 0.011410
v 1.395540 -0.305361 0.011410
v 1.400333 -0.300568 0.011410
v 1.407074 -0.298744 0.011410
v 1.413815 -0.300568 0.011410
v 1.418608 -0.305361 0.011410
v 1.420433 -0.312102 0.011410
v 1.418608 -0.318843 0.011410
v 1.413815 -0.323636 0.011410
v 1.407074 -0.325460 0.011410
v 1.400333 -0.323636 0.011410
v 1.395540 -0.318843 0.011410
v 1.393716 -0.312102 0.011410
v 1.395540 -0.305361 0.011410
v 1.400333 -0.300568 0.011410
v 1.407074 -0.298744 0.011410
v 1.413815 -0.300568 0.011410
v 1.418608 -0.305361 0.011410
v 1.420433 -0.312101 6.011410
v 1.418608 -0.318842 6.011410
v 1.413815 -0.323635 6.011410
v 1.407074 -0.325459 6.011410
v 1.400333 -0.323635 6.011410
v 1.395540 -0.318842 6.011410
v 1.393716 -0.312101 6.011410
v 1.395540 -0.305360 6.011410
v 1.400333 -0.300567 6.011410
v 1.407074 -0.298743 6.011410
v 1.413815 -0.300567 6.011410
v 1.418608 -0.305360 6.011410
v 1.023072 0.439774 6.011410
v 1.021248 0.433033 6.011410
v 1.016455 0.428240 6.011410
v 1.009714 0.426416 6.011410
v 1.002973 0.428240 6.011410
v 0.998180 0.433033 6.011410
v 0.996356 0.439774 6.011410
v 0.998180 0.446515 6.011410
v 1.002973 0.451308 6.011410
v 1.009714 0.453133 6.011410
v 1.016455 0.451308 6.011410
v 1.021248 0.446515 6.011410
v 1.023072 0.439773 0.011410
v 1.021248 0.433032 0.011410
v 1.016455 0.428239 0.011410
v 1.009714 0.426415 0.011410
v 1.002973 0.428239 0.011410
v 0.998180 0.433032 0.011410
v 0.996356 0.439773 0.011410
v 0.998180 0.446514 0.011410
v 1.002973 0.451307 0.011410
v 1.009714 0.453132 0.011410
v 1.016455 0.451307 0.011410
v 1.021248 0.446514 0.011410
v 1.023072 0.439773 0.011410
v 1.021248 0.433032 0.011410
v 1.016455 0.428239 0.011410
v 1.009714 0.426415 0.011410
v 1.002973 0.428239 0.011410
v 0.998180 0.433032 0.011410
v 0.996356 0.439773 0.011410
v 0.998180 0.446514 0.011410
v 1.002973 0.451307 0.011410
v 1.009714 0.453132 0.011410
v 1.016455 0.451307 0.011410
v 1.021248 0.446514 0.011410
v 1.023072 0.439774 6.011410
v 1.021248 0.433033 6.011410
v 1.016455 0.428240 6.011410
v 1.009714 0.426416 6.011410
v 1.002973 0.428240 6.011410
v 0.998180 0.433033 6.011410
v 0.996356 0.439774 6.011410
v 0.998180 0.446515 6.011410
v 1.002973 0.451308 6.011410
v 1.009714 0.453133 6.011410
v 1.016455 0.451308 6.011410
v 1.021248 0.446515 6.011410
v 0.011840 0.858552 6.011409
v 0.010015 0.851811 6.011409
v 0.005223 0.847018 6.011409
v -0.001519 0.845194 6.011409
v -0.008260 0.847018 6.011409
v -0.013053 0.851811 6.011409
v -0.014877 0.858552 6.011409
v -0.013053 0.865294 6.011409
v -0.008260 0.870086 6.011409
v -0.001519 0.871911 6.011409
v 0.005223 0.870086 6.011409
v 0.010015 0.865294 6.011409
v 0.011840 0.858551 0.011409
v 0.010015 0.851810 0.011409
v 0.005223 0.847017 0.011409
v -0.001519 0.845193 0.011409
v -0.008260 0.847017 0.011409
v -0.013053 0.851810 0.011409
v -0.014877 0.858551 0.011409
v -0.013053 0.865293 0.011409
v -0.008260 0.870085 0.011409
v -0.001519 0.871910 0.011409
v 0.005223 0.870085 0.011409
v 0.010015 0.865293 0.011409
v 0.011840 0.858551 0.011409
v 0.010015 0.851810 0.011409
v 0.005223 0.847017 0.011409
v -0.001519 0.845193 0.011409
v -0.008260 0.847017 0.011409
v -0.013053 0.851810 0.011409
v -0.014877 0.858551 0.011409
v -0.013053 0.865293 0.011409
v -0.008260 0.870085 0.011409
v -0.001519 0.871910 0.011409
v 0.005223 0.870085 0.011409
v 0.010015 0.865293 0.011409
v 0.011840 0.858552 6.011409
v 0.010015 0.851811 6.011409
v 0.005223 0.847018 6.011409
v -0.001519 0.845194 6.011409
v -0.008260 0.847018 6.011409
v -0.013053 0.851811 6.011409
v -0.014877 0.858552 6.011409
v -0.013053 0.865294 6.011409
v -0.008260 0.870086 6.011409
v -0.001519 0.871911 6.011409
v 0.005223 0.870086 6.011409
v 0.010015 0.865294 6.011409
v -1.396754 -0.312101 6.011410
v -1.398578 -0.318842 6.011410
v -1.403371 -0.323635 6.011410
v -1.410112 -0.325460 6.011410
v -1.416853 -0.323635 6.011410
v -1.421646 -0.318842 6.011410
v -1.423470 -0.312101 6.011410
v -1.421646 -0.305360 6.011410
v -1.416853 -0.300567 6.011410
v -1.410112 -0.298743 6.011410
v -1.403371 -0.300567 6.011410
v -1.398578 -0.305360 6.011410
v -1.396753 -0.312102 0.011410
v -1.398578 -0.318843 0.011410
v -1.403370 -0.323636 0.011410
v -1.410112 -0.325460 0.011410
v -1.416853 -0.323636 0.011410
v -1.421646 -0.318843 0.011410
v -1.423470 -0.312102 0.011410
v -1.421646 -0.305361 0.011410
v -1.416853 -0.300568 0.011410
v -1.410112 -0.298744 0.011410
v -1.403370 -0.300568 0.011410
v -1.398578 -0.305361 0.011410
v -1.396753 -0.312102 0.011410
v -1.398578 -0.318843 0.011410
v -1.403370 -0.323636 0.011410
v -1.410112 -0.325460 0.011410
v -1.416853 -0.323636 0.011410
v -1.421646 -0.318843 0.011410
v -1.423470 -0.312102 0.011410
v -1.421646 -0.305361 0.011410
v -1.416853 -0.300568 0.011410
v -1.410112 -0.298744 0.011410
v -1.403370 -0.300568 0.011410
v -1.398578 -0.305361 0.011410
v -1.396754 -0.312101 6.011410
v -1.398578 -0.318842 6.011410
v -1.403371 -0.323635 6.011410
v -1.410112 -0.325460 6.011410
v -1.416853 -0.323635 6.011410
v -1.421646 -0.318842 6.011410
v -1.423470 -0.312101 6.011410
v -1.421646 -0.305360 6.011410
v -1.416853 -0.300567 6.011410
v -1.410112 -0.298743 6.011410
v -1.403371 -0.300567 6.011410
v -1.398578 -0.305360 6.011410
v -0.999393 0.439774 6.011410
v -1.001218 0.433033 6.011410
v -1.006010 0.428240 6.011410
v -1.012752 0.426416 6.011410
v -1.019493 0.428240 6.011410
v -1.024286 0.433033 6.011410
v -1.026110 0.439774 6.011410
v -1.024286 0.446515 6.011410
v -1.019493 0.451308 6.011410
v -1.012752 0.453133 6.011410
v -1.006010 0.451308 6.011410
v -1.001218 0.446515 6.011410
v -0.999393 0.439773 0.011410
v -1.001217 0.433032 0.011410
v -1.006010 0.428239 0.011410
v -1.012751 0.426415 0.011410
v -1.019493 0.428239 0.011410
v -1.024285 0.433032 0.011410
v -1.026110 0.439773 0.011410
v -1.024285 0.446514 0.011410
v -1.019493 0.451307 0.011410
v -1.012751 0.453132 0.011410
v -1.006010 0.451307 0.011410
v -1.001217 0.446514 0.011410
v -0.999393 0.439773 0.011410
v -1.001217 0.433032 0.011410
v -1.006010 0.428239 0.011410
v -1.012751 0.426415 0.011410
v -1.019493 0.428239 0.011410
v -1.024285 0.433032 0.011410
v -1.026110 0.439773 0.011410
v -1.024285 0.446514 0.011410
v -1.019493 0.451307 0.011410
v -1.012751 0.453132 0.011410
v -1.006010 0.451307 0.011410
v -1.001217 0.446514 0.011410
v -0.999393 0.439774 6.011410
v -1.001218 0.433033 6.011410
v -1.006010 0.428240 6.011410
v -1.012752 0.426416 6.011410
v -1.019493 0.428240 6.011410
v -1.024286 0.433033 6.011410
v -1.026110 0.439774 6.011410
v -1.024286 0.446515 6.011410
v -1.019493 0.451308 6.011410
v -1.012752 0.453133 6.011410
v -1.006010 0.451308 6.011410
v -1.001218 0.446515 6.011410
v 1.528574 -1.084255 -0.018294
v 1.528574 -1.084254 6.041113
v -1.531611 -1.084255 -0.018294
v -1.531611 -1.084254 6.041113
v 0.439695 -1.084255 -0.018294
v -0.442732 -1.084255 -0.018294
v -0.442732 -1.084254 6.041113
v 0.439695 -1.084254 6.041113
v -1.531611 -1.064254 6.041113
v 1.528574 -1.064255 -0.018294
v -1.531611 -1.064255 -0.018294
v 1.528574 -1.064254 6.041113
v -0.442732 -1.064255 -0.018294
v 0.439695 -1.064255 -0.018294
v 0.439695 -1.064254 6.041113
v -0.442732 -1.064254 6.041113
v 0.439695 -1.084255 -0.018294
v -0.442732 -1.084255 -0.018294
v -0.442732 -1.084254 6.041113
v 0.439695 -1.084254 6.041113
v 0.462512 -0.312102 0.009374
v 0.462512 -0.318843 0.007550
v 0.462512 -0.323636 0.002757
v 0.462512 -0.325460 -0.003984
v 0.462512 -0.323636 -0.010725
v 0.462512 -0.318843 -0.015518
v 0.462512 -0.312102 -0.017343
v 0.462512 -0.305361 -0.015518
v 0.462512 -0.300568 -0.010725
v 0.462512 -0.298744 -0.003984
v 0.462512 -0.300568 0.002757
v 0.462512 -0.305361 0.007550
v 1.407074 -0.312102 0.009374
v 1.407074 -0.318843 0.007550
v 1.407074 -0.323636 0.002757
v 1.407074 -0.325460 -0.003984
v 1.407074 -0.323636 -0.010725
v 1.407074 -0.318843 -0.015518
v 1.407074 -0.312102 -0.017342
v 1.407074 -0.305361 -0.015518
v 1.407074 -0.300568 -0.010725
v 1.407074 -0.298744 -0.003984
v 1.407074 -0.300568 0.002757
v 1.407074 -0.305361 0.007550
v 1.407074 -0.312102 0.009374
v 1.407074 -0.318843 0.007550
v 1.407074 -0.323636 0.002757
v 1.407074 -0.325460 -0.003984
v 1.407074 -0.323636 -0.010725
v 1.407074 -0.318843 -0.015518
v 1.407074 -0.312102 -0.017342
v 1.407074 -0.305361 -0.015518
v 1.407074 -0.300568 -0.010725
v 1.407074 -0.298744 -0.003984
v 1.407074 -0.300568 0.002757
v 1.407074 -0.305361 0.007550
v 0.462512 -0.312102 0.009374
v 0.462512 -0.318843 0.007550
v 0.462512 -0.323636 0.002757
v 0.462512 -0.325460 -0.003984
v 0.462512 -0.323636 -0.010725
v 0.462512 -0.318843 -0.015518
v 0.462512 -0.312102 -0.017343
v 0.462512 -0.305361 -0.015518
v 0.462512 -0.300568 -0.010725
v 0.462512 -0.298744 -0.003984
v 0.462512 -0.300568 0.002757
v 0.462512 -0.305361 0.007550
v -0.465550 -0.312102 -0.017343
v -0.465550 -0.318843 -0.015518
v -0.465550 -0.323636 -0.010725
v -0.465550 -0.325460 -0.003984
v -0.465550 -0.323636 0.002757
v -0.465550 -0.318843 0.007550
v -0.465550 -0.312102 0.009374
v -0.465550 -0.305361 0.007550
v -0.465550 -0.300568 0.002757
v -0.465550 -0.298744 -0.003984
v -0.465550 -0.300568 -0.010725
v -0.465550 -0.305361 -0.015518
v -1.410112 -0.312102 -0.017342
v -1.410112 -0.318843 -0.015518
v -1.410112 -0.323636 -0.010725
v -1.410112 -0.325460 -0.003984
v -1.410112 -0.323636 0.002757
v -1.410112 -0.318843 0.007550
v -1.410112 -0.312102 0.009374
v -1.410112 -0.305361 0.007550
v -1.410112 -0.300568 0.002757
v -1.410112 -0.298744 -0.003984
v -1.410112 -0.300568 -0.010725
v -1.410112 -0.305361 -0.015518
v -1.410112 -0.312102 -0.017342
v -1.410112 -0.318843 -0.015518
v -1.410112 -0.323636 -0.010725
v -1.410112 -0.325460 -0.003984
v -1.410112 -0.323636 0.002757
v -1.410112 -0.318843 0.007550
v -1.410112 -0.312102 0.009374
v -1.410112 -0.305361 0.007550
v -1.410112 -0.300568 0.002757
v -1.410112 -0.298744 -0.003984
v -1.410112 -0.300568 -0.010725
v -1.410112 -0.305361 -0.015518
v -0.465550 -0.312102 -0.017343
v -0.465550 -0.318843 -0.015518
v -0.465550 -0.323636 -0.010725
v -0.465550 -0.325460 -0.003984
v -0.465550 -0.323636 0.002757
v -0.465550 -0.318843 0.007550
v -0.465550 -0.312102 0.009374
v -0.465550 -0.305361 0.007550
v -0.465550 -0.300568 0.002757
v -0.465550 -0.298744 -0.003984
v -0.465550 -0.300568 -0.010725
v -0.465550 -0.305361 -0.015518
v 0.462512 -0.312102 6.040161
v 0.462512 -0.318843 6.038337
v 0.462512 -0.323636 6.033544
v 0.462512 -0.325460 6.026803
v 0.462512 -0.323636 6.020061
v 0.462512 -0.318843 6.015268
v 0.462512 -0.312102 6.013444
v 0.462512 -0.305361 6.015268
v 0.462512 -0.300568 6.020061
v 0.462512 -0.298744 6.026803
v 0.462512 -0.300568 6.033544
v 0.462512 -0.305361 6.038337
v 1.407074 -0.312102 6.040161
v 1.407074 -0.318843 6.038336
v 1.407074 -0.323636 6.033544
v 1.407074 -0.325460 6.026802
v 1.407074 -0.323636 6.020061
v 1.407074 -0.318843 6.015268
v 1.407074 -0.312102 6.013444
v 1.407074 -0.305361 6.015268
v 1.407074 -0.300568 6.020061
v 1.407074 -0.298744 6.026802
v 1.407074 -0.300568 6.033544
v 1.407074 -0.305361 6.038336
v 1.407074 -0.312102 6.040161
v 1.407074 -0.318843 6.038336
v 1.407074 -0.323636 6.033544
v 1.407074 -0.325460 6.026802
v 1.407074 -0.323636 6.020061
v 1.407074 -0.318843 6.015268
v 1.407074 -0.312102 6.013444
v 1.407074 -0.305361 6.015268
v 1.407074 -0.300568 6.020061
v 1.407074 -0.298744 6.026802
v 1.407074 -0.300568 6.033544
v 1.407074 -0.305361 6.038336
v 0.462512 -0.312102 6.040161
v 0.462512 -0.318843 6.038337
v 0.462512 -0.323636 6.033544
v 0.462512 -0.325460 6.026803
v 0.462512 -0.323636 6.020061
v 0.462512 -0.318843 6.015268
v 0.462512 -0.312102 6.013444
v 0.462512 -0.305361 6.015268
v 0.462512 -0.300568 6.020061
v 0.462512 -0.298744 6.026803
v 0.462512 -0.300568 6.033544
v 0.462512 -0.305361 6.038337
v -0.465550 -0.312102 6.013444
v -0.465550 -0.318843 6.015268
v -0.465550 -0.323636 6.020061
v -0.465550 -0.325460 6.026803
v -0.465550 -0.323636 6.033544
v -0.465550 -0.318843 6.038337
v -0.465550 -0.312102 6.040161
v -0.465550 -0.305361 6.038337
v -0.465550 -0.300568 6.033544
v -0.465550 -0.298744 6.026803
v -0.465550 -0.300568 6.020061
v -0.465550 -0.305361 6.015268
v -1.410112 -0.312102 6.013444
v -1.410112 -0.318843 6.015268
v -1.410112 -0.323636 6.020061
v -1.410112 -0.325460 6.026802
v -1.410112 -0.323636 6.033544
v -1.410112 -0.318843 6.038337
v -1.410112 -0.312102 6.040161
v -1.410112 -0.305361 6.038337
v -1.410112 -0.300568 6.033544
v -1.410112 -0.298744 6.026802
v -1.410112 -0.300568 6.020061
v -1.410112 -0.305361 6.015268
v -1.410112 -0.312102 6.013444
v -1.410112 -0.318843 6.015268
v -1.410112 -0.323636 6.020061
v -1.410112 -0.325460 6.026802
v -1.410112 -0.323636 6.033544
v -1.410112 -0.318843 6.038337
v -1.410112 -0.312102 6.040161
v -1.410112 -0.305361 6.038337
v -1.410112 -0.300568 6.033544
v -1.410112 -0.298744 6.026802
v -1.410112 -0.300568 6.020061
v -1.410112 -0.305361 6.015268
v -0.465550 -0.312102 6.013444
v -0.465550 -0.318843 6.015268
v -0.465550 -0.323636 6.020061
v -0.465550 -0.325460 6.026803
v -0.465550 -0.323636 6.033544
v -0.465550 -0.318843 6.038337
v -0.465550 -0.312102 6.040161
v -0.465550 -0.305361 6.038337
v -0.465550 -0.300568 6.033544
v -0.465550 -0.298744 6.026803
v -0.465550 -0.300568 6.020061
v -0.465550 -0.305361 6.015268
vn -0.0000 1.0000 -0.0000
vn -1.0000 0.0099 -0.0000
vn -0.9993 0.0375 -0.0000
vn -0.9241 0.0347 -0.3805
vn -0.9242 0.0091 -0.3818
vn -0.9935 0.1141 -0.0000
vn -0.9197 0.1056 -0.3781
vn -0.7082 0.0812 -0.7013
vn -0.7095 0.0265 -0.7042
vn -0.7082 0.0070 -0.7059
vn -0.7082 0.0070 0.7059
vn -0.7095 0.0265 0.7042
vn -0.9241 0.0347 0.3805
vn -0.9242 0.0091 0.3818
vn -0.7082 0.0812 0.7013
vn -0.9197 0.1056 0.3781
vn -0.0012 -0.0000 1.0000
vn -0.0035 0.0001 1.0000
vn -0.3864 0.0144 0.9222
vn -0.3842 0.0037 0.9232
vn -0.0062 0.0006 1.0000
vn -0.3878 0.0443 0.9207
vn 0.7070 -0.0067 0.7072
vn 0.7060 -0.0260 0.7077
vn 0.3807 -0.0141 0.9246
vn 0.3822 -0.0036 0.9241
vn 0.7022 -0.0798 0.7075
vn 0.3776 -0.0431 0.9249
vn 1.0000 -0.0093 -0.0000
vn 0.9993 -0.0366 -0.0000
vn 0.9232 -0.0338 0.3828
vn 0.9239 -0.0086 0.3826
vn 0.9936 -0.1126 -0.0000
vn 0.9181 -0.1041 0.3823
vn 0.7070 -0.0067 -0.7071
vn 0.7061 -0.0260 -0.7077
vn 0.9232 -0.0338 -0.3828
vn 0.9239 -0.0086 -0.3826
vn 0.7022 -0.0798 -0.7075
vn 0.9181 -0.1041 -0.3823
vn -0.0012 -0.0000 -1.0000
vn -0.0035 0.0001 -1.0000
vn 0.3807 -0.0141 -0.9246
vn 0.3822 -0.0036 -0.9241
vn -0.0062 0.0006 -1.0000
vn 0.3776 -0.0431 -0.9249
vn -0.3864 0.0144 -0.9222
vn -0.3842 0.0037 -0.9232
vn -0.3878 0.0443 -0.9207
vn -0.9727 0.2320 -0.0000
vn -0.9015 0.2150 -0.3755
vn -0.9217 0.3878 -0.0000
vn -0.8552 0.3598 -0.3731
vn -0.6627 0.2787 -0.6950
vn -0.6965 0.1660 -0.6981
vn -0.6965 0.1660 0.6981
vn -0.9015 0.2150 0.3755
vn -0.6627 0.2787 0.6950
vn -0.8552 0.3598 0.3731
vn -0.0088 0.0020 1.0000
vn -0.3837 0.0913 0.9189
vn -0.0111 0.0046 0.9999
vn -0.3672 0.1543 0.9173
vn 0.6882 -0.1632 0.7069
vn 0.3693 -0.0878 0.9252
vn 0.6523 -0.2737 0.7068
vn 0.3490 -0.1466 0.9256
vn 0.9731 -0.2303 -0.0000
vn 0.8995 -0.2130 0.3815
vn 0.9223 -0.3865 -0.0000
vn 0.8527 -0.3575 0.3810
vn 0.6882 -0.1632 -0.7069
vn 0.8995 -0.2130 -0.3815
vn 0.6523 -0.2737 -0.7068
vn 0.8527 -0.3575 -0.3810
vn -0.0088 0.0020 -1.0000
vn 0.3693 -0.0878 -0.9252
vn -0.0111 0.0046 -0.9999
vn 0.3490 -0.1466 -0.9256
vn -0.3837 0.0913 -0.9189
vn -0.3672 0.1543 -0.9173
vn -0.8313 0.5558 -0.0000
vn -0.7718 0.5160 -0.3716
vn -0.7071 0.7071 -0.0000
vn -0.6566 0.6567 -0.3710
vn -0.5100 0.5100 -0.6926
vn -0.5991 0.4005 -0.6933
vn -0.5991 0.4005 0.6933
vn -0.7718 0.5160 0.3716
vn -0.5100 0.5100 0.6926
vn -0.6566 0.6567 0.3710
vn -0.0105 0.0070 0.9999
vn -0.3326 0.2223 0.9165
vn -0.0090 0.0090 0.9999
vn -0.2833 0.2834 0.9162
vn 0.5892 -0.3936 0.7057
vn 0.3155 -0.2108 0.9252
vn 0.5015 -0.5014 0.7050
vn 0.2687 -0.2687 0.9250
vn 0.8316 -0.5553 -0.0000
vn 0.7693 -0.5137 0.3798
vn 0.7071 -0.7071 -0.0000
vn 0.6543 -0.6542 0.3793
vn 0.5892 -0.3936 -0.7056
vn 0.7693 -0.5137 -0.3798
vn 0.5015 -0.5015 -0.7050
vn 0.6543 -0.6542 -0.3793
vn -0.0105 0.0070 -0.9999
vn 0.3155 -0.2108 -0.9252
vn -0.0090 0.0090 -0.9999
vn 0.2687 -0.2687 -0.9250
vn -0.3326 0.2223 -0.9165
vn -0.2834 0.2834 -0.9162
vn -0.5556 0.8315 -0.0000
vn -0.5159 0.7721 -0.3710
vn -0.3827 0.9239 -0.0000
vn -0.3554 0.8580 -0.3709
vn -0.2761 0.6665 -0.6926
vn -0.4008 0.5998 -0.6926
vn -0.4008 0.5998 0.6926
vn -0.5159 0.7721 0.3710
vn -0.2761 0.6665 0.6925
vn -0.3554 0.8580 0.3710
vn -0.0070 0.0105 0.9999
vn -0.2227 0.3332 0.9162
vn -0.0049 0.0117 0.9999
vn -0.1534 0.3703 0.9162
vn 0.3941 -0.5898 0.7049
vn 0.2112 -0.3161 0.9249
vn 0.2714 -0.6553 0.7049
vn 0.1454 -0.3511 0.9250
vn 0.5556 -0.8315 -0.0000
vn 0.5141 -0.7694 0.3791
vn 0.3827 -0.9239 -0.0000
vn 0.3541 -0.8549 0.3792
vn 0.3941 -0.5898 -0.7049
vn 0.5141 -0.7694 -0.3791
vn 0.2714 -0.6553 -0.7049
vn 0.3541 -0.8549 -0.3792
vn -0.0070 0.0105 -0.9999
vn 0.2112 -0.3161 -0.9249
vn -0.0049 0.0117 -0.9999
vn 0.1454 -0.3511 -0.9250
vn -0.2227 0.3332 -0.9162
vn -0.1534 0.3703 -0.9162
vn -0.1951 0.9808 -0.0000
vn -0.1812 0.9108 -0.3709
vn -0.0000 0.9287 -0.3709
vn -0.0000 0.7214 -0.6925
vn -0.1407 0.7075 -0.6926
vn -0.1407 0.7075 0.6926
vn -0.1812 0.9108 0.3710
vn -0.0000 0.7214 0.6925
vn -0.0000 0.9287 0.3709
vn -0.0025 0.0124 0.9999
vn -0.0782 0.3931 0.9162
vn -0.0000 0.0127 0.9999
vn -0.0000 0.4008 0.9162
vn 0.1384 -0.6957 0.7049
vn 0.0742 -0.3728 0.9249
vn -0.0000 -0.7093 0.7049
vn -0.0000 -0.3801 0.9250
vn 0.1951 -0.9808 -0.0000
vn 0.1805 -0.9076 0.3791
vn -0.0000 -1.0000 -0.0000
vn -0.0000 -0.9253 0.3792
vn 0.1384 -0.6957 -0.7049
vn 0.1805 -0.9076 -0.3791
vn -0.0000 -0.7093 -0.7049
vn -0.0000 -0.9253 -0.3792
vn -0.0025 0.0124 -0.9999
vn 0.0742 -0.3728 -0.9249
vn -0.0000 0.0127 -0.9999
vn -0.0000 -0.3800 -0.9250
vn -0.0782 0.3931 -0.9162
vn -0.0000 0.4008 -0.9162
vn 0.1951 0.9808 -0.0000
vn 0.1812 0.9108 -0.3710
vn 0.3827 0.9239 -0.0000
vn 0.3554 0.8580 -0.3709
vn 0.2761 0.6665 -0.6925
vn 0.1407 0.7075 -0.6926
vn 0.1407 0.7075 0.6926
vn 0.1812 0.9108 0.3709
vn 0.2761 0.6665 0.6926
vn 0.3554 0.8580 0.3709
vn 0.0025 0.0124 0.9999
vn 0.0782 0.3931 0.9162
vn 0.0049 0.0118 0.9999
vn 0.1534 0.3703 0.9162
vn -0.1384 -0.6957 0.7049
vn -0.0742 -0.3728 0.9249
vn -0.2714 -0.6553 0.7049
vn -0.1454 -0.3511 0.9250
vn -0.1951 -0.9808 -0.0000
vn -0.1805 -0.9076 0.3791
vn -0.3827 -0.9239 -0.0000
vn -0.3541 -0.8549 0.3792
vn -0.1384 -0.6957 -0.7049
vn -0.1805 -0.9076 -0.3791
vn -0.2714 -0.6553 -0.7049
vn -0.3541 -0.8549 -0.3792
vn 0.0025 0.0124 -0.9999
vn -0.0742 -0.3728 -0.9249
vn 0.0049 0.0117 -0.9999
vn -0.1454 -0.3511 -0.9250
vn 0.0782 0.3931 -0.9162
vn 0.1534 0.3703 -0.9162
vn 0.5556 0.8315 -0.0000
vn 0.5159 0.7721 -0.3709
vn 0.7071 0.7071 -0.0000
vn 0.6566 0.6567 -0.3710
vn 0.5100 0.5100 -0.6926
vn 0.4008 0.5998 -0.6926
vn 0.4008 0.5998 0.6926
vn 0.5159 0.7722 0.3709
vn 0.5100 0.5101 0.6926
vn 0.6566 0.6567 0.3710
vn 0.0070 0.0105 0.9999
vn 0.2227 0.3332 0.9162
vn 0.0090 0.0090 0.9999
vn 0.2833 0.2834 0.9162
vn -0.3941 -0.5898 0.7049
vn -0.2112 -0.3161 0.9249
vn -0.5015 -0.5015 0.7050
vn -0.2687 -0.2687 0.9250
vn -0.5556 -0.8315 -0.0000
vn -0.5141 -0.7694 0.3791
vn -0.7071 -0.7071 -0.0000
vn -0.6543 -0.6543 0.3793
vn -0.3941 -0.5898 -0.7049
vn -0.5141 -0.7694 -0.3791
vn -0.5015 -0.5015 -0.7050
vn -0.6543 -0.6543 -0.3793
vn 0.0070 0.0105 -0.9999
vn -0.2112 -0.3161 -0.9249
vn 0.0090 0.0090 -0.9999
vn -0.2687 -0.2687 -0.9250
vn 0.2227 0.3332 -0.9162
vn 0.2833 0.2834 -0.9162
vn 0.8313 0.5558 -0.0000
vn 0.7718 0.5160 -0.3716
vn 0.9217 0.3878 -0.0000
vn 0.8552 0.3598 -0.3731
vn 0.6627 0.2787 -0.6950
vn 0.5991 0.4005 -0.6933
vn 0.5991 0.4005 0.6933
vn 0.7718 0.5160 0.3716
vn 0.6628 0.2787 0.6950
vn 0.8552 0.3598 0.3731
vn 0.0105 0.0070 0.9999
vn 0.3326 0.2223 0.9165
vn 0.0111 0.0046 0.9999
vn 0.3672 0.1543 0.9173
vn -0.5892 -0.3936 0.7056
vn -0.3155 -0.2108 0.9252
vn -0.6523 -0.2737 0.7068
vn -0.3490 -0.1466 0.9256
vn -0.8316 -0.5553 -0.0000
vn -0.7693 -0.5137 0.3798
vn -0.9223 -0.3865 -0.0000
vn -0.8527 -0.3575 0.3810
vn -0.5892 -0.3936 -0.7056
vn -0.7693 -0.5137 -0.3798
vn -0.6523 -0.2737 -0.7068
vn -0.8527 -0.3575 -0.3810
vn 0.0105 0.0070 -0.9999
vn -0.3155 -0.2108 -0.9252
vn 0.0111 0.0045 -0.9999
vn -0.3490 -0.1466 -0.9256
vn 0.3326 0.2223 -0.9165
vn 0.3672 0.1543 -0.9173
vn 0.9727 0.2320 -0.0000
vn 0.9015 0.2150 -0.3755
vn 0.9935 0.1141 -0.0000
vn 0.9197 0.1056 -0.3781
vn 0.7082 0.0812 -0.7013
vn 0.6965 0.1660 -0.6981
vn 0.6965 0.1660 0.6980
vn 0.9015 0.2150 0.3755
vn 0.7082 0.0812 0.7013
vn 0.9197 0.1056 0.3781
vn 0.0088 0.0020 1.0000
vn 0.3837 0.0913 0.9189
vn 0.0062 0.0006 1.0000
vn 0.3878 0.0443 0.9207
vn -0.6882 -0.1632 0.7069
vn -0.3693 -0.0878 0.9252
vn -0.7022 -0.0798 0.7075
vn -0.3776 -0.0431 0.9249
vn -0.9731 -0.2303 -0.0000
vn -0.8995 -0.2130 0.3815
vn -0.9936 -0.1126 -0.0000
vn -0.9181 -0.1041 0.3823
vn -0.6882 -0.1632 -0.7069
vn -0.8995 -0.2130 -0.3815
vn -0.7022 -0.0798 -0.7075
vn -0.9181 -0.1041 -0.3823
vn 0.0088 0.0019 -1.0000
vn -0.3693 -0.0878 -0.9252
vn 0.0062 0.0006 -1.0000
vn -0.3776 -0.0431 -0.9249
vn 0.3837 0.0913 -0.9189
vn 0.3878 0.0443 -0.9207
vn 0.9993 0.0375 -0.0000
vn 0.9241 0.0347 -0.3805
vn 1.0000 0.0099 -0.0000
vn 0.9242 0.0091 -0.3818
vn 0.7082 0.0070 -0.7059
vn 0.7095 0.0265 -0.7042
vn 0.7095 0.0265 0.7042
vn 0.9241 0.0347 0.3805
vn 0.7082 0.0070 0.7059
vn 0.9242 0.0091 0.3818
vn 0.0035 0.0001 1.0000
vn 0.3864 0.0144 0.9222
vn 0.0012 -0.0000 1.0000
vn 0.3842 0.0037 0.9232
vn -0.7060 -0.0260 0.7077
vn -0.3807 -0.0141 0.9246
vn -0.7070 -0.0067 0.7071
vn -0.3822 -0.0036 0.9241
vn -0.9993 -0.0366 -0.0000
vn -0.9232 -0.0338 0.3828
vn -1.0000 -0.0093 -0.0000
vn -0.9239 -0.0086 0.3826
vn -0.7060 -0.0260 -0.7077
vn -0.9232 -0.0338 -0.3828
vn -0.7070 -0.0067 -0.7071
vn -0.9239 -0.0086 -0.3826
vn 0.0035 0.0001 -1.0000
vn -0.3807 -0.0141 -0.9246
vn 0.0012 -0.0000 -1.0000
vn -0.3822 -0.0036 -0.9241
vn 0.3864 0.0144 -0.9222
vn 0.3842 0.0037 -0.9232
vn 0.3776 -0.0431 0.9250
vn 0.7060 -0.0260 -0.7077
vn 0.5892 -0.3936 0.7056
vn 0.6543 -0.6543 0.3793
vn 0.6543 -0.6543 -0.3793
vn -0.2833 0.2834 -0.9162
vn -0.5159 0.7721 -0.3709
vn -0.3554 0.8580 0.3709
vn -0.0049 0.0118 -0.9999
vn -0.0000 0.7214 -0.6926
vn -0.0000 -0.3801 -0.9250
vn 0.1812 0.9108 -0.3709
vn 0.2761 0.6665 -0.6926
vn 0.1812 0.9108 0.3710
vn 0.2761 0.6665 0.6925
vn 0.0049 0.0117 0.9999
vn 0.0049 0.0118 -0.9999
vn 0.5159 0.7722 -0.3709
vn 0.5100 0.5100 -0.6927
vn 0.5159 0.7721 0.3709
vn 0.5100 0.5100 0.6926
vn -0.5015 -0.5014 0.7050
vn 0.0111 0.0045 0.9999
vn 0.0111 0.0046 -0.9999
vn 0.6965 0.1660 0.6981
vn -0.3776 -0.0431 0.9250
vn 0.0088 0.0020 -1.0000
vn -0.3776 -0.0431 -0.9250
vn 0.7083 0.0070 0.7059
vn -0.6965 0.1660 0.6980
vn -0.6628 0.2787 0.6950
vn -0.2834 0.2834 0.9162
vn 0.5015 -0.5015 0.7050
vn 0.7693 -0.5138 0.3798
vn -0.2761 0.6665 -0.6925
vn -0.0049 0.0118 0.9999
vn -0.1812 0.9108 -0.3710
vn -0.0000 0.9287 -0.3710
vn -0.1384 -0.6957 0.7048
vn 0.5159 0.7721 -0.3710
vn 0.6566 0.6567 -0.3711
vn -0.3941 -0.5898 0.7048
vn 0.7718 0.5160 -0.3717
vn 0.6628 0.2787 -0.6950
vn 0.6965 0.1660 -0.6980
vn 0.7083 0.0070 -0.7059
vn -0.7070 -0.0067 0.7072
vn 0.0034 0.0001 -1.0000
vn -0.7083 0.0070 -0.7059
vn -0.0034 0.0001 -1.0000
vn 0.3776 -0.0431 -0.9250
vn 0.5015 -0.5014 0.7051
vn -0.1534 0.3703 0.9161
vn -0.0000 0.9287 0.3710
vn -0.0000 0.4008 0.9161
vn -0.0000 0.4008 -0.9161
vn 0.2761 0.6664 -0.6926
vn 0.3554 0.8580 0.3710
vn 0.5159 0.7721 0.3710
vn 0.5100 0.5100 0.6927
vn 0.6566 0.6567 0.3711
vn -0.2686 -0.2687 0.9250
vn 0.2834 0.2834 -0.9162
vn 0.5990 0.4005 -0.6934
vn 0.7718 0.5160 0.3717
vn 0.6627 0.2787 0.6950
vn -0.5892 -0.3936 0.7057
vn -0.9232 -0.0338 0.3829
vn -0.7061 -0.0260 -0.7077
vn 0.3777 -0.0431 0.9249
vn 0.3823 -0.0036 -0.9241
vn 0.3777 -0.0431 -0.9249
vn -0.0111 0.0045 0.9999
vn -0.0088 0.0019 -1.0000
vn -0.0111 0.0045 -0.9999
vn -0.3837 0.0913 -0.9190
vn -0.3671 0.1543 -0.9173
vn -0.5100 0.5101 -0.6926
vn 0.6543 -0.6543 0.3792
vn 0.5892 -0.3936 -0.7057
vn 0.5015 -0.5014 -0.7050
vn -0.3554 0.8580 -0.3710
vn -0.4008 0.5998 -0.6925
vn -0.5159 0.7721 0.3709
vn -0.0048 0.0117 -0.9999
vn -0.0000 0.9286 -0.3710
vn -0.1812 0.9108 0.3709
vn -0.0000 -0.7092 -0.7050
vn 0.3554 0.8580 -0.3710
vn 0.0048 0.0117 -0.9999
vn 0.5100 0.5101 -0.6926
vn -0.5015 -0.5014 -0.7051
vn -0.6543 -0.6542 -0.3793
vn -0.5892 -0.3936 -0.7057
vn -0.7693 -0.5137 -0.3799
vn 0.0104 0.0070 -0.9999
vn 0.3671 0.1543 -0.9173
vn 0.6966 0.1660 -0.6980
vn 0.0088 0.0019 1.0000
vn -0.6882 -0.1632 -0.7070
vn 0.0087 0.0019 -1.0000
vn 0.3837 0.0913 -0.9190
vn 0.7082 0.0069 -0.7059
vn 0.0034 0.0001 1.0000
vn 0.3863 0.0144 0.9222
vn -0.3806 -0.0141 0.9246
vn -0.9232 -0.0338 -0.3829
vn -0.3806 -0.0141 -0.9246
vn 0.3863 0.0144 -0.9222
vn -0.0000 -0.0000 1.0000
vn -1.0000 -0.0000 -0.0000
vn 1.0000 -0.0000 -0.0000
vn -0.0000 -0.0000 -1.0000
vn 0.9986 0.0397 -0.0337
vn 0.9982 0.0574 -0.0151
vn 0.9873 0.1537 -0.0397
vn 0.9878 0.1296 -0.0859
vn -0.9978 0.0211 -0.0630
vn -0.9997 0.0027 -0.0238
vn -1.0000 0.0019 -0.0000
vn -0.9998 0.0199 -0.0000
vn 0.3715 0.9002 -0.2271
vn 0.3755 0.9153 -0.1455
vn 0.2399 0.9626 -0.1256
vn 0.2013 0.9542 -0.2213
vn -0.1787 0.8988 0.4003
vn -0.0000 0.9163 0.4004
vn -0.0000 0.9601 0.2797
vn -0.1873 0.9416 0.2797
vn -0.9994 0.0052 0.0341
vn -0.9957 0.0249 0.0889
vn -0.9979 0.0211 0.0620
vn -0.9997 0.0027 0.0238
vn 0.9567 0.2828 -0.0690
vn 0.9546 0.2625 -0.1409
vn 0.2013 0.9542 0.2213
vn 0.2399 0.9626 0.1256
vn 0.3755 0.9153 0.1455
vn 0.3715 0.9002 0.2272
vn -0.9071 0.4107 -0.0921
vn -0.9002 0.3986 -0.1753
vn -0.8223 0.5394 -0.1816
vn -0.8484 0.5224 -0.0851
vn 0.6928 0.6967 0.1859
vn 0.7010 0.7086 0.0804
vn 0.8484 0.5224 0.0851
vn 0.8223 0.5394 0.1816
vn 0.9071 0.4107 0.0921
vn 0.9002 0.3986 0.1753
vn 0.5338 0.8196 0.2082
vn 0.5140 0.8500 0.1153
vn -0.9974 0.0296 -0.0663
vn -0.9797 0.1149 -0.1646
vn -0.9878 0.1296 -0.0859
vn -0.9986 0.0397 -0.0337
vn -0.5338 0.8196 -0.2082
vn -0.3715 0.9002 -0.2271
vn -0.3755 0.9153 -0.1455
vn -0.5140 0.8500 -0.1153
vn -0.8818 0.3839 -0.2737
vn -0.9414 0.2412 -0.2357
vn -0.9688 0.2478 -0.0000
vn -0.9169 0.3991 -0.0000
vn 0.9567 0.2828 0.0690
vn 0.9548 0.2625 0.1397
vn -0.6686 0.6699 -0.3228
vn -0.5242 0.7860 -0.3278
vn -0.6928 0.6967 -0.1859
vn -0.9169 0.3991 0.0029
vn -0.9690 0.2471 0.0025
vn -0.9420 0.2406 0.2341
vn -0.8819 0.3839 0.2737
vn -0.0000 0.9772 0.2124
vn -0.0000 0.9947 0.1029
vn -0.3605 0.8717 0.3320
vn -0.3507 0.8468 0.4000
vn -0.5092 0.7624 0.3994
vn -0.5242 0.7860 0.3278
vn -0.9974 0.0296 0.0655
vn -0.9997 0.0081 0.0251
vn -0.9998 0.0144 0.0126
vn -0.9986 0.0399 0.0334
vn -0.9546 0.2625 -0.1409
vn -0.9567 0.2828 -0.0690
vn -0.7010 0.7086 -0.0804
vn -0.7030 0.7108 -0.0220
vn -0.8653 0.5005 -0.0258
vn 0.3674 0.8870 -0.2797
vn 0.3507 0.8468 -0.4000
vn 0.1787 0.8988 -0.4003
vn 0.1873 0.9416 -0.2797
vn -0.6483 0.6486 -0.3988
vn -0.5092 0.7624 -0.3994
vn 0.6788 0.6789 -0.2798
vn 0.6483 0.6486 -0.3988
vn 0.5092 0.7624 -0.3994
vn 0.5334 0.7983 -0.2797
vn -0.0000 0.9163 -0.4004
vn -0.0000 0.9601 -0.2797
vn -0.3772 0.9246 -0.0536
vn -0.4874 0.8723 -0.0390
vn -0.9873 0.1537 -0.0397
vn -0.9852 0.1712 -0.0125
vn -0.9975 0.0704 -0.0046
vn -0.9982 0.0574 -0.0151
vn -0.9074 0.4191 0.0312
vn -0.9071 0.4107 0.0921
vn -0.9567 0.2828 0.0690
vn -0.9544 0.2977 0.0225
vn 0.9826 0.1045 -0.1537
vn 0.9697 0.1071 -0.2194
vn 0.9118 0.2360 -0.3361
vn 0.9414 0.2412 -0.2357
vn -0.7030 0.7108 0.0220
vn -0.4874 0.8723 0.0390
vn 0.9997 0.0027 -0.0238
vn 0.9994 0.0051 -0.0342
vn 0.9957 0.0248 -0.0898
vn 0.9978 0.0211 -0.0630
vn 0.8444 0.3684 -0.3889
vn 0.8818 0.3839 -0.2737
vn -0.9074 0.4191 -0.0312
vn -0.8653 0.5005 0.0258
vn -0.0000 0.9947 -0.1029
vn -0.0000 0.9996 -0.0294
vn -0.2766 0.9601 -0.0421
vn -0.2399 0.9626 -0.1256
vn -0.9852 0.1712 0.0125
vn -0.9873 0.1537 0.0397
vn -0.9982 0.0574 0.0151
vn -0.9975 0.0704 0.0046
vn -0.9341 0.2466 -0.2580
vn -0.8724 0.3824 -0.3045
vn -0.9994 0.0337 0.0017
vn -0.9994 0.0337 -0.0017
vn 0.7623 0.5098 -0.3988
vn 0.7980 0.5336 -0.2803
vn -0.8444 0.3684 -0.3889
vn -0.7623 0.5098 -0.3988
vn -0.7878 0.5277 -0.3177
vn 0.8819 0.3839 0.2737
vn 0.7980 0.5336 0.2803
vn 0.7623 0.5098 0.3988
vn 0.8444 0.3684 0.3889
vn -0.9801 0.1149 0.1619
vn -0.9705 0.1069 0.2162
vn 0.6788 0.6789 0.2798
vn 0.6483 0.6486 0.3988
vn -0.6686 0.6699 0.3228
vn -0.6483 0.6486 0.3988
vn -0.7623 0.5098 0.3988
vn -0.7878 0.5277 0.3177
vn -0.3772 0.9246 0.0536
vn -0.2766 0.9601 0.0421
vn -0.7010 0.7086 0.0804
vn -0.8484 0.5224 0.0851
vn -0.0000 0.9996 0.0294
vn -0.2399 0.9626 0.1256
vn 0.3674 0.8870 0.2797
vn 0.1873 0.9416 0.2797
vn 0.1787 0.8988 0.4003
vn 0.3507 0.8468 0.4000
vn -0.3755 0.9153 0.1455
vn -0.5140 0.8500 0.1153
vn 0.9832 0.1033 0.1503
vn 0.9420 0.2406 0.2341
vn 0.9127 0.2357 0.3338
vn 0.9705 0.1069 0.2162
vn 0.5334 0.7983 0.2797
vn 0.5092 0.7624 0.3994
vn 0.5338 0.8196 -0.2082
vn 0.5140 0.8500 -0.1153
vn 0.9998 0.0144 -0.0126
vn 0.9997 0.0256 -0.0055
vn 0.7010 0.7086 -0.0804
vn 0.6928 0.6967 -0.1859
vn 0.5242 0.7859 0.3278
vn 0.6686 0.6699 0.3228
vn -0.2013 0.9542 0.2213
vn 0.9071 0.4107 -0.0921
vn 0.8484 0.5224 -0.0851
vn 0.8223 0.5394 -0.1816
vn 0.9002 0.3986 -0.1753
vn 0.9974 0.0296 -0.0663
vn 0.9797 0.1149 -0.1646
vn 0.9873 0.1537 0.0397
vn 0.9982 0.0574 0.0151
vn 0.9986 0.0399 0.0334
vn 0.9878 0.1307 0.0849
vn 0.7878 0.5277 0.3177
vn 0.8724 0.3824 0.3045
vn -0.6788 0.6789 -0.2798
vn -0.7980 0.5336 -0.2803
vn -0.5334 0.7983 -0.2797
vn -0.3674 0.8870 -0.2797
vn -0.3507 0.8468 -0.4000
vn -0.0000 1.0000 0.0030
vn -0.1951 0.9808 0.0030
vn -0.3674 0.8870 0.2797
vn 0.5242 0.7860 -0.3278
vn 0.3605 0.8717 -0.3320
vn -0.0000 0.9420 0.3356
vn -0.1836 0.9243 0.3347
vn -0.9826 0.1045 -0.1537
vn -0.9697 0.1071 -0.2194
vn -0.9957 0.0248 -0.0898
vn -0.8724 0.3823 0.3045
vn -0.8444 0.3684 0.3889
vn -0.9127 0.2357 0.3338
vn -0.9348 0.2465 0.2557
vn -0.9832 0.1033 0.1503
vn -0.9947 0.1032 0.0016
vn -0.9998 0.0199 0.0007
vn -0.6928 0.6967 0.1859
vn -0.8223 0.5394 0.1816
vn -0.2013 0.9542 -0.2213
vn -0.0000 0.9772 -0.2124
vn -0.9548 0.2625 0.1397
vn -0.9878 0.1307 0.0849
vn 0.1951 0.9808 0.0030
vn -0.9544 0.2977 -0.0225
vn 0.3827 0.9239 0.0030
vn -0.9118 0.2360 -0.3361
vn -0.1836 0.9243 -0.3347
vn -0.0000 0.9420 -0.3356
vn 0.9169 0.3991 0.0029
vn 0.9690 0.2471 0.0025
vn 0.9169 0.3991 -0.0000
vn 0.9688 0.2478 -0.0000
vn 0.9947 0.1032 0.0016
vn -0.3605 0.8717 -0.3320
vn -0.1787 0.8988 -0.4003
vn 0.9945 0.1046 -0.0000
vn 0.7071 0.7071 0.0030
vn 0.8313 0.5558 0.0030
vn -0.3714 0.9002 0.2272
vn -0.9996 0.0081 -0.0252
vn -0.9994 0.0051 -0.0342
vn 0.5556 0.8315 0.0030
vn -0.9002 0.3986 0.1753
vn 0.9979 0.0211 0.0620
vn 0.9998 0.0199 0.0006
vn 0.9998 0.0199 -0.0000
vn 0.9997 0.0027 0.0238
vn 1.0000 0.0019 0.0002
vn 0.9994 0.0052 0.0341
vn 0.9957 0.0249 0.0889
vn 1.0000 0.0019 -0.0000
vn 0.9996 0.0081 -0.0252
vn 0.9341 0.2466 -0.2580
vn 0.9801 0.1149 0.1619
vn 0.9974 0.0296 0.0655
vn 0.9998 0.0144 0.0126
vn 0.9997 0.0081 0.0251
vn 0.6686 0.6699 -0.3228
vn 0.1836 0.9243 -0.3347
vn 0.3605 0.8717 0.3320
vn -0.7980 0.5336 0.2803
vn 0.1836 0.9243 0.3347
vn -0.1873 0.9416 -0.2797
vn 0.8724 0.3824 -0.3045
vn 0.7878 0.5277 -0.3177
vn 0.9348 0.2465 0.2557
vn -0.5338 0.8196 0.2082
vn 0.9997 0.0256 0.0055
vn -0.9998 0.0144 -0.0126
vn -0.9997 0.0256 -0.0055
vn 0.9544 0.2977 0.0225
vn 0.9852 0.1712 0.0125
vn 0.9544 0.2977 -0.0225
vn 0.9852 0.1712 -0.0125
vn 0.9074 0.4191 -0.0312
vn 0.9074 0.4191 0.0312
vn 0.2766 0.9601 0.0421
vn 0.3772 0.9246 0.0536
vn 0.2766 0.9601 -0.0421
vn 0.3772 0.9246 -0.0536
vn 0.8653 0.5005 0.0258
vn 0.8653 0.5005 -0.0258
vn 0.7030 0.7108 -0.0220
vn 0.7030 0.7108 0.0220
vn -0.3827 0.9239 0.0030
vn -0.5556 0.8315 0.0030
vn -0.5334 0.7983 0.2797
vn -0.7071 0.7071 0.0030
vn -0.8313 0.5558 0.0030
vn -0.6788 0.6789 0.2798
vn -0.9945 0.1046 -0.0000
vn 0.9975 0.0704 0.0046
vn 0.9994 0.0337 0.0017
vn 0.9975 0.0704 -0.0046
vn 0.9994 0.0337 -0.0017
vn 0.4874 0.8723 0.0390
vn 0.4874 0.8723 -0.0390
vn -1.0000 0.0019 0.0002
vn -0.9997 0.0256 0.0055
vn 0.3714 0.9002 -0.2272
vn -0.9994 0.0051 0.0342
vn -0.9957 0.0248 0.0898
vn -0.9978 0.0211 0.0630
vn 0.3714 0.9002 0.2272
vn -0.3714 0.9002 -0.2271
vn 0.9546 0.2625 0.1409
vn -0.9414 0.2412 0.2357
vn -0.5242 0.7859 0.3278
vn -0.9974 0.0296 0.0663
vn -0.9996 0.0081 0.0252
vn -0.9986 0.0397 0.0337
vn -0.8724 0.3824 -0.3044
vn -0.9797 0.1149 0.1646
vn -0.9697 0.1071 0.2194
vn 0.9826 0.1045 0.1537
vn 0.9414 0.2412 0.2357
vn 0.9118 0.2360 0.3361
vn 0.9697 0.1071 0.2194
vn 0.5242 0.7860 0.3278
vn 0.9986 0.0397 0.0337
vn 0.9878 0.1296 0.0859
vn -0.8724 0.3824 0.3045
vn -0.9118 0.2360 0.3361
vn -0.9341 0.2466 0.2580
vn -0.9826 0.1045 0.1537
vn -0.9546 0.2625 0.1409
vn -0.9878 0.1296 0.0859
vn 0.9978 0.0211 0.0629
vn 0.9994 0.0051 0.0342
vn 0.9957 0.0248 0.0898
vn 0.9797 0.1149 0.1646
vn 0.9974 0.0296 0.0663
vn 0.9996 0.0081 0.0252
vn 0.8724 0.3824 -0.3044
vn 0.9341 0.2466 0.2580
vn -0.9978 0.0211 -0.0629
vn 0.3714 0.9002 -0.2271
vn 0.3714 0.9002 0.2271
vn -0.8819 0.3839 -0.2737
vn -0.5092 0.7623 -0.3994
vn 0.5092 0.7623 0.3994
vn -0.9826 0.1044 -0.1537
vn -1.0000 0.0019 -0.0003
vn -0.9998 0.0198 -0.0008
vn 0.3715 0.9002 -0.2272
vn -0.3714 0.9002 -0.2272
vn -0.9688 0.2478 -0.0029
vn -0.9169 0.3991 -0.0029
vn -0.8313 0.5558 -0.0030
vn -0.7071 0.7071 -0.0030
vn -0.0000 1.0000 -0.0030
vn 0.1951 0.9808 -0.0030
vn 0.3827 0.9239 -0.0029
vn 0.9169 0.3991 -0.0029
vn 0.9688 0.2478 -0.0029
vn 0.9946 0.1042 -0.0023
vn 0.7071 0.7071 -0.0030
vn 0.8313 0.5559 -0.0030
vn 0.5556 0.8315 -0.0030
vn 0.9998 0.0198 -0.0008
vn 1.0000 0.0019 -0.0002
vn 0.8724 0.3823 -0.3045
vn -0.5556 0.8315 -0.0030
vn -0.1951 0.9808 -0.0030
vn -0.9946 0.1042 -0.0023
vn -0.3827 0.9239 -0.0030
vn -0.3936 0.0111 -0.9192
vn -0.3660 0.0419 -0.9297
vn -0.1381 0.0170 -0.9903
vn -0.1380 0.0044 -0.9904
vn -0.2783 0.2795 -0.9189
vn -0.2270 0.3410 -0.9123
vn -0.0980 0.1520 -0.9835
vn -0.1197 0.1246 -0.9850
vn 0.3677 0.8878 -0.2768
vn 0.2869 0.6882 -0.6664
vn 0.1469 0.7338 -0.6633
vn 0.1875 0.9425 -0.2768
vn -0.5221 0.5183 -0.6773
vn -0.4137 0.6150 -0.6712
vn 0.6794 0.6795 -0.2768
vn 0.5221 0.5183 -0.6773
vn 0.4137 0.6150 -0.6712
vn 0.5339 0.7990 -0.2768
vn -0.0000 0.7494 -0.6622
vn -0.0000 0.9609 -0.2768
vn 0.9835 0.1033 -0.1488
vn 0.7924 0.0850 -0.6041
vn 0.7262 0.1830 -0.6627
vn 0.9425 0.2408 -0.2317
vn 0.9997 0.0027 -0.0235
vn 0.8670 0.0041 -0.4983
vn 0.8458 0.0201 -0.5331
vn 0.9979 0.0211 -0.0613
vn 0.6676 0.2879 -0.6866
vn 0.8826 0.3843 -0.2708
vn -0.3447 0.0909 -0.9343
vn -0.3321 0.1461 -0.9319
vn -0.1389 0.0642 -0.9882
vn -0.1399 0.0401 -0.9894
vn 0.6077 0.4027 -0.6845
vn 0.7987 0.5340 -0.2774
vn -0.6676 0.2879 -0.6866
vn -0.6077 0.4027 -0.6845
vn -0.3129 0.2104 -0.9262
vn 0.3936 0.0111 -0.9192
vn 0.1380 0.0044 -0.9904
vn 0.1381 0.0170 -0.9903
vn 0.3660 0.0419 -0.9297
vn -0.5339 0.7990 -0.2768
vn -0.3677 0.8878 -0.2768
vn -0.2869 0.6882 -0.6664
vn 0.2270 0.3410 -0.9122
vn 0.0980 0.1520 -0.9835
vn 0.0696 0.1739 -0.9823
vn 0.1609 0.3896 -0.9068
vn -0.9979 0.0211 -0.0613
vn -0.9835 0.1033 -0.1488
vn -0.7924 0.0850 -0.6041
vn -0.8458 0.0201 -0.5330
vn -0.7262 0.1830 -0.6627
vn -0.0835 0.4210 -0.9032
vn -0.0000 0.4318 -0.9020
vn -0.0000 0.1927 -0.9813
vn -0.0361 0.1878 -0.9815
vn -0.1609 0.3896 -0.9068
vn -0.1469 0.7338 -0.6633
vn -0.4079 0.0031 -0.9130
vn -0.8670 0.0041 -0.4983
vn 0.4079 0.0031 -0.9130
vn 0.1391 0.0014 -0.9903
vn 0.1399 0.0401 -0.9894
vn 0.3447 0.0909 -0.9343
vn 0.2783 0.2795 -0.9189
vn 0.1197 0.1246 -0.9850
vn 0.0361 0.1878 -0.9815
vn 0.0835 0.4209 -0.9032
vn -0.8826 0.3843 -0.2708
vn -0.7987 0.5340 -0.2774
vn -0.6794 0.6795 -0.2768
vn -0.9425 0.2408 -0.2317
vn -0.9997 0.0027 -0.0235
vn -0.1875 0.9425 -0.2768
vn 0.3321 0.1461 -0.9319
vn 0.1389 0.0642 -0.9882
vn 0.1337 0.0938 -0.9866
vn 0.3129 0.2104 -0.9262
vn -0.0696 0.1739 -0.9823
vn -0.1337 0.0938 -0.9866
vn -0.1391 0.0014 -0.9903
vn -0.0000 0.0001 -1.0000
vn -0.0000 0.0002 -1.0000
vn 0.0001 -0.0000 -1.0000
vn -0.0001 -0.0000 -1.0000
vn -0.1721 -0.0009 -0.9851
vn -0.3390 -0.0017 -0.9408
vn -0.3388 -0.0097 -0.9408
vn -0.1694 -0.0048 -0.9855
vn -0.3358 -0.0411 -0.9410
vn -0.1631 -0.0199 -0.9864
vn -0.1138 -0.1138 -0.9870
vn -0.2387 -0.2388 -0.9413
vn -0.1876 -0.2808 -0.9412
vn -0.0895 -0.1339 -0.9870
vn -0.1339 -0.0894 -0.9870
vn -0.2808 -0.1877 -0.9412
vn -0.0000 0.1818 -0.9833
vn -0.0354 0.1781 -0.9834
vn -0.0658 0.3312 -0.9413
vn -0.0000 0.3378 -0.9412
vn -0.1777 0.0220 -0.9838
vn -0.1745 0.0051 -0.9846
vn -0.3388 0.0098 -0.9408
vn -0.3358 0.0414 -0.9410
vn 0.1138 -0.1137 -0.9870
vn 0.2388 -0.2387 -0.9413
vn 0.2808 -0.1876 -0.9413
vn 0.1339 -0.0894 -0.9870
vn -0.1721 0.0008 -0.9851
vn -0.3390 0.0016 -0.9408
vn -0.1292 -0.3119 -0.9413
vn -0.0616 -0.1487 -0.9870
vn 0.1721 0.0008 -0.9851
vn 0.1745 0.0051 -0.9846
vn 0.3387 0.0098 -0.9408
vn 0.3390 0.0016 -0.9408
vn -0.3936 0.0111 0.9192
vn -0.1380 0.0044 0.9904
vn -0.1382 0.0171 0.9903
vn -0.3660 0.0421 0.9297
vn -0.2783 0.2795 0.9189
vn -0.1197 0.1246 0.9850
vn -0.0980 0.1520 0.9835
vn -0.2270 0.3410 0.9122
vn 0.3677 0.8878 0.2768
vn 0.1875 0.9424 0.2769
vn 0.1469 0.7338 0.6633
vn 0.2869 0.6882 0.6664
vn -0.4137 0.6150 0.6712
vn -0.5221 0.5183 0.6773
vn 0.6794 0.6795 0.2769
vn 0.5339 0.7990 0.2768
vn 0.4137 0.6150 0.6712
vn 0.5221 0.5183 0.6773
vn -0.0000 0.9609 0.2769
vn -0.0000 0.7494 0.6622
vn 0.9834 0.1039 0.1488
vn 0.9423 0.2414 0.2317
vn 0.7260 0.1836 0.6627
vn 0.7924 0.0855 0.6039
vn 0.9997 0.0027 0.0236
vn 0.9979 0.0210 0.0614
vn 0.8458 0.0200 0.5331
vn 0.8670 0.0040 0.4983
vn 0.8826 0.3843 0.2709
vn 0.6676 0.2879 0.6866
vn -0.3446 0.0911 0.9343
vn -0.1399 0.0402 0.9894
vn -0.1389 0.0642 0.9882
vn -0.3321 0.1461 0.9319
vn 0.7987 0.5340 0.2774
vn 0.6077 0.4027 0.6845
vn -0.3129 0.2104 0.9262
vn -0.6077 0.4027 0.6845
vn -0.6676 0.2879 0.6866
vn 0.3936 0.0111 0.9192
vn 0.3660 0.0421 0.9297
vn 0.1382 0.0171 0.9903
vn 0.1380 0.0044 0.9904
vn -0.5339 0.7990 0.2768
vn -0.2869 0.6882 0.6664
vn -0.3677 0.8878 0.2768
vn 0.2270 0.3410 0.9122
vn 0.1609 0.3896 0.9068
vn 0.0696 0.1739 0.9823
vn 0.0980 0.1520 0.9835
vn -0.9979 0.0210 0.0613
vn -0.8458 0.0200 0.5331
vn -0.7924 0.0855 0.6039
vn -0.9834 0.1039 0.1488
vn -0.7260 0.1836 0.6627
vn -0.0835 0.4209 0.9032
vn -0.0361 0.1878 0.9815
vn -0.0000 0.1927 0.9813
vn -0.0000 0.4318 0.9020
vn -0.1609 0.3896 0.9068
vn -0.1469 0.7338 0.6633
vn -0.4079 0.0031 0.9130
vn -0.8670 0.0040 0.4983
vn 0.4079 0.0031 0.9130
vn 0.1391 0.0013 0.9903
vn 0.3446 0.0911 0.9343
vn 0.1399 0.0402 0.9894
vn 0.2783 0.2795 0.9189
vn 0.1197 0.1246 0.9850
vn 0.0835 0.4209 0.9032
vn 0.0361 0.1878 0.9815
vn -0.7987 0.5340 0.2774
vn -0.8826 0.3843 0.2709
vn -0.6794 0.6795 0.2769
vn -0.9423 0.2414 0.2317
vn -0.9997 0.0027 0.0235
vn -0.1875 0.9425 0.2768
vn 0.3321 0.1461 0.9319
vn 0.3129 0.2104 0.9262
vn 0.1337 0.0938 0.9866
vn 0.1389 0.0642 0.9882
vn -0.0696 0.1739 0.9823
vn -0.1337 0.0938 0.9866
vn -0.1391 0.0013 0.9903
vn -0.0000 0.0001 1.0000
vn -0.0000 0.0002 1.0000
vn 0.0001 -0.0000 1.0000
vn -0.0001 -0.0000 1.0000
vn 0.1745 0.0051 0.9846
vn 0.1720 0.0008 0.9851
vn 0.3389 0.0016 0.9408
vn 0.3388 0.0098 0.9408
vn -0.0895 -0.1339 0.9869
vn -0.0616 -0.1487 0.9870
vn -0.1292 -0.3121 0.9412
vn -0.1876 -0.2809 0.9412
vn -0.1721 0.0008 0.9851
vn -0.1745 0.0051 0.9846
vn -0.3388 0.0098 0.9408
vn -0.3390 0.0016 0.9408
vn 0.1138 -0.1138 0.9870
vn 0.1339 -0.0894 0.9870
vn 0.2808 -0.1876 0.9413
vn 0.2387 -0.2388 0.9413
vn -0.1777 0.0220 0.9838
vn -0.3358 0.0414 0.9410
vn -0.0354 0.1782 0.9834
vn -0.0000 0.1818 0.9833
vn -0.0000 0.3378 0.9412
vn -0.0658 0.3312 0.9413
vn -0.1339 -0.0894 0.9870
vn -0.1138 -0.1138 0.9870
vn -0.2388 -0.2388 0.9412
vn -0.2808 -0.1876 0.9413
vn -0.1694 -0.0048 0.9855
vn -0.1631 -0.0199 0.9864
vn -0.3358 -0.0411 0.9410
vn -0.3387 -0.0097 0.9408
vn -0.1720 -0.0009 0.9851
vn -0.3390 -0.0017 0.9408
vn 0.1009 0.1511 0.9834
vn 0.1284 0.1285 0.9834
vn 0.2387 0.2388 0.9413
vn 0.1875 0.2808 0.9413
vn -0.1009 0.1511 0.9834
vn -0.0695 0.1679 0.9834
vn -0.1291 0.3119 0.9413
vn -0.1875 0.2808 0.9413
vn 0.1694 -0.0048 0.9855
vn 0.1720 -0.0009 0.9851
vn 0.3389 -0.0017 0.9408
vn 0.3387 -0.0097 0.9408
vn 0.1631 -0.0199 0.9864
vn 0.3357 -0.0411 0.9411
vn -0.0000 -0.1608 0.9870
vn 0.0314 -0.1578 0.9870
vn 0.0659 -0.3311 0.9413
vn -0.0000 -0.3375 0.9413
vn 0.0616 -0.1487 0.9870
vn 0.1292 -0.3120 0.9413
vn 0.1496 -0.0655 0.9866
vn 0.1584 -0.0426 0.9864
vn 0.3266 -0.0880 0.9411
vn 0.3098 -0.1358 0.9411
vn 0.0895 -0.1339 0.9869
vn 0.1876 -0.2809 0.9412
vn -0.0314 -0.1579 0.9870
vn -0.0659 -0.3312 0.9413
vn 0.0354 0.1782 0.9834
vn 0.0658 0.3312 0.9413
vn 0.1647 0.0725 0.9837
vn 0.1731 0.0469 0.9838
vn 0.3266 0.0883 0.9410
vn 0.3097 0.1361 0.9411
vn 0.1510 0.1011 0.9833
vn 0.2807 0.1878 0.9412
vn -0.1731 0.0468 0.9838
vn -0.3266 0.0883 0.9410
vn 0.1777 0.0220 0.9838
vn 0.3358 0.0414 0.9410
vn -0.1284 0.1286 0.9833
vn -0.2386 0.2390 0.9412
vn -0.1647 0.0724 0.9837
vn -0.3097 0.1361 0.9410
vn -0.1510 0.1011 0.9833
vn -0.2807 0.1879 0.9412
vn 0.0695 0.1679 0.9833
vn 0.1291 0.3120 0.9413
vn -0.1497 -0.0655 0.9866
vn -0.3098 -0.1358 0.9411
vn -0.1647 0.0724 -0.9837
vn -0.3097 0.1361 -0.9410
vn -0.2807 0.1878 -0.9412
vn -0.1510 0.1011 -0.9834
vn -0.1585 -0.0426 0.9864
vn -0.3267 -0.0880 0.9410
vn 0.1284 0.1286 -0.9833
vn 0.1009 0.1511 -0.9834
vn 0.1875 0.2808 -0.9413
vn 0.2387 0.2388 -0.9413
vn -0.0695 0.1678 -0.9834
vn -0.1009 0.1511 -0.9834
vn -0.1875 0.2808 -0.9413
vn -0.1291 0.3119 -0.9413
vn 0.1694 -0.0048 -0.9855
vn 0.3387 -0.0097 -0.9408
vn 0.3389 -0.0017 -0.9408
vn 0.1720 -0.0008 -0.9851
vn 0.1631 -0.0199 -0.9864
vn 0.3358 -0.0411 -0.9410
vn -0.0000 -0.1609 -0.9870
vn -0.0000 -0.3377 -0.9413
vn 0.0659 -0.3312 -0.9413
vn 0.0314 -0.1580 -0.9869
vn 0.1292 -0.3119 -0.9413
vn 0.0616 -0.1487 -0.9870
vn 0.1497 -0.0655 -0.9866
vn 0.3098 -0.1358 -0.9411
vn 0.3267 -0.0880 -0.9410
vn 0.1585 -0.0426 -0.9864
vn 0.0895 -0.1338 -0.9870
vn 0.1876 -0.2807 -0.9413
vn -0.0314 -0.1579 -0.9869
vn -0.0659 -0.3311 -0.9413
vn 0.0354 0.1781 -0.9834
vn 0.0658 0.3312 -0.9413
vn 0.1731 0.0469 -0.9838
vn 0.1647 0.0725 -0.9837
vn 0.3097 0.1360 -0.9410
vn 0.3266 0.0883 -0.9410
vn 0.1510 0.1011 -0.9833
vn 0.2807 0.1878 -0.9412
vn -0.1731 0.0469 -0.9838
vn -0.3266 0.0883 -0.9410
vn 0.1777 0.0220 -0.9838
vn 0.3357 0.0414 -0.9410
vn -0.1284 0.1286 -0.9833
vn -0.2387 0.2389 -0.9413
vn 0.0695 0.1679 -0.9834
vn 0.1291 0.3120 -0.9413
vn -0.1497 -0.0655 -0.9866
vn -0.3098 -0.1358 -0.9411
vn -0.3267 -0.0880 -0.9410
vn -0.1585 -0.0426 -0.9864
vn -0.8654 -0.5011 -0.0000
vn -0.8654 0.5011 -0.0000
vn -0.5011 0.8654 -0.0000
vn 0.5011 0.8654 -0.0000
vn 0.8654 0.5011 -0.0000
vn 0.8654 -0.5011 -0.0000
vn 0.5011 -0.8654 -0.0000
vn -0.5011 -0.8654 -0.0000
vn -0.0000 -0.0003 1.0000
vn -0.0000 -0.0001 -1.0000
vn -0.0000 -0.5011 -0.8654
vn -0.0000 0.5011 -0.8654
vn -0.0000 0.8654 -0.5011
vn -0.0000 0.8654 0.5011
vn -0.0000 0.5011 0.8654
vn -0.0000 -0.5011 0.8654
vn -0.0000 -0.8654 0.5011
vn -0.0000 -0.8654 -0.5011
vt 0.000000 0.000000
vt 1.000000 0.000000
vt 1.000000 1.000000
vt 0.000000 1.000000
vt 0.000000 1.000000
vt 0.050000 1.000000
vt 0.050000 0.937500
vt 0.000000 0.937500
vt 0.100000 1.000000
vt 0.100000 0.937500
vt 0.100000 0.875000
vt 0.050000 0.875000
vt 0.000000 0.875000
vt 0.000000 0.125000
vt 0.050000 0.125000
vt 0.050000 0.062500
vt 0.000000 0.062500
vt 0.100000 0.125000
vt 0.100000 0.062500
vt 0.100000 0.000000
vt 0.050000 0.000000
vt 0.000000 0.250000
vt 0.050000 0.250000
vt 0.050000 0.187500
vt 0.000000 0.187500
vt 0.100000 0.250000
vt 0.100000 0.187500
vt 0.000000 0.375000
vt 0.050000 0.375000
vt 0.050000 0.312500
vt 0.000000 0.312500
vt 0.100000 0.375000
vt 0.100000 0.312500
vt 0.000000 0.500000
vt 0.050000 0.500000
vt 0.050000 0.437500
vt 0.000000 0.437500
vt 0.100000 0.500000
vt 0.100000 0.437500
vt 0.000000 0.625000
vt 0.050000 0.625000
vt 0.050000 0.562500
vt 0.000000 0.562500
vt 0.100000 0.625000
vt 0.100000 0.562500
vt 0.000000 0.750000
vt 0.050000 0.750000
vt 0.050000 0.687500
vt 0.000000 0.687500
vt 0.100000 0.750000
vt 0.100000 0.687500
vt 0.050000 0.812500
vt 0.000000 0.812500
vt 0.100000 0.812500
vt 0.150000 1.000000
vt 0.150000 0.937500
vt 0.200000 1.000000
vt 0.200000 0.937500
vt 0.200000 0.875000
vt 0.150000 0.875000
vt 0.150000 0.125000
vt 0.150000 0.062500
vt 0.200000 0.125000
vt 0.200000 0.062500
vt 0.200000 0.000000
vt 0.150000 0.000000
vt 0.150000 0.250000
vt 0.150000 0.187500
vt 0.100000 0.187500
vt 0.200000 0.250000
vt 0.200000 0.187500
vt 0.200000 0.125000
vt 0.150000 0.125000
vt 0.100000 0.375000
vt 0.150000 0.375000
vt 0.150000 0.312500
vt 0.100000 0.312500
vt 0.200000 0.375000
vt 0.200000 0.312500
vt 0.100000 0.500000
vt 0.150000 0.500000
vt 0.150000 0.437500
vt 0.100000 0.437500
vt 0.200000 0.500000
vt 0.200000 0.437500
vt 0.100000 0.625000
vt 0.150000 0.625000
vt 0.150000 0.562500
vt 0.100000 0.562500
vt 0.200000 0.625000
vt 0.200000 0.562500
vt 0.150000 0.750000
vt 0.150000 0.687500
vt 0.100000 0.687500
vt 0.200000 0.750000
vt 0.200000 0.687500
vt 0.100000 0.875000
vt 0.150000 0.875000
vt 0.150000 0.812500
vt 0.100000 0.812500
vt 0.200000 0.875000
vt 0.200000 0.812500
vt 0.250000 1.000000
vt 0.250000 0.937500
vt 0.300000 1.000000
vt 0.300000 0.937500
vt 0.300000 0.875000
vt 0.250000 0.875000
vt 0.250000 0.125000
vt 0.250000 0.062500
vt 0.300000 0.125000
vt 0.300000 0.062500
vt 0.300000 0.000000
vt 0.250000 0.000000
vt 0.250000 0.250000
vt 0.250000 0.187500
vt 0.300000 0.250000
vt 0.300000 0.187500
vt 0.250000 0.125000
vt 0.250000 0.375000
vt 0.250000 0.312500
vt 0.300000 0.375000
vt 0.300000 0.312500
vt 0.250000 0.500000
vt 0.250000 0.437500
vt 0.300000 0.500000
vt 0.300000 0.437500
vt 0.250000 0.625000
vt 0.250000 0.562500
vt 0.300000 0.625000
vt 0.300000 0.562500
vt 0.250000 0.750000
vt 0.250000 0.687500
vt 0.300000 0.750000
vt 0.300000 0.687500
vt 0.250000 0.875000
vt 0.250000 0.812500
vt 0.300000 0.875000
vt 0.300000 0.812500
vt 0.350000 1.000000
vt 0.350000 0.937500
vt 0.400000 1.000000
vt 0.400000 0.937500
vt 0.400000 0.875000
vt 0.350000 0.875000
vt 0.350000 0.125000
vt 0.350000 0.062500
vt 0.400000 0.125000
vt 0.400000 0.062500
vt 0.400000 0.000000
vt 0.350000 0.000000
vt 0.350000 0.250000
vt 0.350000 0.187500
vt 0.400000 0.250000
vt 0.400000 0.187500
vt 0.400000 0.125000
vt 0.350000 0.375000
vt 0.350000 0.312500
vt 0.400000 0.375000
vt 0.400000 0.312500
vt 0.350000 0.500000
vt 0.350000 0.437500
vt 0.400000 0.500000
vt 0.400000 0.437500
vt 0.350000 0.625000
vt 0.350000 0.562500
vt 0.400000 0.625000
vt 0.400000 0.562500
vt 0.350000 0.750000
vt 0.350000 0.687500
vt 0.400000 0.750000
vt 0.400000 0.687500
vt 0.350000 0.875000
vt 0.350000 0.812500
vt 0.400000 0.875000
vt 0.400000 0.812500
vt 0.450000 1.000000
vt 0.450000 0.937500
vt 0.500000 1.000000
vt 0.500000 0.937500
vt 0.500000 0.875000
vt 0.450000 0.875000
vt 0.450000 0.125000
vt 0.450000 0.062500
vt 0.500000 0.125000
vt 0.500000 0.062500
vt 0.500000 0.000000
vt 0.450000 0.000000
vt 0.450000 0.250000
vt 0.450000 0.187500
vt 0.500000 0.250000
vt 0.500000 0.187500
vt 0.500000 0.125000
vt 0.450000 0.375000
vt 0.450000 0.312500
vt 0.500000 0.375000
vt 0.500000 0.312500
vt 0.450000 0.500000
vt 0.450000 0.437500
vt 0.500000 0.500000
vt 0.500000 0.437500
vt 0.450000 0.625000
vt 0.450000 0.562500
vt 0.500000 0.625000
vt 0.500000 0.562500
vt 0.450000 0.750000
vt 0.450000 0.687500
vt 0.500000 0.750000
vt 0.500000 0.687500
vt 0.450000 0.875000
vt 0.450000 0.812500
vt 0.500000 0.875000
vt 0.500000 0.812500
vt 0.550000 1.000000
vt 0.550000 0.937500
vt 0.600000 1.000000
vt 0.600000 0.937500
vt 0.600000 0.875000
vt 0.550000 0.875000
vt 0.550000 0.125000
vt 0.550000 0.062500
vt 0.600000 0.125000
vt 0.600000 0.062500
vt 0.600000 0.000000
vt 0.550000 0.000000
vt 0.550000 0.250000
vt 0.550000 0.187500
vt 0.600000 0.250000
vt 0.600000 0.187500
vt 0.600000 0.125000
vt 0.550000 0.375000
vt 0.550000 0.312500
vt 0.600000 0.375000
vt 0.600000 0.312500
vt 0.550000 0.500000
vt 0.550000 0.437500
vt 0.600000 0.500000
vt 0.600000 0.437500
vt 0.550000 0.625000
vt 0.550000 0.562500
vt 0.600000 0.625000
vt 0.600000 0.562500
vt 0.550000 0.750000
vt 0.550000 0.687500
vt 0.600000 0.750000
vt 0.600000 0.687500
vt 0.550000 0.875000
vt 0.550000 0.812500
vt 0.600000 0.875000
vt 0.600000 0.812500
vt 0.650000 1.000000
vt 0.650000 0.937500
vt 0.700000 1.000000
vt 0.700000 0.937500
vt 0.700000 0.875000
vt 0.650000 0.875000
vt 0.650000 0.125000
vt 0.650000 0.062500
vt 0.700000 0.125000
vt 0.700000 0.062500
vt 0.700000 0.000000
vt 0.650000 0.000000
vt 0.650000 0.250000
vt 0.650000 0.187500
vt 0.700000 0.250000
vt 0.700000 0.187500
vt 0.650000 0.125000
vt 0.650000 0.375000
vt 0.650000 0.312500
vt 0.700000 0.375000
vt 0.700000 0.312500
vt 0.650000 0.500000
vt 0.650000 0.437500
vt 0.700000 0.500000
vt 0.700000 0.437500
vt 0.650000 0.625000
vt 0.650000 0.562500
vt 0.700000 0.625000
vt 0.700000 0.562500
vt 0.650000 0.750000
vt 0.650000 0.687500
vt 0.700000 0.750000
vt 0.700000 0.687500
vt 0.650000 0.875000
vt 0.650000 0.812500
vt 0.700000 0.875000
vt 0.700000 0.812500
vt 0.750000 1.000000
vt 0.750000 0.937500
vt 0.800000 1.000000
vt 0.800000 0.937500
vt 0.800000 0.875000
vt 0.750000 0.875000
vt 0.750000 0.125000
vt 0.750000 0.062500
vt 0.800000 0.125000
vt 0.800000 0.062500
vt 0.800000 0.000000
vt 0.750000 0.000000
vt 0.750000 0.250000
vt 0.750000 0.187500
vt 0.800000 0.250000
vt 0.800000 0.187500
vt 0.750000 0.125000
vt 0.750000 0.375000
vt 0.750000 0.312500
vt 0.800000 0.375000
vt 0.800000 0.312500
vt 0.750000 0.500000
vt 0.750000 0.437500
vt 0.800000 0.500000
vt 0.800000 0.437500
vt 0.750000 0.625000
vt 0.750000 0.562500
vt 0.800000 0.625000
vt 0.800000 0.562500
vt 0.750000 0.750000
vt 0.750000 0.687500
vt 0.800000 0.750000
vt 0.800000 0.687500
vt 0.750000 0.875000
vt 0.750000 0.812500
vt 0.800000 0.875000
vt 0.800000 0.812500
vt 0.850000 1.000000
vt 0.850000 0.937500
vt 0.900000 1.000000
vt 0.900000 0.937500
vt 0.900000 0.875000
vt 0.850000 0.875000
vt 0.850000 0.125000
vt 0.850000 0.062500
vt 0.900000 0.125000
vt 0.900000 0.062500
vt 0.900000 0.000000
vt 0.850000 0.000000
vt 0.850000 0.250000
vt 0.850000 0.187500
vt 0.900000 0.250000
vt 0.900000 0.187500
vt 0.850000 0.125000
vt 0.850000 0.375000
vt 0.850000 0.312500
vt 0.900000 0.375000
vt 0.900000 0.312500
vt 0.850000 0.500000
vt 0.850000 0.437500
vt 0.900000 0.500000
vt 0.900000 0.437500
vt 0.850000 0.625000
vt 0.850000 0.562500
vt 0.900000 0.625000
vt 0.900000 0.562500
vt 0.850000 0.750000
vt 0.850000 0.687500
vt 0.900000 0.750000
vt 0.900000 0.687500
vt 0.850000 0.875000
vt 0.850000 0.812500
vt 0.900000 0.875000
vt 0.900000 0.812500
vt 0.950000 1.000000
vt 0.950000 0.937500
vt 1.000000 1.000000
vt 1.000000 0.937500
vt 1.000000 0.875000
vt 0.950000 0.875000
vt 0.950000 0.125000
vt 0.950000 0.062500
vt 1.000000 0.125000
vt 1.000000 0.062500
vt 1.000000 0.000000
vt 0.950000 0.000000
vt 0.950000 0.250000
vt 0.950000 0.187500
vt 0.900000 0.187500
vt 1.000000 0.250000
vt 1.000000 0.187500
vt 0.900000 0.375000
vt 0.950000 0.375000
vt 0.950000 0.312500
vt 0.900000 0.312500
vt 1.000000 0.375000
vt 1.000000 0.312500
vt 0.900000 0.500000
vt 0.950000 0.500000
vt 0.950000 0.437500
vt 0.900000 0.437500
vt 1.000000 0.500000
vt 1.000000 0.437500
vt 0.900000 0.625000
vt 0.950000 0.625000
vt 0.950000 0.562500
vt 0.900000 0.562500
vt 1.000000 0.625000
vt 1.000000 0.562500
vt 0.950000 0.750000
vt 0.950000 0.687500
vt 0.900000 0.687500
vt 1.000000 0.750000
vt 1.000000 0.687500
vt 0.950000 0.812500
vt 0.900000 0.812500
vt 1.000000 0.812500
vt 0.050539 0.091058
vt 0.044857 0.095707
vt 0.044856 0.005864
vt 0.050539 0.000182
vt 0.172833 0.097502
vt 0.156360 0.097502
vt 0.156360 0.005864
vt 0.172833 0.005864
vt 0.038810 0.091058
vt 0.022337 0.091058
vt 0.022337 0.000182
vt 0.038810 0.000182
vt 0.067012 0.091058
vt 0.067012 0.000182
vt 0.089531 0.094661
vt 0.095213 0.091819
vt 0.095213 0.183457
vt 0.089531 0.183457
vt 0.111686 0.091819
vt 0.111686 0.183457
vt 0.217507 0.091819
vt 0.201035 0.091819
vt 0.201035 0.000182
vt 0.217507 0.000182
vt 0.117369 0.094661
vt 0.133841 0.094661
vt 0.133841 0.183457
vt 0.117369 0.183457
vt 0.044492 0.095707
vt 0.044493 0.005864
vt 0.262182 0.091819
vt 0.245709 0.091819
vt 0.245709 0.000182
vt 0.262182 0.000182
vt 0.178516 0.094661
vt 0.178516 0.005864
vt 0.150678 0.094661
vt 0.134205 0.094661
vt 0.134205 0.005864
vt 0.150678 0.005864
vt 0.089167 0.095707
vt 0.072694 0.095707
vt 0.072694 0.005864
vt 0.089167 0.005864
vt 0.016655 0.095707
vt 0.016655 0.005864
vt 0.000182 0.095707
vt 0.000182 0.005864
vt 0.240026 0.094661
vt 0.223554 0.094661
vt 0.223554 0.005864
vt 0.240026 0.005864
vt 0.267864 0.094661
vt 0.267864 0.005864
vt 0.195352 0.094661
vt 0.195352 0.005864
vt 0.178879 0.094661
vt 0.178879 0.005864
vt 0.223190 0.094661
vt 0.223190 0.005864
vt 0.117369 0.189139
vt 0.133841 0.189139
vt 0.195352 0.183457
vt 0.195352 0.189140
vt 0.178879 0.189140
vt 0.178879 0.183457
vt 0.240026 0.183457
vt 0.240026 0.189140
vt 0.223554 0.189140
vt 0.223554 0.183457
vt 0.150678 0.000182
vt 0.134205 0.000182
vt 0.412478 0.014476
vt 0.418219 0.023087
vt 0.334743 0.023087
vt 0.326132 0.014476
vt 0.418219 0.028770
vt 0.334743 0.028770
vt 0.282522 0.086528
vt 0.276840 0.086528
vt 0.276840 0.000182
vt 0.282522 0.000182
vt 0.291134 0.092269
vt 0.291134 0.008793
vt 0.418219 0.000182
vt 0.412478 0.008793
vt 0.326132 0.008793
vt 0.334743 0.000182
vt 0.296816 0.092269
vt 0.296816 0.008793
vt 0.268228 0.092269
vt 0.268228 0.008793
vt 0.267864 0.203797
vt 0.259253 0.212409
vt 0.115332 0.212409
vt 0.106720 0.203797
vt 0.259253 0.218091
vt 0.115332 0.218091
vt 0.259253 0.189503
vt 0.267864 0.198115
vt 0.106720 0.198115
vt 0.115332 0.189503
vt 0.177359 0.361724
vt 0.177358 0.218455
vt 0.183556 0.224653
vt 0.183556 0.355527
vt 0.503848 0.069966
vt 0.592706 0.069966
vt 0.592706 0.075648
vt 0.503848 0.075648
vt 0.147552 0.361724
vt 0.141870 0.361724
vt 0.141870 0.218455
vt 0.147552 0.218455
vt 0.368334 0.257860
vt 0.368334 0.342586
vt 0.362136 0.348784
vt 0.362136 0.259926
vt 0.586508 0.081846
vt 0.501782 0.081846
vt 0.135672 0.355527
vt 0.135672 0.224653
vt 0.356454 0.259926
vt 0.356454 0.348784
vt 0.350256 0.342586
vt 0.350256 0.257860
vt 0.165479 0.355527
vt 0.159796 0.355527
vt 0.159796 0.224653
vt 0.165479 0.224653
vt 0.153750 0.224653
vt 0.153750 0.355527
vt 0.171676 0.218455
vt 0.171676 0.361724
vt 0.159432 0.224653
vt 0.159432 0.355527
vt 0.374016 0.257860
vt 0.374016 0.342586
vt 0.412478 0.043428
vt 0.326132 0.043428
vt 0.334743 0.034816
vt 0.418219 0.034816
vt 0.334743 0.029134
vt 0.418219 0.029134
vt 0.418219 0.057722
vt 0.334743 0.057722
vt 0.326132 0.049110
vt 0.412478 0.049110
vt 0.305791 0.172875
vt 0.305791 0.259222
vt 0.297180 0.250610
vt 0.297180 0.167134
vt 0.106720 0.370988
vt 0.106720 0.227067
vt 0.115332 0.218455
vt 0.115332 0.379599
vt 0.121014 0.218455
vt 0.121014 0.379599
vt 0.338012 0.259925
vt 0.343694 0.259925
vt 0.343694 0.348784
vt 0.338012 0.348784
vt 0.331814 0.257859
vt 0.331814 0.342586
vt 0.213726 0.355527
vt 0.208044 0.355527
vt 0.208044 0.224653
vt 0.213726 0.224653
vt 0.219924 0.361724
vt 0.219924 0.218455
vt 0.225606 0.218455
vt 0.225607 0.361724
vt 0.326132 0.257859
vt 0.326132 0.342586
vt 0.231804 0.224653
vt 0.231804 0.355527
vt 0.349892 0.257859
vt 0.349892 0.342586
vt 0.552095 0.094090
vt 0.552095 0.088407
vt 0.640954 0.088407
vt 0.640954 0.094090
vt 0.501782 0.058085
vt 0.586508 0.058086
vt 0.586508 0.063768
vt 0.501782 0.063768
vt 0.072694 0.994136
vt 0.067012 0.999818
vt 0.067012 0.908942
vt 0.072694 0.904293
vt 0.067012 0.818066
vt 0.072694 0.814450
vt 0.067012 0.727190
vt 0.072694 0.724607
vt 0.067012 0.636313
vt 0.072694 0.634764
vt 0.067012 0.545437
vt 0.072694 0.544921
vt 0.067012 0.454561
vt 0.072694 0.455078
vt 0.067011 0.363685
vt 0.072694 0.365235
vt 0.067012 0.272809
vt 0.072694 0.275392
vt 0.067012 0.181933
vt 0.072694 0.185550
vt 0.089167 0.994136
vt 0.089167 0.904293
vt 0.089167 0.814450
vt 0.089167 0.724607
vt 0.089167 0.634764
vt 0.089167 0.544921
vt 0.089167 0.455078
vt 0.089167 0.365235
vt 0.089167 0.275392
vt 0.089167 0.185549
vt 0.050539 0.999818
vt 0.050539 0.908942
vt 0.050539 0.818066
vt 0.050539 0.727190
vt 0.050539 0.636313
vt 0.050539 0.545437
vt 0.050539 0.454561
vt 0.050539 0.363685
vt 0.050539 0.272809
vt 0.050539 0.181933
vt 0.044856 0.994136
vt 0.044856 0.904293
vt 0.044856 0.814450
vt 0.044856 0.724607
vt 0.044856 0.634764
vt 0.044856 0.544921
vt 0.044856 0.455078
vt 0.044856 0.365235
vt 0.044856 0.275392
vt 0.044856 0.185549
vt 0.016655 0.994136
vt 0.000182 0.994136
vt 0.000182 0.904293
vt 0.016655 0.904293
vt 0.000182 0.814450
vt 0.016655 0.814450
vt 0.000182 0.724607
vt 0.016655 0.724607
vt 0.000182 0.634764
vt 0.016655 0.634764
vt 0.000182 0.544921
vt 0.016655 0.544921
vt 0.000182 0.455078
vt 0.016655 0.455078
vt 0.000182 0.365235
vt 0.016655 0.365235
vt 0.000182 0.275392
vt 0.016655 0.275392
vt 0.000182 0.185550
vt 0.016655 0.185550
vt 0.022337 0.999818
vt 0.022337 0.908942
vt 0.022337 0.818066
vt 0.022337 0.727190
vt 0.022337 0.636314
vt 0.022337 0.545437
vt 0.022337 0.454561
vt 0.022337 0.363685
vt 0.022337 0.272809
vt 0.022337 0.181933
vt 0.044492 0.994136
vt 0.038810 0.999818
vt 0.038810 0.908942
vt 0.044492 0.904293
vt 0.038810 0.818066
vt 0.044493 0.814450
vt 0.038810 0.727190
vt 0.044493 0.724607
vt 0.038810 0.636314
vt 0.044492 0.634764
vt 0.038810 0.545437
vt 0.044492 0.544921
vt 0.038810 0.454561
vt 0.044492 0.455078
vt 0.038810 0.363685
vt 0.044492 0.365235
vt 0.038810 0.272809
vt 0.044492 0.275392
vt 0.038810 0.181933
vt 0.044492 0.185550
vt 0.245709 0.183457
vt 0.267864 0.183457
vt 0.262182 0.183457
vt 0.156360 0.189139
vt 0.150678 0.183457
vt 0.134205 0.183457
vt 0.178516 0.183457
vt 0.172833 0.189139
vt 0.343694 0.082210
vt 0.349892 0.088407
vt 0.349892 0.173133
vt 0.343694 0.171067
vt 0.326132 0.088407
vt 0.331814 0.088407
vt 0.331814 0.173133
vt 0.326132 0.173133
vt 0.338012 0.082210
vt 0.338012 0.171067
vt 0.305791 0.000182
vt 0.305791 0.086528
vt 0.297180 0.083658
vt 0.297180 0.000182
vt 0.585171 0.049110
vt 0.498825 0.049110
vt 0.498825 0.043428
vt 0.585171 0.043428
vt 0.585171 0.057722
vt 0.501695 0.057722
vt 0.585171 0.034816
vt 0.501695 0.034816
vt 0.501695 0.029134
vt 0.585171 0.029134
vt 0.111686 0.000182
vt 0.117369 0.005864
vt 0.133841 0.005864
vt 0.095213 0.000182
vt 0.089531 0.005864
vt 0.223190 0.183457
vt 0.217507 0.183457
vt 0.201035 0.183457
vt 0.276839 0.259222
vt 0.268228 0.259222
vt 0.268228 0.175745
vt 0.276839 0.172875
vt 0.296816 0.259222
vt 0.291134 0.259222
vt 0.291133 0.175745
vt 0.296816 0.175745
vt 0.282522 0.259222
vt 0.282522 0.172875
vt 0.332329 0.063768
vt 0.417056 0.063768
vt 0.414990 0.069966
vt 0.326132 0.069966
vt 0.332329 0.058085
vt 0.417056 0.058085
vt 0.326132 0.075648
vt 0.414990 0.075648
vt 0.417056 0.081846
vt 0.332329 0.081846
vt 0.374016 0.088407
vt 0.374016 0.173134
vt 0.368334 0.173134
vt 0.368334 0.088407
vt 0.362136 0.082210
vt 0.362136 0.171068
vt 0.356453 0.171068
vt 0.356454 0.082210
vt 0.350256 0.173134
vt 0.350256 0.088407
vt 0.585171 0.008793
vt 0.585171 0.014476
vt 0.498824 0.014476
vt 0.498824 0.008793
vt 0.585171 0.000182
vt 0.501695 0.000182
vt 0.585171 0.023087
vt 0.585171 0.028770
vt 0.501695 0.028770
vt 0.501695 0.023087
vt 2.555956 -2.746908
vt 2.933293 -2.746908
vt 2.933293 -2.415599
vt 2.555956 -2.415599
vt 2.503861 3.833788
vt 2.503861 4.150798
vt 2.494621 4.150798
vt 2.494620 3.833788
vt 2.555956 -0.201220
vt 2.933293 -0.201220
vt 2.933292 0.169536
vt 2.555956 0.169536
vt 4.465872 0.917348
vt 4.465872 0.543441
vt 4.479259 0.543441
vt 4.479259 0.917348
vt 4.465872 4.150798
vt 4.465872 3.833792
vt 4.479259 3.833792
vt 4.479259 4.150798
vt 2.933293 -2.057871
vt 2.555956 -2.057871
vt 4.427164 0.169536
vt 4.049828 0.169536
vt 4.049827 -0.201220
vt 4.427164 -0.201220
vt 2.933293 2.772669
vt 2.555956 2.772669
vt 2.555956 2.403286
vt 2.933293 2.403286
vt 4.427164 -0.944273
vt 4.049827 -0.944273
vt 4.049827 -1.316402
vt 4.427164 -1.316402
vt 4.049827 -1.685785
vt 4.427164 -1.685785
vt 4.427164 -0.571738
vt 4.049827 -0.571738
vt 2.536078 3.833788
vt 2.536078 3.502485
vt 2.555956 3.502485
vt 2.555956 3.833788
vt 2.555956 1.658620
vt 2.555956 1.288104
vt 2.933293 1.288104
vt 2.933293 1.658620
vt 2.503861 2.772669
vt 2.503861 3.144755
vt 2.494620 3.144755
vt 2.494620 2.772669
vt 4.049827 -2.057871
vt 4.427164 -2.057871
vt 2.536078 2.031157
vt 2.536078 1.658620
vt 2.555956 2.031157
vt 4.488497 2.772668
vt 4.488497 3.144754
vt 4.479259 3.144755
vt 4.479259 2.772669
vt 4.427164 0.543441
vt 4.049827 0.543441
vt 4.447040 1.288104
vt 4.465872 1.288100
vt 4.465872 1.658620
vt 4.447040 1.658620
vt 4.447040 3.833792
vt 4.447040 4.150798
vt 4.427164 4.150798
vt 4.427164 3.833792
vt 2.555956 3.144755
vt 2.933293 3.144755
vt 2.933293 2.031157
vt 3.287791 2.031156
vt 3.287791 2.403286
vt 2.503861 -0.201220
vt 2.517248 -0.201221
vt 2.517248 0.169536
vt 2.503861 0.169536
vt 2.517248 2.031157
vt 2.517248 1.658620
vt 2.503861 -0.944273
vt 2.517248 -0.944273
vt 2.517248 -0.571738
vt 2.503861 -0.571738
vt 2.517248 0.543441
vt 2.503861 0.543441
vt 3.287791 1.288104
vt 3.287791 1.658619
vt 2.933293 3.502485
vt 3.287791 3.502485
vt 3.287791 3.833788
vt 2.933293 3.833788
vt 3.695327 2.772669
vt 4.049827 2.772669
vt 4.049827 3.144755
vt 3.695328 3.144755
vt 2.503861 -2.415599
vt 2.517248 -2.415599
vt 2.517248 -2.057871
vt 2.503861 -2.057871
vt 3.695327 2.031157
vt 3.695328 1.658620
vt 2.503861 -3.063915
vt 2.517247 -3.063915
vt 2.517248 -2.746908
vt 2.503861 -2.746908
vt 2.517248 -1.685785
vt 2.503861 -1.685785
vt 3.287791 2.772669
vt 3.695328 2.403285
vt 2.933294 0.543441
vt 3.287791 0.543441
vt 3.287791 0.917348
vt 2.933292 0.917348
vt 3.695327 3.502486
vt 4.049827 3.502485
vt 4.049827 3.833788
vt 3.695328 3.833788
vt 2.536078 3.144755
vt 2.536078 2.772669
vt 3.695328 4.150795
vt 3.287791 4.150795
vt 2.517248 -1.316402
vt 2.503861 -1.316402
vt 2.517248 2.772669
vt 2.517248 2.403286
vt 2.536078 2.403286
vt 4.479259 -1.685785
vt 4.479259 -1.316402
vt 4.465872 -1.316402
vt 4.465872 -1.685785
vt 4.447040 3.502485
vt 4.465872 3.502485
vt 4.479259 -0.944273
vt 4.465872 -0.944273
vt 4.447040 2.031157
vt 4.465872 2.031157
vt 4.465872 2.403286
vt 4.447040 2.403286
vt 3.695328 1.288100
vt 3.695327 0.917348
vt 4.049827 2.031157
vt 4.049827 2.403286
vt 3.695328 0.543441
vt 4.049828 0.917348
vt 4.479257 -0.201220
vt 4.479259 0.169536
vt 4.465872 0.169536
vt 4.465873 -0.201221
vt 4.049827 1.288100
vt 4.049827 1.658620
vt 4.479259 -2.415599
vt 4.479259 -2.057871
vt 4.465872 -2.057871
vt 4.465872 -2.415599
vt 4.479259 -0.571738
vt 4.465872 -0.571738
vt 2.555956 -0.571738
vt 2.933293 -0.571738
vt 2.555955 -3.063915
vt 2.933292 -3.063915
vt 2.933293 -0.944273
vt 2.555956 -0.944273
vt 4.447040 -0.571738
vt 4.447040 -0.944273
vt 4.427164 0.917348
vt 2.933293 -1.685785
vt 2.933293 -1.316402
vt 2.555956 -1.316402
vt 2.555956 -1.685785
vt 2.536078 -2.746908
vt 2.536078 -2.415599
vt 4.049827 -2.415599
vt 4.049827 -2.746908
vt 4.427164 -2.746908
vt 4.427164 -2.415599
vt 4.447040 -1.316402
vt 4.447040 -1.685785
vt 2.503861 2.031157
vt 2.503861 2.403286
vt 2.494620 2.403286
vt 2.494621 2.031156
vt 2.503861 1.658620
vt 2.503861 1.288104
vt 2.517248 1.288104
vt 4.488497 0.543441
vt 4.488497 0.917348
vt 4.479259 1.288104
vt 2.536078 -0.571738
vt 2.536078 -0.201220
vt 4.447040 0.543441
vt 4.447040 0.917348
vt 2.503861 3.502485
vt 2.517248 3.502485
vt 2.517248 3.833788
vt 4.447040 2.772669
vt 4.465872 2.772669
vt 4.465872 3.144755
vt 4.447040 3.144755
vt 4.479259 3.502485
vt 4.488497 3.502484
vt 4.488497 3.833791
vt 4.427164 2.031157
vt 4.427164 2.403286
vt 2.555956 0.917348
vt 2.555956 0.543441
vt 4.427164 3.144755
vt 4.427164 3.502485
vt 4.488497 0.169536
vt 3.287791 3.144755
vt 2.494621 0.543441
vt 2.494620 0.169536
vt 4.488499 -0.201220
vt 2.517248 3.144755
vt 2.494621 -0.201220
vt 2.536078 0.917348
vt 2.536078 0.543441
vt 4.488497 -1.685785
vt 4.488497 -2.057871
vt 2.494620 -1.685785
vt 2.494620 -2.057871
vt 4.488497 -2.415599
vt 2.536078 1.288104
vt 2.517248 0.917348
vt 2.494620 -2.415599
vt 4.488497 -0.944273
vt 4.488499 -1.316402
vt 4.427164 1.288100
vt 2.494621 -0.944273
vt 2.494620 -1.316402
vt 2.536079 4.150795
vt 2.517247 4.150795
vt 4.488499 -0.571738
vt 4.427164 2.772669
vt 2.494620 -0.571738
vt 4.479259 -2.746908
vt 4.488497 -2.746908
vt 2.494620 -2.746908
vt 4.479259 -3.063915
vt 4.488497 -3.063915
vt 4.465872 -3.063915
vt 4.465872 -2.746908
vt 2.494621 -3.063915
vt 2.536079 -3.063915
vt 2.536078 -2.057871
vt 4.447040 -2.415599
vt 4.447040 -2.746908
vt 4.427164 -3.063915
vt 4.447040 -3.063915
vt 2.536078 -0.944273
vt 2.536078 0.169536
vt 4.447039 -0.201220
vt 4.479259 2.403286
vt 4.447040 0.169536
vt 2.503861 0.917348
vt 2.536078 -1.685785
vt 2.536078 -1.316402
vt 2.494620 1.658619
vt 4.447040 -2.057871
vt 4.427164 1.658620
vt 4.049828 -3.063915
vt 2.555955 4.150798
vt 2.933292 4.150795
vt 2.494620 0.917348
vt 3.695328 -2.057871
vt 3.695327 -2.415599
vt 3.287791 -2.057871
vt 3.287791 -2.415599
vt 3.287791 -1.685785
vt 3.695328 -1.685785
vt 3.695327 0.169536
vt 3.695328 -0.201220
vt 3.287791 0.169536
vt 3.287791 -0.201220
vt 3.695328 -1.316402
vt 3.287791 -1.316402
vt 3.287791 -0.944273
vt 3.695327 -0.944273
vt 4.488497 1.288103
vt 4.488497 1.658620
vt 4.479259 1.658620
vt 4.488497 2.031156
vt 4.488497 2.403285
vt 4.479259 2.031157
vt 2.494620 3.502485
vt 2.494621 1.288103
vt 3.695328 -2.746908
vt 3.695328 -3.063915
vt 3.287791 -2.746908
vt 3.287791 -3.063915
vt 3.695328 -0.571738
vt 3.287791 -0.571738
vt 4.488497 4.150798
vt 4.049828 4.150795
vt 0.562092 -2.746908
vt 0.939426 -2.746908
vt 0.939426 -2.415599
vt 0.562092 -2.415599
vt 0.509997 3.833788
vt 0.509997 4.150795
vt 0.500759 4.150795
vt 0.500758 3.833788
vt 0.562092 -0.201220
vt 0.939426 -0.201220
vt 0.939426 0.169536
vt 0.562092 0.169536
vt 2.471995 0.917348
vt 2.471994 0.543441
vt 2.485381 0.543441
vt 2.485381 0.917348
vt 2.471996 4.150795
vt 2.471994 3.833788
vt 2.485383 3.833788
vt 2.485383 4.150798
vt 0.939426 -2.057871
vt 0.562092 -2.057871
vt 2.433288 0.169536
vt 2.055952 0.169536
vt 2.055952 -0.201220
vt 2.433288 -0.201220
vt 0.939426 2.772669
vt 0.562092 2.772669
vt 0.562092 2.403286
vt 0.939426 2.403286
vt 2.433288 -0.944273
vt 2.055952 -0.944273
vt 2.055952 -1.316402
vt 2.433288 -1.316402
vt 2.055952 -1.685785
vt 2.433288 -1.685785
vt 2.433288 -0.571738
vt 2.055952 -0.571738
vt 0.542216 3.833788
vt 0.542216 3.502485
vt 0.562092 3.502485
vt 0.562092 3.833788
vt 0.562092 1.658620
vt 0.562092 1.288104
vt 0.939426 1.288104
vt 0.939426 1.658620
vt 0.509997 2.772669
vt 0.509997 3.144755
vt 0.500758 3.144755
vt 0.500758 2.772669
vt 2.055952 -2.057871
vt 2.433288 -2.057871
vt 0.542216 2.031157
vt 0.542216 1.658620
vt 0.562092 2.031157
vt 2.485383 3.144755
vt 2.485383 2.772669
vt 2.433288 0.543441
vt 2.055952 0.543441
vt 2.453162 1.288104
vt 2.471994 1.288104
vt 2.471995 1.658620
vt 2.453162 1.658620
vt 2.453162 3.833788
vt 2.453162 4.150795
vt 2.433289 4.150795
vt 2.433288 3.833788
vt 0.562092 3.144755
vt 0.939426 3.144755
vt 0.939426 2.031157
vt 1.293922 2.031156
vt 1.293921 2.403286
vt 0.509997 -0.201220
vt 0.523383 -0.201221
vt 0.523384 0.169536
vt 0.509997 0.169536
vt 0.523383 2.031157
vt 0.523384 1.658620
vt 0.509997 -0.944273
vt 0.523383 -0.944273
vt 0.523384 -0.571738
vt 0.509997 -0.571738
vt 0.523383 0.543441
vt 0.509997 0.543441
vt 1.293921 1.288104
vt 1.293921 1.658619
vt 0.939426 3.502485
vt 1.293923 3.502485
vt 1.293923 3.833788
vt 0.939426 3.833788
vt 1.701456 2.772669
vt 2.055952 2.772669
vt 2.055952 3.144755
vt 1.701456 3.144755
vt 0.509997 -2.415599
vt 0.523383 -2.415599
vt 0.523383 -2.057871
vt 0.509997 -2.057871
vt 1.701456 2.031157
vt 1.701456 1.658620
vt 0.509997 -3.063915
vt 0.523384 -3.063915
vt 0.523383 -2.746908
vt 0.509997 -2.746908
vt 0.523383 -1.685785
vt 0.509997 -1.685785
vt 1.293922 2.772669
vt 1.701456 2.403285
vt 0.939426 0.543441
vt 1.293922 0.543441
vt 1.293921 0.917348
vt 0.939426 0.917348
vt 1.701456 3.502486
vt 2.055952 3.502485
vt 2.055952 3.833788
vt 1.701456 3.833788
vt 0.542216 3.144755
vt 0.542216 2.772669
vt 1.701456 4.150795
vt 1.293923 4.150795
vt 0.523383 -1.316402
vt 0.509997 -1.316402
vt 0.523383 2.772669
vt 0.523383 2.403286
vt 0.542216 2.403286
vt 2.485381 -1.685785
vt 2.485381 -1.316402
vt 2.471994 -1.316402
vt 2.471994 -1.685785
vt 2.453162 3.502485
vt 2.471994 3.502485
vt 2.485381 -0.944273
vt 2.471994 -0.944273
vt 2.453162 2.031157
vt 2.471994 2.031157
vt 2.471994 2.403286
vt 2.453162 2.403286
vt 1.701456 1.288104
vt 1.701456 0.917348
vt 2.055952 2.031157
vt 2.055952 2.403286
vt 1.701456 0.543441
vt 2.055952 0.917348
vt 2.485381 -0.201220
vt 2.485381 0.169536
vt 2.471995 0.169536
vt 2.471994 -0.201221
vt 2.055952 1.288104
vt 2.055952 1.658620
vt 2.485381 -2.415599
vt 2.485381 -2.057871
vt 2.471994 -2.057871
vt 2.471994 -2.415599
vt 2.485381 -0.571738
vt 2.471995 -0.571738
vt 0.562092 -0.571738
vt 0.939426 -0.571738
vt 0.562092 -3.063915
vt 0.939426 -3.063915
vt 0.939426 -0.944273
vt 0.562092 -0.944273
vt 2.453162 -0.571738
vt 2.453162 -0.944273
vt 2.433288 0.917348
vt 0.939426 -1.685785
vt 0.939426 -1.316402
vt 0.562092 -1.316402
vt 0.562092 -1.685785
vt 0.542216 -2.746908
vt 0.542216 -2.415599
vt 2.055952 -2.415599
vt 2.055952 -2.746908
vt 2.433288 -2.746908
vt 2.433288 -2.415599
vt 2.453162 -1.316402
vt 2.453162 -1.685785
vt 0.509997 2.031157
vt 0.509997 2.403286
vt 0.500758 2.403286
vt 0.500759 2.031156
vt 0.509997 1.658620
vt 0.509997 1.288104
vt 0.523383 1.288104
vt 2.485381 1.288103
vt 0.542216 -0.571738
vt 0.542216 -0.201220
vt 2.453162 0.543441
vt 2.453162 0.917348
vt 0.509997 3.502485
vt 0.523383 3.502485
vt 0.523383 3.833788
vt 2.453162 2.772669
vt 2.471994 2.772669
vt 2.471994 3.144755
vt 2.453162 3.144755
vt 2.485383 3.502485
vt 2.433288 2.031157
vt 2.433288 2.403286
vt 0.562092 0.917348
vt 0.562092 0.543441
vt 2.433288 3.144755
vt 2.433288 3.502485
vt 1.293921 3.144755
vt 0.500759 0.543441
vt 0.500758 0.169536
vt 0.523383 3.144755
vt 0.500759 -0.201220
vt 0.542216 0.917348
vt 0.542216 0.543441
vt 0.500758 -1.685785
vt 0.500758 -2.057871
vt 0.542216 1.288104
vt 0.523384 0.917348
vt 0.500758 -2.415599
vt 2.433288 1.288104
vt 0.500759 -0.944273
vt 0.500758 -1.316402
vt 0.542216 4.150795
vt 0.523384 4.150795
vt 2.433288 2.772669
vt 0.500758 -0.571738
vt 2.485381 -2.746908
vt 0.500758 -2.746908
vt 2.485381 -3.063915
vt 2.471996 -3.063915
vt 2.471994 -2.746908
vt 0.500759 -3.063915
vt 0.542216 -3.063915
vt 0.542216 -2.057871
vt 2.453162 -2.415599
vt 2.453162 -2.746908
vt 2.433289 -3.063915
vt 2.453162 -3.063915
vt 0.542216 -0.944273
vt 0.542216 0.169536
vt 2.453162 -0.201220
vt 2.485381 2.403286
vt 2.453162 0.169536
vt 0.509997 0.917348
vt 0.542216 -1.685785
vt 0.542216 -1.316402
vt 0.500758 1.658619
vt 2.453162 -2.057871
vt 2.433288 1.658620
vt 2.055951 -3.063915
vt 0.562092 4.150795
vt 0.939426 4.150797
vt 0.500758 0.917348
vt 1.701456 -2.057871
vt 1.701456 -2.415599
vt 1.293921 -2.057871
vt 1.293921 -2.415599
vt 1.293921 -1.685785
vt 1.701456 -1.685785
vt 1.701456 0.169536
vt 1.701456 -0.201220
vt 1.293921 0.169536
vt 1.293921 -0.201220
vt 1.701456 -1.316402
vt 1.293921 -1.316402
vt 1.293921 -0.944273
vt 1.701456 -0.944273
vt 2.485381 1.658619
vt 2.485381 2.031157
vt 0.500758 3.502485
vt 0.500759 1.288103
vt 1.701456 -2.746908
vt 1.701456 -3.063915
vt 1.293922 -2.746908
vt 1.293922 -3.063915
vt 1.701456 -0.571738
vt 1.293921 -0.571738
vt 2.055951 4.150795
vt -1.431735 -2.746908
vt -1.054406 -2.746908
vt -1.054406 -2.415599
vt -1.431735 -2.415599
vt -1.483826 3.833788
vt -1.483826 4.150795
vt -1.493065 4.150795
vt -1.493065 3.833788
vt -1.431735 -0.201220
vt -1.054406 -0.201220
vt -1.054406 0.169536
vt -1.431735 0.169536
vt 0.478132 0.917348
vt 0.478132 0.543441
vt 0.491520 0.543441
vt 0.491520 0.917348
vt 0.478132 4.150795
vt 0.478132 3.833788
vt 0.491520 3.833788
vt 0.491520 4.150795
vt -1.054406 -2.057871
vt -1.431735 -2.057871
vt 0.439426 0.169536
vt 0.062098 0.169536
vt 0.062097 -0.201220
vt 0.439426 -0.201220
vt -1.054406 2.772669
vt -1.431735 2.772669
vt -1.431735 2.403286
vt -1.054406 2.403286
vt 0.439426 -0.944273
vt 0.062097 -0.944273
vt 0.062097 -1.316402
vt 0.439426 -1.316402
vt 0.062097 -1.685785
vt 0.439426 -1.685785
vt 0.439426 -0.571738
vt 0.062097 -0.571738
vt -1.451607 3.833788
vt -1.451607 3.502485
vt -1.431735 3.502485
vt -1.431735 3.833788
vt -1.431735 1.658620
vt -1.431735 1.288104
vt -1.054406 1.288104
vt -1.054406 1.658620
vt -1.483826 2.772669
vt -1.483826 3.144755
vt -1.493065 3.144755
vt -1.493065 2.772669
vt 0.062097 -2.057871
vt 0.439426 -2.057871
vt -1.451607 2.031157
vt -1.451607 1.658620
vt -1.431735 2.031157
vt 0.491520 3.144755
vt 0.491520 2.772669
vt 0.439426 0.543441
vt 0.062098 0.543441
vt 0.459302 1.288104
vt 0.478133 1.288104
vt 0.478132 1.658620
vt 0.459302 1.658620
vt 0.459302 3.833788
vt 0.459302 4.150795
vt 0.439426 4.150795
vt 0.439426 3.833788
vt -1.431735 3.144755
vt -1.054406 3.144755
vt -1.054406 2.031157
vt -0.699916 2.031156
vt -0.699916 2.403286
vt -1.483826 -0.201220
vt -1.470440 -0.201221
vt -1.470440 0.169536
vt -1.483826 0.169536
vt -1.470440 2.031157
vt -1.470440 1.658620
vt -1.483826 -0.944273
vt -1.470440 -0.944273
vt -1.470440 -0.571738
vt -1.483826 -0.571738
vt -1.470440 0.543441
vt -1.483826 0.543441
vt -0.699916 1.288104
vt -0.699916 1.658619
vt -1.054406 3.502485
vt -0.699916 3.502485
vt -0.699916 3.833788
vt -1.054406 3.833788
vt -0.292390 2.772669
vt 0.062097 2.772669
vt 0.062097 3.144755
vt -0.292390 3.144755
vt -1.483826 -2.415599
vt -1.470440 -2.415599
vt -1.470440 -2.057871
vt -1.483826 -2.057871
vt -0.292390 2.031157
vt -0.292390 1.658620
vt -1.483826 -3.063915
vt -1.470440 -3.063915
vt -1.470440 -2.746908
vt -1.483826 -2.746908
vt -1.470440 -1.685785
vt -1.483826 -1.685785
vt -0.699916 2.772669
vt -0.292390 2.403285
vt -1.054406 0.543441
vt -0.699916 0.543441
vt -0.699916 0.917348
vt -1.054406 0.917348
vt -0.292390 3.502486
vt 0.062097 3.502485
vt 0.062097 3.833788
vt -0.292390 3.833788
vt -1.451607 3.144755
vt -1.451607 2.772669
vt -0.292390 4.150795
vt -0.699915 4.150795
vt -1.470440 -1.316402
vt -1.483826 -1.316402
vt -1.470440 2.772669
vt -1.470440 2.403288
vt -1.451607 2.403286
vt 0.491520 -1.685785
vt 0.491520 -1.316402
vt 0.478132 -1.316402
vt 0.478132 -1.685785
vt 0.459302 3.502485
vt 0.478132 3.502485
vt 0.491520 -0.944273
vt 0.478133 -0.944273
vt 0.459302 2.031157
vt 0.478133 2.031157
vt 0.478132 2.403286
vt 0.459302 2.403286
vt -0.292390 1.288104
vt -0.292390 0.917348
vt 0.062097 2.031157
vt 0.062097 2.403286
vt -0.292390 0.543441
vt 0.062098 0.917348
vt 0.491520 -0.201220
vt 0.491520 0.169536
vt 0.478132 0.169536
vt 0.478133 -0.201221
vt 0.062097 1.288104
vt 0.062097 1.658620
vt 0.491520 -2.415599
vt 0.491520 -2.057871
vt 0.478132 -2.057871
vt 0.478132 -2.415599
vt 0.491520 -0.571738
vt 0.478132 -0.571738
vt -1.431735 -0.571738
vt -1.054406 -0.571738
vt -1.431735 -3.063915
vt -1.054406 -3.063915
vt -1.054406 -0.944273
vt -1.431735 -0.944273
vt 0.459302 -0.571738
vt 0.459302 -0.944273
vt 0.439426 0.917348
vt -1.054406 -1.685785
vt -1.054406 -1.316402
vt -1.431735 -1.316402
vt -1.431735 -1.685785
vt -1.451607 -2.746908
vt -1.451607 -2.415599
vt 0.062097 -2.415599
vt 0.062097 -2.746908
vt 0.439426 -2.746908
vt 0.439426 -2.415599
vt 0.459302 -1.316402
vt 0.459302 -1.685785
vt -1.483826 2.031157
vt -1.483826 2.403288
vt -1.493068 2.403288
vt -1.493068 2.031156
vt -1.483826 1.658620
vt -1.483826 1.288104
vt -1.470440 1.288104
vt 0.491520 1.288103
vt -1.451607 -0.571738
vt -1.451607 -0.201220
vt 0.459302 0.543441
vt 0.459302 0.917348
vt -1.483826 3.502485
vt -1.470440 3.502485
vt -1.470440 3.833788
vt 0.459302 2.772669
vt 0.478132 2.772669
vt 0.478132 3.144755
vt 0.459302 3.144755
vt 0.491520 3.502485
vt 0.439426 2.031157
vt 0.439426 2.403286
vt -1.431735 0.917348
vt -1.431735 0.543441
vt 0.439426 3.144755
vt 0.439426 3.502485
vt -0.699916 3.144755
vt -1.493068 0.543441
vt -1.493068 0.169536
vt -1.470440 3.144755
vt -1.493068 -0.201220
vt -1.451607 0.917348
vt -1.451607 0.543441
vt -1.493068 -1.685785
vt -1.493068 -2.057871
vt -1.451607 1.288104
vt -1.470440 0.917348
vt -1.493068 -2.415599
vt 0.439426 1.288104
vt -1.493068 -0.944273
vt -1.493068 -1.316402
vt -1.451607 4.150795
vt -1.470440 4.150795
vt 0.439426 2.772669
vt -1.493068 -0.571738
vt 0.491520 -2.746908
vt -1.493068 -2.746908
vt 0.491520 -3.063915
vt 0.478132 -3.063915
vt 0.478132 -2.746908
vt -1.493068 -3.063915
vt -1.451607 -3.063915
vt -1.451607 -2.057871
vt 0.459302 -2.415599
vt 0.459302 -2.746908
vt 0.439426 -3.063915
vt 0.459302 -3.063915
vt -1.451607 -0.944273
vt -1.451607 0.169536
vt 0.459302 -0.201220
vt 0.491520 2.403286
vt 0.459302 0.169536
vt -1.483826 0.917348
vt -1.451607 -1.685785
vt -1.451607 -1.316402
vt -1.493068 1.658619
vt 0.459302 -2.057871
vt 0.439426 1.658620
vt 0.062098 -3.063915
vt -1.431735 4.150795
vt -1.054406 4.150795
vt -1.493068 0.917348
vt -0.292390 -2.057871
vt -0.292390 -2.415599
vt -0.699918 -2.057871
vt -0.699919 -2.415599
vt -0.699919 -1.685785
vt -0.292390 -1.685785
vt -0.292390 0.169536
vt -0.292390 -0.201220
vt -0.699916 0.169536
vt -0.699916 -0.201220
vt -0.292390 -1.316402
vt -0.699916 -1.316402
vt -0.699916 -0.944273
vt -0.292390 -0.944273
vt 0.491520 1.658619
vt 0.491520 2.031157
vt -1.493065 3.502485
vt -1.493068 1.288103
vt -0.292390 -2.746908
vt -0.292390 -3.063915
vt -0.699918 -2.746908
vt -0.699919 -3.063915
vt -0.292390 -0.571738
vt -0.699916 -0.571738
vt 0.062098 4.150795
vt -3.425604 -2.746908
vt -3.048267 -2.746908
vt -3.048267 -2.415599
vt -3.425604 -2.415599
vt -3.477695 3.833792
vt -3.477695 4.150798
vt -3.486933 4.150798
vt -3.486933 3.833791
vt -3.425604 -0.201220
vt -3.048267 -0.201220
vt -3.048267 0.169536
vt -3.425604 0.169536
vt -1.515692 0.917348
vt -1.515692 0.543441
vt -1.502306 0.543441
vt -1.502306 0.917348
vt -1.515692 4.150795
vt -1.515692 3.833788
vt -1.502306 3.833788
vt -1.502306 4.150795
vt -3.048267 -2.057871
vt -3.425604 -2.057871
vt -1.554401 0.169536
vt -1.931735 0.169536
vt -1.931734 -0.201220
vt -1.554401 -0.201220
vt -3.048267 2.772669
vt -3.425604 2.772669
vt -3.425604 2.403288
vt -3.048267 2.403288
vt -1.554401 -0.944273
vt -1.931734 -0.944273
vt -1.931734 -1.316402
vt -1.554401 -1.316402
vt -1.931737 -1.685785
vt -1.554401 -1.685785
vt -1.554401 -0.571738
vt -1.931737 -0.571738
vt -3.445477 3.833792
vt -3.445477 3.502485
vt -3.425604 3.502485
vt -3.425604 3.833792
vt -3.425604 1.658620
vt -3.425604 1.288104
vt -3.048267 1.288104
vt -3.048267 1.658620
vt -3.477695 2.772669
vt -3.477695 3.144755
vt -3.486933 3.144754
vt -3.486933 2.772668
vt -1.931737 -2.057871
vt -1.554401 -2.057871
vt -3.445477 2.031157
vt -3.445477 1.658620
vt -3.425604 2.031157
vt -1.502306 3.144755
vt -1.502306 2.772669
vt -1.554401 0.543441
vt -1.931734 0.543441
vt -1.534525 1.288104
vt -1.515692 1.288104
vt -1.515692 1.658620
vt -1.534525 1.658620
vt -1.534525 3.833788
vt -1.534525 4.150795
vt -1.554400 4.150795
vt -1.554401 3.833788
vt -3.425604 3.144755
vt -3.048267 3.144755
vt -3.048267 2.031157
vt -2.693768 2.031156
vt -2.693768 2.403288
vt -3.477695 -0.201220
vt -3.464309 -0.201221
vt -3.464309 0.169536
vt -3.477695 0.169536
vt -3.464309 2.031157
vt -3.464309 1.658620
vt -3.477695 -0.944273
vt -3.464309 -0.944273
vt -3.464309 -0.571738
vt -3.477695 -0.571738
vt -3.464309 0.543441
vt -3.477695 0.543441
vt -2.693768 1.288104
vt -2.693768 1.658619
vt -3.048267 3.502485
vt -2.693768 3.502485
vt -2.693768 3.833792
vt -3.048267 3.833792
vt -2.286233 2.772669
vt -1.931734 2.772669
vt -1.931734 3.144755
vt -2.286233 3.144755
vt -3.477695 -2.415599
vt -3.464309 -2.415599
vt -3.464309 -2.057871
vt -3.477695 -2.057871
vt -2.286233 2.031157
vt -2.286233 1.658620
vt -3.477695 -3.063912
vt -3.464309 -3.063912
vt -3.464309 -2.746908
vt -3.477695 -2.746908
vt -3.464309 -1.685785
vt -3.477695 -1.685785
vt -2.693768 2.772669
vt -2.286233 2.403288
vt -3.048267 0.543441
vt -2.693768 0.543441
vt -2.693768 0.917348
vt -3.048267 0.917348
vt -2.286233 3.502485
vt -1.931734 3.502485
vt -1.931734 3.833788
vt -2.286233 3.833792
vt -3.445477 3.144755
vt -3.445477 2.772669
vt -2.286233 4.150798
vt -2.693768 4.150798
vt -3.464309 -1.316402
vt -3.477695 -1.316402
vt -3.464309 2.772669
vt -3.464309 2.403288
vt -3.445477 2.403288
vt -1.502306 -1.685785
vt -1.502306 -1.316402
vt -1.515692 -1.316402
vt -1.515692 -1.685785
vt -1.534525 3.502485
vt -1.515692 3.502485
vt -1.502306 -0.944273
vt -1.515692 -0.944273
vt -1.534525 2.031157
vt -1.515692 2.031157
vt -1.515692 2.403286
vt -1.534525 2.403288
vt -2.286233 1.288104
vt -2.286233 0.917348
vt -1.931734 2.031157
vt -1.931734 2.403288
vt -2.286233 0.543441
vt -1.931735 0.917348
vt -1.502306 -0.201220
vt -1.502306 0.169536
vt -1.515692 0.169536
vt -1.515692 -0.201221
vt -1.931734 1.288104
vt -1.931734 1.658620
vt -1.502306 -2.415599
vt -1.502306 -2.057871
vt -1.515692 -2.057871
vt -1.515692 -2.415599
vt -1.502306 -0.571738
vt -1.515692 -0.571738
vt -3.425604 -0.571738
vt -3.048267 -0.571738
vt -3.425604 -3.063912
vt -3.048267 -3.063915
vt -3.048267 -0.944273
vt -3.425604 -0.944273
vt -1.534525 -0.571738
vt -1.534525 -0.944273
vt -1.554401 0.917348
vt -3.048267 -1.685785
vt -3.048267 -1.316402
vt -3.425604 -1.316402
vt -3.425604 -1.685785
vt -3.445477 -2.746908
vt -3.445477 -2.415599
vt -1.931737 -2.415599
vt -1.931737 -2.746908
vt -1.554401 -2.746908
vt -1.554401 -2.415599
vt -1.534525 -1.316402
vt -1.534525 -1.685785
vt -3.477695 2.031157
vt -3.477695 2.403288
vt -3.486933 2.403287
vt -3.486933 2.031156
vt -3.477695 1.658620
vt -3.477695 1.288104
vt -3.464309 1.288104
vt -1.502306 1.288103
vt -3.445477 -0.571738
vt -3.445477 -0.201220
vt -1.534525 0.543441
vt -1.534525 0.917348
vt -3.477695 3.502485
vt -3.464309 3.502485
vt -3.464309 3.833792
vt -1.534525 2.772669
vt -1.515692 2.772669
vt -1.515692 3.144755
vt -1.534525 3.144755
vt -1.502306 3.502485
vt -1.554401 2.031157
vt -1.554401 2.403288
vt -3.425604 0.917348
vt -3.425604 0.543441
vt -1.554401 3.144755
vt -1.554401 3.502485
vt -2.693768 3.144755
vt -3.486933 0.543441
vt -3.486933 0.169536
vt -3.464309 3.144755
vt -3.486933 -0.201220
vt -3.445477 0.917348
vt -3.445477 0.543441
vt -3.486933 -1.685785
vt -3.486933 -2.057871
vt -3.445477 1.288104
vt -3.464309 0.917348
vt -3.486933 -2.415600
vt -1.554401 1.288104
vt -3.486933 -0.944273
vt -3.486933 -1.316402
vt -3.445477 4.150798
vt -3.464309 4.150798
vt -1.554401 2.772669
vt -3.486933 -0.571738
vt -1.502306 -2.746908
vt -3.486933 -2.746908
vt -1.502306 -3.063915
vt -1.515692 -3.063915
vt -1.515692 -2.746908
vt -3.486933 -3.063912
vt -3.445477 -3.063912
vt -3.445477 -2.057871
vt -1.534525 -2.415599
vt -1.534525 -2.746908
vt -1.554400 -3.063915
vt -1.534525 -3.063915
vt -3.445477 -0.944273
vt -3.445477 0.169536
vt -1.534525 -0.201220
vt -1.502306 2.403288
vt -1.534525 0.169536
vt -3.477695 0.917348
vt -3.445477 -1.685785
vt -3.445477 -1.316402
vt -3.486933 1.658620
vt -1.534525 -2.057871
vt -1.554401 1.658620
vt -1.931737 -3.063915
vt -3.425604 4.150798
vt -3.048267 4.150798
vt -3.486933 0.917348
vt -2.286233 -2.057871
vt -2.286233 -2.415599
vt -2.693768 -2.057871
vt -2.693768 -2.415599
vt -2.693768 -1.685785
vt -2.286233 -1.685785
vt -2.286233 0.169536
vt -2.286233 -0.201220
vt -2.693768 0.169536
vt -2.693768 -0.201220
vt -2.286233 -1.316402
vt -2.693768 -1.316402
vt -2.693768 -0.944273
vt -2.286233 -0.944273
vt -1.502306 1.658619
vt -1.502306 2.031157
vt -3.486933 3.502484
vt -3.486933 1.288103
vt -2.286233 -2.746908
vt -2.286233 -3.063915
vt -2.693768 -2.746908
vt -2.693768 -3.063915
vt -2.286233 -0.571738
vt -2.693768 -0.571738
vt -1.931734 4.150798
vt 4.528278 3.831606
vt 4.526355 3.499198
vt 4.554632 3.495631
vt 4.556997 3.830144
vt 4.527766 2.027590
vt 4.528646 1.656288
vt 4.551427 1.650833
vt 4.551211 2.020395
vt 4.497737 -0.201247
vt 4.510887 -0.201274
vt 4.511431 0.169856
vt 4.497999 0.169696
vt 4.510371 2.031253
vt 4.511341 1.659004
vt 4.497470 -0.944321
vt 4.510372 -0.944371
vt 4.511343 -0.572122
vt 4.497961 -0.571929
vt 4.510738 0.543441
vt 4.497646 0.543441
vt 4.497076 -2.415158
vt 4.508805 -2.414489
vt 4.509887 -2.057588
vt 4.497344 -2.057662
vt 4.499474 -3.064929
vt 4.513412 -3.065815
vt 4.511297 -2.745698
vt 4.498437 -2.746316
vt 4.510993 -1.685672
vt 4.497783 -1.685733
vt 4.528711 3.138643
vt 4.530185 2.767423
vt 4.556800 2.757293
vt 4.555972 3.126905
vt 4.510397 -1.315977
vt 4.497491 -1.316186
vt 4.510992 2.772555
vt 4.510395 2.402860
vt 4.528486 2.398269
vt 4.528278 -2.744723
vt 4.556997 -2.743261
vt 4.554632 -2.408747
vt 4.526355 -2.412314
vt 4.497959 1.658812
vt 4.497736 1.288130
vt 4.510887 1.288157
vt 4.528647 -0.569405
vt 4.551427 -0.563950
vt 4.549212 -0.195464
vt 4.527530 -0.199303
vt 4.498438 3.833198
vt 4.497076 3.502043
vt 4.508805 3.501373
vt 4.511297 3.832580
vt 4.509887 3.144470
vt 4.528112 0.915846
vt 4.527004 0.543441
vt 4.548004 0.543441
vt 4.549608 0.913722
vt 4.527529 1.286185
vt 4.511430 0.917028
vt 4.530653 4.153348
vt 4.513412 4.152698
vt 4.530653 -3.066465
vt 4.560100 -3.066673
vt 4.555973 -2.040022
vt 4.528712 -2.051760
vt 4.527766 -0.940708
vt 4.551213 -0.933512
vt 4.549609 0.173162
vt 4.528113 0.171037
vt 4.497782 2.772616
vt 4.497488 2.403070
vt 4.497470 2.031203
vt 4.497344 3.144545
vt 4.499474 4.151811
vt 4.497999 0.917187
vt 4.530187 -1.680539
vt 4.556803 -1.670411
vt 4.553301 -1.302546
vt 4.528488 -1.311386
vt 4.549212 1.282347
vt 4.553298 2.389429
vt 4.560099 4.153556
vt 4.719227 0.913396
vt 4.718476 1.281962
vt 4.724570 2.757226
vt 4.722004 3.127704
vt 4.720603 2.020016
vt 4.722057 2.388731
vt 4.720883 1.650484
vt 4.716547 3.475271
vt 4.720821 3.822551
vt 4.726283 4.149993
vt 4.726285 -3.063110
vt 4.720821 -2.735667
vt 4.716547 -2.388387
vt 4.720603 -0.933134
vt 4.720884 -0.563601
vt 4.718477 -0.195079
vt 4.724572 -1.670343
vt 4.722059 -1.301848
vt 4.722004 -2.040821
vt 4.719228 0.173488
vt 4.717864 0.543441
vt -1.109885 -1.136674
vt -1.226251 -1.465520
vt -0.100339 -1.470938
vt -0.098766 -1.141469
vt -1.310605 -2.132082
vt -1.313819 -2.457891
vt -0.105168 -2.463797
vt -0.103576 -2.137987
vt 2.219142 -1.465407
vt 2.102746 -1.136562
vt 1.091606 -1.141440
vt 1.093207 -1.470916
vt 2.283780 -1.792381
vt 1.094815 -1.798262
vt -1.290861 -1.792492
vt -0.101922 -1.798277
vt 2.306793 -2.457794
vt 2.303552 -2.131977
vt 1.096497 -2.137980
vt 1.098114 -2.463796
vt 1.939558 -0.835321
vt 1.090165 -0.839320
vt -0.946724 -0.835425
vt -0.097349 -0.839355
vt -1.290861 -1.792492
vt -0.730200 -0.574041
vt -0.730200 -0.574041
vt -0.466741 -0.359990
vt -0.466741 -0.359989
vt -0.946724 -0.835425
vt 0.496376 -0.069983
vt 0.834317 -0.103158
vt 0.834317 -0.103157
vt 0.496376 -0.069983
vt 2.283780 -1.792380
vt 2.303552 -2.131977
vt 1.723008 -0.573949
vt 1.723008 -0.573950
vt 1.939558 -0.835320
vt -0.166722 -0.201027
vt -0.166722 -0.201027
vt -3.526755 3.831701
vt -3.555442 3.830279
vt -3.552951 3.494719
vt -3.524690 3.498517
vt -3.526206 2.027567
vt -3.549653 2.020363
vt -3.549854 1.650824
vt -3.527074 1.656280
vt -3.496169 -0.201247
vt -3.496433 0.169696
vt -3.509864 0.169855
vt -3.509319 -0.201274
vt -3.509771 1.659000
vt -3.508811 2.031238
vt -3.495908 -0.944313
vt -3.496391 -0.571927
vt -3.509771 -0.572117
vt -3.508810 -0.944355
vt -3.496081 0.543441
vt -3.509173 0.543441
vt -3.495473 -2.414933
vt -3.495781 -2.057825
vt -3.508338 -2.057910
vt -3.507169 -2.414040
vt -3.497848 -3.065009
vt -3.496900 -2.746346
vt -3.509772 -2.745759
vt -3.511721 -3.065980
vt -3.496241 -1.685748
vt -3.509479 -1.685701
vt -3.527192 3.139101
vt -3.554508 3.127478
vt -3.555349 2.757334
vt -3.528699 2.767462
vt -3.495936 -1.316176
vt -3.508854 -1.315954
vt -3.526958 2.398236
vt -3.508856 2.402839
vt -3.509478 2.772584
vt -3.526755 -2.744818
vt -3.524690 -2.411633
vt -3.552951 -2.407836
vt -3.555441 -2.743396
vt -3.496391 1.658809
vt -3.509320 1.288157
vt -3.496170 1.288130
vt -3.527074 -0.569398
vt -3.525959 -0.199302
vt -3.547641 -0.195463
vt -3.549853 -0.563940
vt -3.496900 3.833229
vt -3.509773 3.832641
vt -3.507168 3.500924
vt -3.495473 3.501817
vt -3.508336 3.144793
vt -3.526546 0.915847
vt -3.548042 0.913723
vt -3.546438 0.543442
vt -3.525439 0.543441
vt -3.525961 1.286185
vt -3.509865 0.917029
vt -3.528895 4.153604
vt -3.511724 4.152865
vt -3.528892 -3.066720
vt -3.558238 -3.067031
vt -3.527194 -2.052217
vt -3.554510 -2.040595
vt -3.526206 -0.940683
vt -3.549652 -0.933479
vt -3.526546 0.171037
vt -3.548041 0.173161
vt -3.495936 2.403061
vt -3.496242 2.772631
vt -3.495909 2.031196
vt -3.495779 3.144707
vt -3.497851 4.151894
vt -3.496433 0.917188
vt -3.528700 -1.680578
vt -3.526957 -1.311351
vt -3.551783 -1.302497
vt -3.555349 -1.670450
vt -3.547642 1.282347
vt -3.551784 2.389381
vt -3.558241 4.153914
vt -3.717661 0.913399
vt -3.716902 1.281963
vt -3.723281 2.757230
vt -3.720956 3.128299
vt -3.719035 2.019963
vt -3.720570 2.388638
vt -3.719301 1.650469
vt -3.715036 3.474217
vt -3.718942 3.822860
vt -3.723936 4.150603
vt -3.723933 -3.063721
vt -3.718942 -2.735978
vt -3.715036 -2.387334
vt -3.719034 -0.933080
vt -3.719300 -0.563586
vt -3.716901 -0.195080
vt -3.723282 -1.670346
vt -3.720570 -1.301753
vt -3.720958 -2.041416
vt -3.717661 0.173485
vt -3.716299 0.543442
vt 0.019999 -1.012257
vt 0.019999 1.103978
vt 1.116325 1.103978
vt 1.116325 -1.012257
vt 0.158439 -0.103184
vt 0.496387 -0.329108
vt 0.200699 -0.328970
vt 0.792076 -0.328947
vt 1.159489 -0.200975
vt 1.087784 -0.328456
vt -0.095008 -0.328502
vt -0.095792 -0.498802
vt 1.459526 -0.359915
vt 1.088582 -0.498760
vt -0.096563 -0.669094
vt 1.089365 -0.669056
vt -0.466740 -0.359990
vt -0.730199 -0.574042
vt 1.459525 -0.359915
vt 1.159489 -0.200975
vt 0.496376 -0.069982
vt 0.834318 -0.103157
vt 1.159489 -0.200974
vt 2.102747 -1.136562
vt 2.219143 -1.465406
vt 1.459527 -0.359914
vt 0.158439 -0.103184
vt 0.158440 -0.103185
vt -1.109884 -1.136674
vt -1.226250 -1.465520
vt -0.946723 -0.835425
vt 2.219142 -1.465407
vt -1.290861 -1.792492
vt 1.723007 -0.573950
vt 1.939558 -0.835321
vt -0.166721 -0.201028
vt -1.109885 -1.136673
vt -1.226251 -1.465519
vt 0.181818 0.000000
vt 0.363636 0.000000
vt 0.272727 0.000000
vt 0.090909 0.000000
vt 0.454545 0.000000
vt 0.545455 0.000000
vt 0.636364 0.000000
vt 0.727273 0.000000
vt 0.909091 0.000000
vt 0.818182 0.000000
vt 1.000000 0.916667
vt 0.000000 0.916667
vt 0.000000 0.083333
vt 1.000000 0.083333
vt 0.000000 0.166667
vt 1.000000 0.166667
vt 0.000000 0.333333
vt 1.000000 0.333333
vt 0.000000 0.416667
vt 1.000000 0.416667
vt 0.000000 0.583333
vt 1.000000 0.583333
vt 0.000000 0.666667
vt 1.000000 0.666667
vt 0.000000 0.833333
vt 1.000000 0.833333
vt -2.232254 1.754611
vt 2.734240 1.754609
vt 2.734240 0.861776
vt -2.232254 0.861777
vt 2.734240 0.138223
vt -2.232254 0.138223
vt 2.734240 -0.754610
vt -2.232254 -0.754610
vt -2.248652 0.138223
vt -2.248653 0.861777
vt 2.750638 0.861776
vt 2.750639 0.138223
s 1
usemtl floor
f 1/1/1 2/2/1 4/3/1 3/4/1
usemtl metal_1
f 5/5/2 446/6/3 1285/7/4 445/8/5
f 446/6/3 13/9/6 447/10/7 1285/7/4
f 1285/7/4 447/10/7 20/11/8 448/12/9
f 445/8/5 1285/7/4 448/12/9 12/13/10
f 6/14/11 450/15/12 1286/16/13 449/17/14
f 450/15/12 14/18/15 451/19/16 1286/16/13
f 1286/16/13 451/19/16 13/20/6 446/21/3
f 449/17/14 1286/16/13 446/21/3 5/1/2
f 7/22/17 453/23/18 1287/24/19 452/25/20
f 453/23/18 15/26/21 454/27/22 1287/24/19
f 1287/24/19 454/27/22 14/18/15 450/15/12
f 452/25/20 1287/24/19 450/15/12 6/14/11
f 8/28/23 456/29/24 1288/30/25 455/31/26
f 456/29/24 16/32/27 457/33/28 1288/30/25
f 1288/30/25 457/33/28 15/26/21 453/23/18
f 455/31/26 1288/30/25 453/23/18 7/22/17
f 9/34/29 459/35/30 1289/36/31 458/37/32
f 459/35/30 17/38/33 460/39/34 1289/36/31
f 1289/36/31 460/39/34 16/32/27 456/29/24
f 458/37/32 1289/36/31 456/29/24 8/28/23
f 10/40/35 462/41/36 1290/42/37 461/43/38
f 462/41/36 18/44/39 463/45/40 1290/42/37
f 1290/42/37 463/45/40 17/38/33 459/35/30
f 461/43/38 1290/42/37 459/35/30 9/34/29
f 11/46/41 465/47/42 1291/48/43 464/49/44
f 465/47/42 19/50/45 466/51/46 1291/48/43
f 1291/48/43 466/51/46 18/44/39 462/41/36
f 464/49/44 1291/48/43 462/41/36 10/40/35
f 12/13/10 448/12/9 1292/52/47 467/53/48
f 448/12/9 20/11/8 468/54/49 1292/52/47
f 1292/52/47 468/54/49 19/50/45 465/47/42
f 467/53/48 1292/52/47 465/47/42 11/46/41
f 13/9/6 469/55/50 1293/56/51 447/10/7
f 469/55/50 21/57/52 470/58/53 1293/56/51
f 1293/56/51 470/58/53 28/59/54 471/60/55
f 447/10/7 1293/56/51 471/60/55 20/11/8
f 14/18/15 472/61/56 1294/62/57 451/19/16
f 472/61/56 22/63/58 473/64/59 1294/62/57
f 1294/62/57 473/64/59 21/65/52 469/66/50
f 451/19/16 1294/62/57 469/66/50 13/20/6
f 15/26/21 474/67/60 1295/68/61 454/69/22
f 474/67/60 23/70/62 475/71/63 1295/68/61
f 1295/68/61 475/71/63 22/72/58 472/73/56
f 454/69/22 1295/68/61 472/73/56 14/18/15
f 16/74/27 476/75/64 1296/76/65 457/77/28
f 476/75/64 24/78/66 477/79/67 1296/76/65
f 1296/76/65 477/79/67 23/70/62 474/67/60
f 457/77/28 1296/76/65 474/67/60 15/26/21
f 17/80/33 478/81/68 1297/82/69 460/83/34
f 478/81/68 25/84/70 479/85/71 1297/82/69
f 1297/82/69 479/85/71 24/78/66 476/75/64
f 460/83/34 1297/82/69 476/75/64 16/74/27
f 18/86/39 480/87/72 1298/88/73 463/89/40
f 480/87/72 26/90/74 481/91/75 1298/88/73
f 1298/88/73 481/91/75 25/84/70 478/81/68
f 463/89/40 1298/88/73 478/81/68 17/80/33
f 19/50/45 482/92/76 1299/93/77 466/94/46
f 482/92/76 27/95/78 483/96/79 1299/93/77
f 1299/93/77 483/96/79 26/90/74 480/87/72
f 466/94/46 1299/93/77 480/87/72 18/86/39
f 20/97/8 471/98/55 1300/99/80 468/100/49
f 471/98/55 28/101/54 484/102/81 1300/99/80
f 1300/99/80 484/102/81 27/95/78 482/92/76
f 468/100/49 1300/99/80 482/92/76 19/50/45
f 21/57/52 485/103/82 1301/104/83 470/58/53
f 485/103/82 29/105/84 486/106/85 1301/104/83
f 1301/104/83 486/106/85 36/107/86 487/108/87
f 470/58/53 1301/104/83 487/108/87 28/59/54
f 22/63/58 488/109/88 1302/110/89 473/64/59
f 488/109/88 30/111/90 489/112/91 1302/110/89
f 1302/110/89 489/112/91 29/113/84 485/114/82
f 473/64/59 1302/110/89 485/114/82 21/65/52
f 23/70/62 490/115/92 1303/116/93 475/71/63
f 490/115/92 31/117/94 491/118/95 1303/116/93
f 1303/116/93 491/118/95 30/111/90 488/119/88
f 475/71/63 1303/116/93 488/119/88 22/72/58
f 24/78/66 492/120/96 1304/121/97 477/79/67
f 492/120/96 32/122/98 493/123/99 1304/121/97
f 1304/121/97 493/123/99 31/117/94 490/115/92
f 477/79/67 1304/121/97 490/115/92 23/70/62
f 25/84/70 494/124/100 1305/125/101 479/85/71
f 494/124/100 33/126/102 495/127/103 1305/125/101
f 1305/125/101 495/127/103 32/122/98 492/120/96
f 479/85/71 1305/125/101 492/120/96 24/78/66
f 26/90/74 496/128/104 1306/129/105 481/91/75
f 496/128/104 34/130/106 497/131/107 1306/129/105
f 1306/129/105 497/131/107 33/126/102 494/124/100
f 481/91/75 1306/129/105 494/124/100 25/84/70
f 27/95/78 498/132/108 1307/133/109 483/96/79
f 498/132/108 35/134/110 499/135/111 1307/133/109
f 1307/133/109 499/135/111 34/130/106 496/128/104
f 483/96/79 1307/133/109 496/128/104 26/90/74
f 28/101/54 487/136/87 1308/137/112 484/102/81
f 487/136/87 36/138/86 500/139/113 1308/137/112
f 1308/137/112 500/139/113 35/134/110 498/132/108
f 484/102/81 1308/137/112 498/132/108 27/95/78
f 29/105/84 501/140/114 1309/141/115 486/106/85
f 501/140/114 37/142/116 502/143/117 1309/141/115
f 1309/141/115 502/143/117 44/144/118 503/145/119
f 486/106/85 1309/141/115 503/145/119 36/107/86
f 30/111/90 504/146/120 1310/147/121 489/112/91
f 504/146/120 38/148/122 505/149/123 1310/147/121
f 1310/147/121 505/149/123 37/150/116 501/151/114
f 489/112/91 1310/147/121 501/151/114 29/113/84
f 31/117/94 506/152/124 1311/153/125 491/118/95
f 506/152/124 39/154/126 507/155/127 1311/153/125
f 1311/153/125 507/155/127 38/156/122 504/146/120
f 491/118/95 1311/153/125 504/146/120 30/111/90
f 32/122/98 508/157/128 1312/158/129 493/123/99
f 508/157/128 40/159/130 509/160/131 1312/158/129
f 1312/158/129 509/160/131 39/154/126 506/152/124
f 493/123/99 1312/158/129 506/152/124 31/117/94
f 33/126/102 510/161/132 1313/162/133 495/127/103
f 510/161/132 41/163/134 511/164/135 1313/162/133
f 1313/162/133 511/164/135 40/159/130 508/157/128
f 495/127/103 1313/162/133 508/157/128 32/122/98
f 34/130/106 512/165/136 1314/166/137 497/131/107
f 512/165/136 42/167/138 513/168/139 1314/166/137
f 1314/166/137 513/168/139 41/163/134 510/161/132
f 497/131/107 1314/166/137 510/161/132 33/126/102
f 35/134/110 514/169/140 1315/170/141 499/135/111
f 514/169/140 43/171/142 515/172/143 1315/170/141
f 1315/170/141 515/172/143 42/167/138 512/165/136
f 499/135/111 1315/170/141 512/165/136 34/130/106
f 36/138/86 503/173/119 1316/174/144 500/139/113
f 503/173/119 44/175/118 516/176/145 1316/174/144
f 1316/174/144 516/176/145 43/171/142 514/169/140
f 500/139/113 1316/174/144 514/169/140 35/134/110
f 37/142/116 517/177/146 1317/178/147 502/143/117
f 517/177/146 45/179/1 518/180/148 1317/178/147
f 1317/178/147 518/180/148 52/181/149 519/182/150
f 502/143/117 1317/178/147 519/182/150 44/144/118
f 38/148/122 520/183/151 1318/184/152 505/149/123
f 520/183/151 46/185/153 521/186/154 1318/184/152
f 1318/184/152 521/186/154 45/187/1 517/188/146
f 505/149/123 1318/184/152 517/188/146 37/150/116
f 39/154/126 522/189/155 1319/190/156 507/155/127
f 522/189/155 47/191/157 523/192/158 1319/190/156
f 1319/190/156 523/192/158 46/193/153 520/183/151
f 507/155/127 1319/190/156 520/183/151 38/156/122
f 40/159/130 524/194/159 1320/195/160 509/160/131
f 524/194/159 48/196/161 525/197/162 1320/195/160
f 1320/195/160 525/197/162 47/191/157 522/189/155
f 509/160/131 1320/195/160 522/189/155 39/154/126
f 41/163/134 526/198/163 1321/199/164 511/164/135
f 526/198/163 49/200/165 527/201/166 1321/199/164
f 1321/199/164 527/201/166 48/196/161 524/194/159
f 511/164/135 1321/199/164 524/194/159 40/159/130
f 42/167/138 528/202/167 1322/203/168 513/168/139
f 528/202/167 50/204/169 529/205/170 1322/203/168
f 1322/203/168 529/205/170 49/200/165 526/198/163
f 513/168/139 1322/203/168 526/198/163 41/163/134
f 43/171/142 530/206/171 1323/207/172 515/172/143
f 530/206/171 51/208/173 531/209/174 1323/207/172
f 1323/207/172 531/209/174 50/204/169 528/202/167
f 515/172/143 1323/207/172 528/202/167 42/167/138
f 44/175/118 519/210/150 1324/211/175 516/176/145
f 519/210/150 52/212/149 532/213/176 1324/211/175
f 1324/211/175 532/213/176 51/208/173 530/206/171
f 516/176/145 1324/211/175 530/206/171 43/171/142
f 45/179/1 533/214/177 1325/215/178 518/180/148
f 533/214/177 53/216/179 534/217/180 1325/215/178
f 1325/215/178 534/217/180 60/218/181 535/219/182
f 518/180/148 1325/215/178 535/219/182 52/181/149
f 46/185/153 536/220/183 1326/221/184 521/186/154
f 536/220/183 54/222/185 537/223/186 1326/221/184
f 1326/221/184 537/223/186 53/224/179 533/225/177
f 521/186/154 1326/221/184 533/225/177 45/187/1
f 47/191/157 538/226/187 1327/227/188 523/192/158
f 538/226/187 55/228/189 539/229/190 1327/227/188
f 1327/227/188 539/229/190 54/230/185 536/220/183
f 523/192/158 1327/227/188 536/220/183 46/193/153
f 48/196/161 540/231/191 1328/232/192 525/197/162
f 540/231/191 56/233/193 541/234/194 1328/232/192
f 1328/232/192 541/234/194 55/228/189 538/226/187
f 525/197/162 1328/232/192 538/226/187 47/191/157
f 49/200/165 542/235/195 1329/236/196 527/201/166
f 542/235/195 57/237/197 543/238/198 1329/236/196
f 1329/236/196 543/238/198 56/233/193 540/231/191
f 527/201/166 1329/236/196 540/231/191 48/196/161
f 50/204/169 544/239/199 1330/240/200 529/205/170
f 544/239/199 58/241/201 545/242/202 1330/240/200
f 1330/240/200 545/242/202 57/237/197 542/235/195
f 529/205/170 1330/240/200 542/235/195 49/200/165
f 51/208/173 546/243/203 1331/244/204 531/209/174
f 546/243/203 59/245/205 547/246/206 1331/244/204
f 1331/244/204 547/246/206 58/241/201 544/239/199
f 531/209/174 1331/244/204 544/239/199 50/204/169
f 52/212/149 535/247/182 1332/248/207 532/213/176
f 535/247/182 60/249/181 548/250/208 1332/248/207
f 1332/248/207 548/250/208 59/245/205 546/243/203
f 532/213/176 1332/248/207 546/243/203 51/208/173
f 53/216/179 549/251/209 1333/252/210 534/217/180
f 549/251/209 61/253/211 550/254/212 1333/252/210
f 1333/252/210 550/254/212 68/255/213 551/256/214
f 534/217/180 1333/252/210 551/256/214 60/218/181
f 54/222/185 552/257/215 1334/258/216 537/223/186
f 552/257/215 62/259/217 553/260/218 1334/258/216
f 1334/258/216 553/260/218 61/261/211 549/262/209
f 537/223/186 1334/258/216 549/262/209 53/224/179
f 55/228/189 554/263/219 1335/264/220 539/229/190
f 554/263/219 63/265/221 555/266/222 1335/264/220
f 1335/264/220 555/266/222 62/259/217 552/267/215
f 539/229/190 1335/264/220 552/267/215 54/230/185
f 56/233/193 556/268/223 1336/269/224 541/234/194
f 556/268/223 64/270/225 557/271/226 1336/269/224
f 1336/269/224 557/271/226 63/265/221 554/263/219
f 541/234/194 1336/269/224 554/263/219 55/228/189
f 57/237/197 558/272/227 1337/273/228 543/238/198
f 558/272/227 65/274/229 559/275/230 1337/273/228
f 1337/273/228 559/275/230 64/270/225 556/268/223
f 543/238/198 1337/273/228 556/268/223 56/233/193
f 58/241/201 560/276/231 1338/277/232 545/242/202
f 560/276/231 66/278/233 561/279/234 1338/277/232
f 1338/277/232 561/279/234 65/274/229 558/272/227
f 545/242/202 1338/277/232 558/272/227 57/237/197
f 59/245/205 562/280/235 1339/281/236 547/246/206
f 562/280/235 67/282/237 563/283/238 1339/281/236
f 1339/281/236 563/283/238 66/278/233 560/276/231
f 547/246/206 1339/281/236 560/276/231 58/241/201
f 60/249/181 551/284/214 1340/285/239 548/250/208
f 551/284/214 68/286/213 564/287/240 1340/285/239
f 1340/285/239 564/287/240 67/282/237 562/280/235
f 548/250/208 1340/285/239 562/280/235 59/245/205
f 61/253/211 565/288/241 1341/289/242 550/254/212
f 565/288/241 69/290/243 566/291/244 1341/289/242
f 1341/289/242 566/291/244 76/292/245 567/293/246
f 550/254/212 1341/289/242 567/293/246 68/255/213
f 62/259/217 568/294/247 1342/295/248 553/260/218
f 568/294/247 70/296/249 569/297/250 1342/295/248
f 1342/295/248 569/297/250 69/298/243 565/299/241
f 553/260/218 1342/295/248 565/299/241 61/261/211
f 63/265/221 570/300/251 1343/301/252 555/266/222
f 570/300/251 71/302/253 571/303/254 1343/301/252
f 1343/301/252 571/303/254 70/296/249 568/304/247
f 555/266/222 1343/301/252 568/304/247 62/259/217
f 64/270/225 572/305/255 1344/306/256 557/271/226
f 572/305/255 72/307/257 573/308/258 1344/306/256
f 1344/306/256 573/308/258 71/302/253 570/300/251
f 557/271/226 1344/306/256 570/300/251 63/265/221
f 65/274/229 574/309/259 1345/310/260 559/275/230
f 574/309/259 73/311/261 575/312/262 1345/310/260
f 1345/310/260 575/312/262 72/307/257 572/305/255
f 559/275/230 1345/310/260 572/305/255 64/270/225
f 66/278/233 576/313/263 1346/314/264 561/279/234
f 576/313/263 74/315/265 577/316/266 1346/314/264
f 1346/314/264 577/316/266 73/311/261 574/309/259
f 561/279/234 1346/314/264 574/309/259 65/274/229
f 67/282/237 578/317/267 1347/318/268 563/283/238
f 578/317/267 75/319/269 579/320/270 1347/318/268
f 1347/318/268 579/320/270 74/315/265 576/313/263
f 563/283/238 1347/318/268 576/313/263 66/278/233
f 68/286/213 567/321/246 1348/322/271 564/287/240
f 567/321/246 76/323/245 580/324/272 1348/322/271
f 1348/322/271 580/324/272 75/319/269 578/317/267
f 564/287/240 1348/322/271 578/317/267 67/282/237
f 69/290/243 581/325/273 1349/326/274 566/291/244
f 581/325/273 77/327/275 582/328/276 1349/326/274
f 1349/326/274 582/328/276 84/329/277 583/330/278
f 566/291/244 1349/326/274 583/330/278 76/292/245
f 70/296/249 584/331/279 1350/332/280 569/297/250
f 584/331/279 78/333/281 585/334/282 1350/332/280
f 1350/332/280 585/334/282 77/335/275 581/336/273
f 569/297/250 1350/332/280 581/336/273 69/298/243
f 71/302/253 586/337/283 1351/338/284 571/303/254
f 586/337/283 79/339/285 587/340/286 1351/338/284
f 1351/338/284 587/340/286 78/333/281 584/341/279
f 571/303/254 1351/338/284 584/341/279 70/296/249
f 72/307/257 588/342/287 1352/343/288 573/308/258
f 588/342/287 80/344/289 589/345/290 1352/343/288
f 1352/343/288 589/345/290 79/339/285 586/337/283
f 573/308/258 1352/343/288 586/337/283 71/302/253
f 73/311/261 590/346/291 1353/347/292 575/312/262
f 590/346/291 81/348/293 591/349/294 1353/347/292
f 1353/347/292 591/349/294 80/344/289 588/342/287
f 575/312/262 1353/347/292 588/342/287 72/307/257
f 74/315/265 592/350/295 1354/351/296 577/316/266
f 592/350/295 82/352/297 593/353/298 1354/351/296
f 1354/351/296 593/353/298 81/348/293 590/346/291
f 577/316/266 1354/351/296 590/346/291 73/311/261
f 75/319/269 594/354/299 1355/355/300 579/320/270
f 594/354/299 83/356/301 595/357/302 1355/355/300
f 1355/355/300 595/357/302 82/352/297 592/350/295
f 579/320/270 1355/355/300 592/350/295 74/315/265
f 76/323/245 583/358/278 1356/359/303 580/324/272
f 583/358/278 84/360/277 596/361/304 1356/359/303
f 1356/359/303 596/361/304 83/356/301 594/354/299
f 580/324/272 1356/359/303 594/354/299 75/319/269
f 77/327/275 597/362/305 1357/363/306 582/328/276
f 597/362/305 85/364/307 598/365/308 1357/363/306
f 1357/363/306 598/365/308 92/366/309 599/367/310
f 582/328/276 1357/363/306 599/367/310 84/329/277
f 78/333/281 600/368/311 1358/369/312 585/334/282
f 600/368/311 86/370/313 601/371/314 1358/369/312
f 1358/369/312 601/371/314 85/372/307 597/373/305
f 585/334/282 1358/369/312 597/373/305 77/335/275
f 79/339/285 602/374/315 1359/375/316 587/376/286
f 602/374/315 87/377/317 603/378/318 1359/375/316
f 1359/375/316 603/378/318 86/370/313 600/368/311
f 587/376/286 1359/375/316 600/368/311 78/333/281
f 80/379/289 604/380/319 1360/381/320 589/382/290
f 604/380/319 88/383/321 605/384/322 1360/381/320
f 1360/381/320 605/384/322 87/377/317 602/374/315
f 589/382/290 1360/381/320 602/374/315 79/339/285
f 81/385/293 606/386/323 1361/387/324 591/388/294
f 606/386/323 89/389/325 607/390/326 1361/387/324
f 1361/387/324 607/390/326 88/383/321 604/380/319
f 591/388/294 1361/387/324 604/380/319 80/379/289
f 82/391/297 608/392/327 1362/393/328 593/394/298
f 608/392/327 90/395/329 609/396/330 1362/393/328
f 1362/393/328 609/396/330 89/389/325 606/386/323
f 593/394/298 1362/393/328 606/386/323 81/385/293
f 83/356/301 610/397/331 1363/398/332 595/399/302
f 610/397/331 91/400/333 611/401/334 1363/398/332
f 1363/398/332 611/401/334 90/395/329 608/392/327
f 595/399/302 1363/398/332 608/392/327 82/391/297
f 84/329/277 599/367/310 1364/402/335 596/403/304
f 599/367/310 92/366/309 612/404/336 1364/402/335
f 1364/402/335 612/404/336 91/400/333 610/397/331
f 596/403/304 1364/402/335 610/397/331 83/356/301
f 93/5/2 614/6/3 1365/7/4 613/8/5
f 614/6/3 101/9/6 615/10/7 1365/7/4
f 1365/7/4 615/10/7 108/11/8 616/12/9
f 613/8/5 1365/7/4 616/12/9 100/13/10
f 94/14/11 618/15/12 1366/16/13 617/17/14
f 618/15/12 102/18/15 619/19/16 1366/16/13
f 1366/16/13 619/19/16 101/20/6 614/21/3
f 617/17/14 1366/16/13 614/21/3 93/1/2
f 95/22/17 621/23/18 1367/24/19 620/25/20
f 621/23/18 103/26/21 622/27/22 1367/24/19
f 1367/24/19 622/27/22 102/18/15 618/15/12
f 620/25/20 1367/24/19 618/15/12 94/14/11
f 96/28/23 624/29/24 1368/30/25 623/31/26
f 624/29/24 104/32/27 625/33/337 1368/30/25
f 1368/30/25 625/33/337 103/26/21 621/23/18
f 623/31/26 1368/30/25 621/23/18 95/22/17
f 97/34/29 627/35/30 1369/36/31 626/37/32
f 627/35/30 105/38/33 628/39/34 1369/36/31
f 1369/36/31 628/39/34 104/32/27 624/29/24
f 626/37/32 1369/36/31 624/29/24 96/28/23
f 98/40/35 630/41/338 1370/42/37 629/43/38
f 630/41/338 106/44/39 631/45/40 1370/42/37
f 1370/42/37 631/45/40 105/38/33 627/35/30
f 629/43/38 1370/42/37 627/35/30 97/34/29
f 99/46/41 633/47/42 1371/48/43 632/49/44
f 633/47/42 107/50/45 634/51/46 1371/48/43
f 1371/48/43 634/51/46 106/44/39 630/41/338
f 632/49/44 1371/48/43 630/41/338 98/40/35
f 100/13/10 616/12/9 1372/52/47 635/53/48
f 616/12/9 108/11/8 636/54/49 1372/52/47
f 1372/52/47 636/54/49 107/50/45 633/47/42
f 635/53/48 1372/52/47 633/47/42 99/46/41
f 101/9/6 637/55/50 1373/56/51 615/10/7
f 637/55/50 109/57/52 638/58/53 1373/56/51
f 1373/56/51 638/58/53 116/59/54 639/60/55
f 615/10/7 1373/56/51 639/60/55 108/11/8
f 102/18/15 640/61/56 1374/62/57 619/19/16
f 640/61/56 110/63/58 641/64/59 1374/62/57
f 1374/62/57 641/64/59 109/65/52 637/66/50
f 619/19/16 1374/62/57 637/66/50 101/20/6
f 103/26/21 642/67/60 1375/68/61 622/69/22
f 642/67/60 111/70/62 643/71/63 1375/68/61
f 1375/68/61 643/71/63 110/72/58 640/73/56
f 622/69/22 1375/68/61 640/73/56 102/18/15
f 104/74/27 644/75/64 1376/76/65 625/77/337
f 644/75/64 112/78/66 645/79/67 1376/76/65
f 1376/76/65 645/79/67 111/70/62 642/67/60
f 625/77/337 1376/76/65 642/67/60 103/26/21
f 105/80/33 646/81/68 1377/82/69 628/83/34
f 646/81/68 113/84/70 647/85/71 1377/82/69
f 1377/82/69 647/85/71 112/78/66 644/75/64
f 628/83/34 1377/82/69 644/75/64 104/74/27
f 106/86/39 648/87/72 1378/88/73 631/89/40
f 648/87/72 114/90/74 649/91/75 1378/88/73
f 1378/88/73 649/91/75 113/84/70 646/81/68
f 631/89/40 1378/88/73 646/81/68 105/80/33
f 107/50/45 650/92/76 1379/93/77 634/94/46
f 650/92/76 115/95/78 651/96/79 1379/93/77
f 1379/93/77 651/96/79 114/90/74 648/87/72
f 634/94/46 1379/93/77 648/87/72 106/86/39
f 108/97/8 639/98/55 1380/99/80 636/100/49
f 639/98/55 116/101/54 652/102/81 1380/99/80
f 1380/99/80 652/102/81 115/95/78 650/92/76
f 636/100/49 1380/99/80 650/92/76 107/50/45
f 109/57/52 653/103/82 1381/104/83 638/58/53
f 653/103/82 117/105/84 654/106/85 1381/104/83
f 1381/104/83 654/106/85 124/107/86 655/108/87
f 638/58/53 1381/104/83 655/108/87 116/59/54
f 110/63/58 656/109/88 1382/110/89 641/64/59
f 656/109/88 118/111/90 657/112/91 1382/110/89
f 1382/110/89 657/112/91 117/113/84 653/114/82
f 641/64/59 1382/110/89 653/114/82 109/65/52
f 111/70/62 658/115/92 1383/116/93 643/71/63
f 658/115/92 119/117/94 659/118/95 1383/116/93
f 1383/116/93 659/118/95 118/111/90 656/119/88
f 643/71/63 1383/116/93 656/119/88 110/72/58
f 112/78/66 660/120/339 1384/121/97 645/79/67
f 660/120/339 120/122/98 661/123/99 1384/121/97
f 1384/121/97 661/123/99 119/117/94 658/115/92
f 645/79/67 1384/121/97 658/115/92 111/70/62
f 113/84/70 662/124/100 1385/125/101 647/85/71
f 662/124/100 121/126/102 663/127/340 1385/125/101
f 1385/125/101 663/127/340 120/122/98 660/120/339
f 647/85/71 1385/125/101 660/120/339 112/78/66
f 114/90/74 664/128/104 1386/129/105 649/91/75
f 664/128/104 122/130/106 665/131/341 1386/129/105
f 1386/129/105 665/131/341 121/126/102 662/124/100
f 649/91/75 1386/129/105 662/124/100 113/84/70
f 115/95/78 666/132/108 1387/133/109 651/96/79
f 666/132/108 123/134/110 667/135/111 1387/133/109
f 1387/133/109 667/135/111 122/130/106 664/128/104
f 651/96/79 1387/133/109 664/128/104 114/90/74
f 116/101/54 655/136/87 1388/137/112 652/102/81
f 655/136/87 124/138/86 668/139/342 1388/137/112
f 1388/137/112 668/139/342 123/134/110 666/132/108
f 652/102/81 1388/137/112 666/132/108 115/95/78
f 117/105/84 669/140/114 1389/141/343 654/106/85
f 669/140/114 125/142/116 670/143/117 1389/141/343
f 1389/141/343 670/143/117 132/144/118 671/145/119
f 654/106/85 1389/141/343 671/145/119 124/107/86
f 118/111/90 672/146/120 1390/147/121 657/112/91
f 672/146/120 126/148/122 673/149/344 1390/147/121
f 1390/147/121 673/149/344 125/150/116 669/151/114
f 657/112/91 1390/147/121 669/151/114 117/113/84
f 119/117/94 674/152/124 1391/153/125 659/118/95
f 674/152/124 127/154/126 675/155/127 1391/153/125
f 1391/153/125 675/155/127 126/156/122 672/146/120
f 659/118/95 1391/153/125 672/146/120 118/111/90
f 120/122/98 676/157/128 1392/158/129 661/123/99
f 676/157/128 128/159/130 677/160/131 1392/158/129
f 1392/158/129 677/160/131 127/154/126 674/152/124
f 661/123/99 1392/158/129 674/152/124 119/117/94
f 121/126/102 678/161/132 1393/162/133 663/127/340
f 678/161/132 129/163/134 679/164/135 1393/162/133
f 1393/162/133 679/164/135 128/159/130 676/157/128
f 663/127/340 1393/162/133 676/157/128 120/122/98
f 122/130/106 680/165/136 1394/166/137 665/131/341
f 680/165/136 130/167/138 681/168/139 1394/166/137
f 1394/166/137 681/168/139 129/163/134 678/161/132
f 665/131/341 1394/166/137 678/161/132 121/126/102
f 123/134/110 682/169/140 1395/170/141 667/135/111
f 682/169/140 131/171/345 683/172/143 1395/170/141
f 1395/170/141 683/172/143 130/167/138 680/165/136
f 667/135/111 1395/170/141 680/165/136 122/130/106
f 124/138/86 671/173/119 1396/174/144 668/139/342
f 671/173/119 132/175/118 684/176/145 1396/174/144
f 1396/174/144 684/176/145 131/171/345 682/169/140
f 668/139/342 1396/174/144 682/169/140 123/134/110
f 125/142/116 685/177/146 1397/178/147 670/143/117
f 685/177/146 133/179/1 686/180/148 1397/178/147
f 1397/178/147 686/180/148 140/181/346 687/182/150
f 670/143/117 1397/178/147 687/182/150 132/144/118
f 126/148/122 688/183/151 1398/184/152 673/149/344
f 688/183/151 134/185/153 689/186/154 1398/184/152
f 1398/184/152 689/186/154 133/187/1 685/188/146
f 673/149/344 1398/184/152 685/188/146 125/150/116
f 127/154/126 690/189/155 1399/190/156 675/155/127
f 690/189/155 135/191/157 691/192/158 1399/190/156
f 1399/190/156 691/192/158 134/193/153 688/183/151
f 675/155/127 1399/190/156 688/183/151 126/156/122
f 128/159/130 692/194/159 1400/195/160 677/160/131
f 692/194/159 136/196/161 693/197/162 1400/195/160
f 1400/195/160 693/197/162 135/191/157 690/189/155
f 677/160/131 1400/195/160 690/189/155 127/154/126
f 129/163/134 694/198/163 1401/199/164 679/164/135
f 694/198/163 137/200/165 695/201/166 1401/199/164
f 1401/199/164 695/201/166 136/196/161 692/194/159
f 679/164/135 1401/199/164 692/194/159 128/159/130
f 130/167/138 696/202/167 1402/203/168 681/168/139
f 696/202/167 138/204/169 697/205/170 1402/203/168
f 1402/203/168 697/205/170 137/200/165 694/198/163
f 681/168/139 1402/203/168 694/198/163 129/163/134
f 131/171/345 698/206/171 1403/207/172 683/172/143
f 698/206/171 139/208/173 699/209/347 1403/207/172
f 1403/207/172 699/209/347 138/204/169 696/202/167
f 683/172/143 1403/207/172 696/202/167 130/167/138
f 132/175/118 687/210/150 1404/211/175 684/176/145
f 687/210/150 140/212/346 700/213/176 1404/211/175
f 1404/211/175 700/213/176 139/208/173 698/206/171
f 684/176/145 1404/211/175 698/206/171 131/171/345
f 133/179/1 701/214/177 1405/215/348 686/180/148
f 701/214/177 141/216/179 702/217/180 1405/215/348
f 1405/215/348 702/217/180 148/218/349 703/219/182
f 686/180/148 1405/215/348 703/219/182 140/181/346
f 134/185/153 704/220/183 1406/221/350 689/186/154
f 704/220/183 142/222/351 705/223/186 1406/221/350
f 1406/221/350 705/223/186 141/224/179 701/225/177
f 689/186/154 1406/221/350 701/225/177 133/187/1
f 135/191/157 706/226/187 1407/227/188 691/192/158
f 706/226/187 143/228/352 707/229/190 1407/227/188
f 1407/227/188 707/229/190 142/230/351 704/220/183
f 691/192/158 1407/227/188 704/220/183 134/193/153
f 136/196/161 708/231/191 1408/232/192 693/197/162
f 708/231/191 144/233/193 709/234/194 1408/232/192
f 1408/232/192 709/234/194 143/228/352 706/226/187
f 693/197/162 1408/232/192 706/226/187 135/191/157
f 137/200/165 710/235/195 1409/236/196 695/201/166
f 710/235/195 145/237/197 711/238/198 1409/236/196
f 1409/236/196 711/238/198 144/233/193 708/231/191
f 695/201/166 1409/236/196 708/231/191 136/196/161
f 138/204/169 712/239/199 1410/240/200 697/205/170
f 712/239/199 146/241/201 713/242/202 1410/240/200
f 1410/240/200 713/242/202 145/237/197 710/235/195
f 697/205/170 1410/240/200 710/235/195 137/200/165
f 139/208/173 714/243/203 1411/244/204 699/209/347
f 714/243/203 147/245/353 715/246/206 1411/244/204
f 1411/244/204 715/246/206 146/241/201 712/239/199
f 699/209/347 1411/244/204 712/239/199 138/204/169
f 140/212/346 703/247/182 1412/248/207 700/213/176
f 703/247/182 148/249/349 716/250/208 1412/248/207
f 1412/248/207 716/250/208 147/245/353 714/243/203
f 700/213/176 1412/248/207 714/243/203 139/208/173
f 141/216/179 717/251/209 1413/252/354 702/217/180
f 717/251/209 149/253/211 718/254/212 1413/252/354
f 1413/252/354 718/254/212 156/255/355 719/256/214
f 702/217/180 1413/252/354 719/256/214 148/218/349
f 142/222/351 720/257/215 1414/258/356 705/223/186
f 720/257/215 150/259/357 721/260/218 1414/258/356
f 1414/258/356 721/260/218 149/261/211 717/262/209
f 705/223/186 1414/258/356 717/262/209 141/224/179
f 143/228/352 722/263/219 1415/264/220 707/229/190
f 722/263/219 151/265/221 723/266/222 1415/264/220
f 1415/264/220 723/266/222 150/259/357 720/267/215
f 707/229/190 1415/264/220 720/267/215 142/230/351
f 144/233/193 724/268/223 1416/269/224 709/234/194
f 724/268/223 152/270/358 725/271/226 1416/269/224
f 1416/269/224 725/271/226 151/265/221 722/263/219
f 709/234/194 1416/269/224 722/263/219 143/228/352
f 145/237/197 726/272/227 1417/273/228 711/238/198
f 726/272/227 153/274/229 727/275/230 1417/273/228
f 1417/273/228 727/275/230 152/270/358 724/268/223
f 711/238/198 1417/273/228 724/268/223 144/233/193
f 146/241/201 728/276/231 1418/277/232 713/242/202
f 728/276/231 154/278/233 729/279/234 1418/277/232
f 1418/277/232 729/279/234 153/274/229 726/272/227
f 713/242/202 1418/277/232 726/272/227 145/237/197
f 147/245/353 730/280/235 1419/281/236 715/246/206
f 730/280/235 155/282/237 731/283/238 1419/281/236
f 1419/281/236 731/283/238 154/278/233 728/276/231
f 715/246/206 1419/281/236 728/276/231 146/241/201
f 148/249/349 719/284/214 1420/285/239 716/250/208
f 719/284/214 156/286/355 732/287/240 1420/285/239
f 1420/285/239 732/287/240 155/282/237 730/280/235
f 716/250/208 1420/285/239 730/280/235 147/245/353
f 149/253/211 733/288/241 1421/289/242 718/254/212
f 733/288/241 157/290/243 734/291/244 1421/289/242
f 1421/289/242 734/291/244 164/292/245 735/293/246
f 718/254/212 1421/289/242 735/293/246 156/255/355
f 150/259/357 736/294/247 1422/295/248 721/260/218
f 736/294/247 158/296/249 737/297/250 1422/295/248
f 1422/295/248 737/297/250 157/298/243 733/299/241
f 721/260/218 1422/295/248 733/299/241 149/261/211
f 151/265/221 738/300/251 1423/301/252 723/266/222
f 738/300/251 159/302/359 739/303/254 1423/301/252
f 1423/301/252 739/303/254 158/296/249 736/304/247
f 723/266/222 1423/301/252 736/304/247 150/259/357
f 152/270/358 740/305/255 1424/306/256 725/271/226
f 740/305/255 160/307/257 741/308/258 1424/306/256
f 1424/306/256 741/308/258 159/302/359 738/300/251
f 725/271/226 1424/306/256 738/300/251 151/265/221
f 153/274/229 742/309/259 1425/310/260 727/275/230
f 742/309/259 161/311/261 743/312/262 1425/310/260
f 1425/310/260 743/312/262 160/307/257 740/305/255
f 727/275/230 1425/310/260 740/305/255 152/270/358
f 154/278/233 744/313/263 1426/314/264 729/279/234
f 744/313/263 162/315/265 745/316/266 1426/314/264
f 1426/314/264 745/316/266 161/311/261 742/309/259
f 729/279/234 1426/314/264 742/309/259 153/274/229
f 155/282/237 746/317/267 1427/318/268 731/283/238
f 746/317/267 163/319/360 747/320/270 1427/318/268
f 1427/318/268 747/320/270 162/315/265 744/313/263
f 731/283/238 1427/318/268 744/313/263 154/278/233
f 156/286/355 735/321/246 1428/322/271 732/287/240
f 735/321/246 164/323/245 748/324/272 1428/322/271
f 1428/322/271 748/324/272 163/319/360 746/317/267
f 732/287/240 1428/322/271 746/317/267 155/282/237
f 157/290/243 749/325/273 1429/326/274 734/291/244
f 749/325/273 165/327/275 750/328/276 1429/326/274
f 1429/326/274 750/328/276 172/329/277 751/330/278
f 734/291/244 1429/326/274 751/330/278 164/292/245
f 158/296/249 752/331/361 1430/332/280 737/297/250
f 752/331/361 166/333/281 753/334/282 1430/332/280
f 1430/332/280 753/334/282 165/335/275 749/336/273
f 737/297/250 1430/332/280 749/336/273 157/298/243
f 159/302/359 754/337/283 1431/338/284 739/303/254
f 754/337/283 167/339/285 755/340/286 1431/338/284
f 1431/338/284 755/340/286 166/333/281 752/341/361
f 739/303/254 1431/338/284 752/341/361 158/296/249
f 160/307/257 756/342/287 1432/343/288 741/308/258
f 756/342/287 168/344/289 757/345/362 1432/343/288
f 1432/343/288 757/345/362 167/339/285 754/337/283
f 741/308/258 1432/343/288 754/337/283 159/302/359
f 161/311/261 758/346/291 1433/347/292 743/312/262
f 758/346/291 169/348/293 759/349/294 1433/347/292
f 1433/347/292 759/349/294 168/344/289 756/342/287
f 743/312/262 1433/347/292 756/342/287 160/307/257
f 162/315/265 760/350/295 1434/351/296 745/316/266
f 760/350/295 170/352/297 761/353/298 1434/351/296
f 1434/351/296 761/353/298 169/348/293 758/346/291
f 745/316/266 1434/351/296 758/346/291 161/311/261
f 163/319/360 762/354/363 1435/355/300 747/320/270
f 762/354/363 171/356/301 763/357/364 1435/355/300
f 1435/355/300 763/357/364 170/352/297 760/350/295
f 747/320/270 1435/355/300 760/350/295 162/315/265
f 164/323/245 751/358/278 1436/359/303 748/324/272
f 751/358/278 172/360/277 764/361/304 1436/359/303
f 1436/359/303 764/361/304 171/356/301 762/354/363
f 748/324/272 1436/359/303 762/354/363 163/319/360
f 165/327/275 765/362/305 1437/363/306 750/328/276
f 765/362/305 173/364/307 766/365/308 1437/363/306
f 1437/363/306 766/365/308 180/366/309 767/367/310
f 750/328/276 1437/363/306 767/367/310 172/329/277
f 166/333/281 768/368/311 1438/369/312 753/334/282
f 768/368/311 174/370/365 769/371/314 1438/369/312
f 1438/369/312 769/371/314 173/372/307 765/373/305
f 753/334/282 1438/369/312 765/373/305 165/335/275
f 167/339/285 770/374/315 1439/375/316 755/376/286
f 770/374/315 175/377/317 771/378/318 1439/375/316
f 1439/375/316 771/378/318 174/370/365 768/368/311
f 755/376/286 1439/375/316 768/368/311 166/333/281
f 168/379/289 772/380/319 1440/381/320 757/382/362
f 772/380/319 176/383/321 773/384/322 1440/381/320
f 1440/381/320 773/384/322 175/377/317 770/374/315
f 757/382/362 1440/381/320 770/374/315 167/339/285
f 169/385/293 774/386/323 1441/387/324 759/388/294
f 774/386/323 177/389/325 775/390/326 1441/387/324
f 1441/387/324 775/390/326 176/383/321 772/380/319
f 759/388/294 1441/387/324 772/380/319 168/379/289
f 170/391/297 776/392/327 1442/393/328 761/394/298
f 776/392/327 178/395/329 777/396/330 1442/393/328
f 1442/393/328 777/396/330 177/389/325 774/386/323
f 761/394/298 1442/393/328 774/386/323 169/385/293
f 171/356/301 778/397/331 1443/398/332 763/399/364
f 778/397/331 179/400/333 779/401/334 1443/398/332
f 1443/398/332 779/401/334 178/395/329 776/392/327
f 763/399/364 1443/398/332 776/392/327 170/391/297
f 172/329/277 767/367/310 1444/402/335 764/403/304
f 767/367/310 180/366/309 780/404/336 1444/402/335
f 1444/402/335 780/404/336 179/400/333 778/397/331
f 764/403/304 1444/402/335 778/397/331 171/356/301
f 181/5/2 782/6/3 1445/7/4 781/8/5
f 782/6/3 189/9/6 783/10/7 1445/7/4
f 1445/7/4 783/10/7 196/11/8 784/12/9
f 781/8/5 1445/7/4 784/12/9 188/13/10
f 182/14/11 786/15/12 1446/16/13 785/17/14
f 786/15/12 190/18/15 787/19/16 1446/16/13
f 1446/16/13 787/19/16 189/20/6 782/21/3
f 785/17/14 1446/16/13 782/21/3 181/1/2
f 183/22/17 789/23/18 1447/24/19 788/25/20
f 789/23/18 191/26/21 790/27/22 1447/24/19
f 1447/24/19 790/27/22 190/18/15 786/15/12
f 788/25/20 1447/24/19 786/15/12 182/14/11
f 184/28/23 792/29/24 1448/30/25 791/31/26
f 792/29/24 192/32/27 793/33/337 1448/30/25
f 1448/30/25 793/33/337 191/26/21 789/23/18
f 791/31/26 1448/30/25 789/23/18 183/22/17
f 185/34/29 795/35/30 1449/36/31 794/37/32
f 795/35/30 193/38/33 796/39/34 1449/36/31
f 1449/36/31 796/39/34 192/32/27 792/29/24
f 794/37/32 1449/36/31 792/29/24 184/28/23
f 186/40/35 798/41/36 1450/42/37 797/43/38
f 798/41/36 194/44/39 799/45/40 1450/42/37
f 1450/42/37 799/45/40 193/38/33 795/35/30
f 797/43/38 1450/42/37 795/35/30 185/34/29
f 187/46/41 801/47/42 1451/48/43 800/49/44
f 801/47/42 195/50/45 802/51/46 1451/48/43
f 1451/48/43 802/51/46 194/44/39 798/41/36
f 800/49/44 1451/48/43 798/41/36 186/40/35
f 188/13/10 784/12/9 1452/52/47 803/53/48
f 784/12/9 196/11/8 804/54/49 1452/52/47
f 1452/52/47 804/54/49 195/50/45 801/47/42
f 803/53/48 1452/52/47 801/47/42 187/46/41
f 189/9/6 805/55/50 1453/56/51 783/10/7
f 805/55/50 197/57/52 806/58/53 1453/56/51
f 1453/56/51 806/58/53 204/59/54 807/60/55
f 783/10/7 1453/56/51 807/60/55 196/11/8
f 190/18/15 808/61/366 1454/62/57 787/19/16
f 808/61/366 198/63/367 809/64/59 1454/62/57
f 1454/62/57 809/64/59 197/65/52 805/66/50
f 787/19/16 1454/62/57 805/66/50 189/20/6
f 191/26/21 810/67/60 1455/68/61 790/69/22
f 810/67/60 199/70/62 811/71/63 1455/68/61
f 1455/68/61 811/71/63 198/72/367 808/73/366
f 790/69/22 1455/68/61 808/73/366 190/18/15
f 192/74/27 812/75/64 1456/76/65 793/77/337
f 812/75/64 200/78/66 813/79/67 1456/76/65
f 1456/76/65 813/79/67 199/70/62 810/67/60
f 793/77/337 1456/76/65 810/67/60 191/26/21
f 193/80/33 814/81/68 1457/82/69 796/83/34
f 814/81/68 201/84/70 815/85/71 1457/82/69
f 1457/82/69 815/85/71 200/78/66 812/75/64
f 796/83/34 1457/82/69 812/75/64 192/74/27
f 194/86/39 816/87/72 1458/88/73 799/89/40
f 816/87/72 202/90/74 817/91/75 1458/88/73
f 1458/88/73 817/91/75 201/84/70 814/81/68
f 799/89/40 1458/88/73 814/81/68 193/80/33
f 195/50/45 818/92/76 1459/93/77 802/94/46
f 818/92/76 203/95/78 819/96/79 1459/93/77
f 1459/93/77 819/96/79 202/90/74 816/87/72
f 802/94/46 1459/93/77 816/87/72 194/86/39
f 196/97/8 807/98/55 1460/99/80 804/100/49
f 807/98/55 204/101/54 820/102/81 1460/99/80
f 1460/99/80 820/102/81 203/95/78 818/92/76
f 804/100/49 1460/99/80 818/92/76 195/50/45
f 197/57/52 821/103/82 1461/104/83 806/58/53
f 821/103/82 205/105/84 822/106/85 1461/104/83
f 1461/104/83 822/106/85 212/107/86 823/108/87
f 806/58/53 1461/104/83 823/108/87 204/59/54
f 198/63/367 824/109/88 1462/110/89 809/64/59
f 824/109/88 206/111/90 825/112/91 1462/110/89
f 1462/110/89 825/112/91 205/113/84 821/114/82
f 809/64/59 1462/110/89 821/114/82 197/65/52
f 199/70/62 826/115/92 1463/116/93 811/71/63
f 826/115/92 207/117/94 827/118/368 1463/116/93
f 1463/116/93 827/118/368 206/111/90 824/119/88
f 811/71/63 1463/116/93 824/119/88 198/72/367
f 200/78/66 828/120/339 1464/121/97 813/79/67
f 828/120/339 208/122/369 829/123/99 1464/121/97
f 1464/121/97 829/123/99 207/117/94 826/115/92
f 813/79/67 1464/121/97 826/115/92 199/70/62
f 201/84/70 830/124/100 1465/125/370 815/85/71
f 830/124/100 209/126/102 831/127/340 1465/125/370
f 1465/125/370 831/127/340 208/122/369 828/120/339
f 815/85/71 1465/125/370 828/120/339 200/78/66
f 202/90/74 832/128/104 1466/129/105 817/91/75
f 832/128/104 210/130/106 833/131/341 1466/129/105
f 1466/129/105 833/131/341 209/126/102 830/124/100
f 817/91/75 1466/129/105 830/124/100 201/84/70
f 203/95/78 834/132/108 1467/133/109 819/96/79
f 834/132/108 211/134/110 835/135/111 1467/133/109
f 1467/133/109 835/135/111 210/130/106 832/128/104
f 819/96/79 1467/133/109 832/128/104 202/90/74
f 204/101/54 823/136/87 1468/137/112 820/102/81
f 823/136/87 212/138/86 836/139/113 1468/137/112
f 1468/137/112 836/139/113 211/134/110 834/132/108
f 820/102/81 1468/137/112 834/132/108 203/95/78
f 205/105/84 837/140/114 1469/141/115 822/106/85
f 837/140/114 213/142/116 838/143/117 1469/141/115
f 1469/141/115 838/143/117 220/144/371 839/145/119
f 822/106/85 1469/141/115 839/145/119 212/107/86
f 206/111/90 840/146/120 1470/147/121 825/112/91
f 840/146/120 214/148/122 841/149/344 1470/147/121
f 1470/147/121 841/149/344 213/150/116 837/151/114
f 825/112/91 1470/147/121 837/151/114 205/113/84
f 207/117/94 842/152/124 1471/153/125 827/118/368
f 842/152/124 215/154/372 843/155/127 1471/153/125
f 1471/153/125 843/155/127 214/156/122 840/146/120
f 827/118/368 1471/153/125 840/146/120 206/111/90
f 208/122/369 844/157/128 1472/158/129 829/123/99
f 844/157/128 216/159/130 845/160/131 1472/158/129
f 1472/158/129 845/160/131 215/154/372 842/152/124
f 829/123/99 1472/158/129 842/152/124 207/117/94
f 209/126/102 846/161/132 1473/162/133 831/127/340
f 846/161/132 217/163/134 847/164/135 1473/162/133
f 1473/162/133 847/164/135 216/159/130 844/157/128
f 831/127/340 1473/162/133 844/157/128 208/122/369
f 210/130/106 848/165/136 1474/166/137 833/131/341
f 848/165/136 218/167/138 849/168/139 1474/166/137
f 1474/166/137 849/168/139 217/163/134 846/161/132
f 833/131/341 1474/166/137 846/161/132 209/126/102
f 211/134/110 850/169/140 1475/170/141 835/135/111
f 850/169/140 219/171/142 851/172/143 1475/170/141
f 1475/170/141 851/172/143 218/167/138 848/165/136
f 835/135/111 1475/170/141 848/165/136 210/130/106
f 212/138/86 839/173/119 1476/174/144 836/139/113
f 839/173/119 220/175/371 852/176/145 1476/174/144
f 1476/174/144 852/176/145 219/171/142 850/169/140
f 836/139/113 1476/174/144 850/169/140 211/134/110
f 213/142/116 853/177/146 1477/178/373 838/143/117
f 853/177/146 221/179/1 854/180/374 1477/178/373
f 1477/178/373 854/180/374 228/181/346 855/182/150
f 838/143/117 1477/178/373 855/182/150 220/144/371
f 214/148/122 856/183/151 1478/184/152 841/149/344
f 856/183/151 222/185/153 857/186/154 1478/184/152
f 1478/184/152 857/186/154 221/187/1 853/188/146
f 841/149/344 1478/184/152 853/188/146 213/150/116
f 215/154/372 858/189/155 1479/190/156 843/155/127
f 858/189/155 223/191/157 859/192/158 1479/190/156
f 1479/190/156 859/192/158 222/193/153 856/183/151
f 843/155/127 1479/190/156 856/183/151 214/156/122
f 216/159/130 860/194/159 1480/195/160 845/160/131
f 860/194/159 224/196/161 861/197/162 1480/195/160
f 1480/195/160 861/197/162 223/191/157 858/189/155
f 845/160/131 1480/195/160 858/189/155 215/154/372
f 217/163/134 862/198/163 1481/199/164 847/164/135
f 862/198/163 225/200/165 863/201/166 1481/199/164
f 1481/199/164 863/201/166 224/196/161 860/194/159
f 847/164/135 1481/199/164 860/194/159 216/159/130
f 218/167/138 864/202/167 1482/203/168 849/168/139
f 864/202/167 226/204/169 865/205/170 1482/203/168
f 1482/203/168 865/205/170 225/200/165 862/198/163
f 849/168/139 1482/203/168 862/198/163 217/163/134
f 219/171/142 866/206/171 1483/207/172 851/172/143
f 866/206/171 227/208/173 867/209/347 1483/207/172
f 1483/207/172 867/209/347 226/204/169 864/202/167
f 851/172/143 1483/207/172 864/202/167 218/167/138
f 220/175/371 855/210/150 1484/211/175 852/176/145
f 855/210/150 228/212/346 868/213/176 1484/211/175
f 1484/211/175 868/213/176 227/208/173 866/206/171
f 852/176/145 1484/211/175 866/206/171 219/171/142
f 221/179/1 869/214/177 1485/215/178 854/180/374
f 869/214/177 229/216/179 870/217/180 1485/215/178
f 1485/215/178 870/217/180 236/218/349 871/219/182
f 854/180/374 1485/215/178 871/219/182 228/181/346
f 222/185/153 872/220/183 1486/221/184 857/186/154
f 872/220/183 230/222/351 873/223/186 1486/221/184
f 1486/221/184 873/223/186 229/224/179 869/225/177
f 857/186/154 1486/221/184 869/225/177 221/187/1
f 223/191/157 874/226/187 1487/227/188 859/192/158
f 874/226/187 231/228/189 875/229/190 1487/227/188
f 1487/227/188 875/229/190 230/230/351 872/220/183
f 859/192/158 1487/227/188 872/220/183 222/193/153
f 224/196/161 876/231/375 1488/232/192 861/197/162
f 876/231/375 232/233/193 877/234/194 1488/232/192
f 1488/232/192 877/234/194 231/228/189 874/226/187
f 861/197/162 1488/232/192 874/226/187 223/191/157
f 225/200/165 878/235/195 1489/236/196 863/201/166
f 878/235/195 233/237/197 879/238/198 1489/236/196
f 1489/236/196 879/238/198 232/233/193 876/231/375
f 863/201/166 1489/236/196 876/231/375 224/196/161
f 226/204/169 880/239/199 1490/240/200 865/205/170
f 880/239/199 234/241/201 881/242/202 1490/240/200
f 1490/240/200 881/242/202 233/237/197 878/235/195
f 865/205/170 1490/240/200 878/235/195 225/200/165
f 227/208/173 882/243/203 1491/244/204 867/209/347
f 882/243/203 235/245/205 883/246/206 1491/244/204
f 1491/244/204 883/246/206 234/241/201 880/239/199
f 867/209/347 1491/244/204 880/239/199 226/204/169
f 228/212/346 871/247/182 1492/248/207 868/213/176
f 871/247/182 236/249/349 884/250/208 1492/248/207
f 1492/248/207 884/250/208 235/245/205 882/243/203
f 868/213/176 1492/248/207 882/243/203 227/208/173
f 229/216/179 885/251/209 1493/252/376 870/217/180
f 885/251/209 237/253/211 886/254/377 1493/252/376
f 1493/252/376 886/254/377 244/255/355 887/256/214
f 870/217/180 1493/252/376 887/256/214 236/218/349
f 230/222/351 888/257/215 1494/258/356 873/223/186
f 888/257/215 238/259/357 889/260/218 1494/258/356
f 1494/258/356 889/260/218 237/261/211 885/262/209
f 873/223/186 1494/258/356 885/262/209 229/224/179
f 231/228/189 890/263/219 1495/264/220 875/229/190
f 890/263/219 239/265/221 891/266/222 1495/264/220
f 1495/264/220 891/266/222 238/259/357 888/267/215
f 875/229/190 1495/264/220 888/267/215 230/230/351
f 232/233/193 892/268/378 1496/269/224 877/234/194
f 892/268/378 240/270/225 893/271/226 1496/269/224
f 1496/269/224 893/271/226 239/265/221 890/263/219
f 877/234/194 1496/269/224 890/263/219 231/228/189
f 233/237/197 894/272/227 1497/273/228 879/238/198
f 894/272/227 241/274/229 895/275/230 1497/273/228
f 1497/273/228 895/275/230 240/270/225 892/268/378
f 879/238/198 1497/273/228 892/268/378 232/233/193
f 234/241/201 896/276/231 1498/277/232 881/242/202
f 896/276/231 242/278/233 897/279/234 1498/277/232
f 1498/277/232 897/279/234 241/274/229 894/272/227
f 881/242/202 1498/277/232 894/272/227 233/237/197
f 235/245/205 898/280/235 1499/281/236 883/246/206
f 898/280/235 243/282/237 899/283/238 1499/281/236
f 1499/281/236 899/283/238 242/278/233 896/276/231
f 883/246/206 1499/281/236 896/276/231 234/241/201
f 236/249/349 887/284/214 1500/285/239 884/250/208
f 887/284/214 244/286/355 900/287/240 1500/285/239
f 1500/285/239 900/287/240 243/282/237 898/280/235
f 884/250/208 1500/285/239 898/280/235 235/245/205
f 237/253/211 901/288/241 1501/289/379 886/254/377
f 901/288/241 245/290/243 902/291/244 1501/289/379
f 1501/289/379 902/291/244 252/292/380 903/293/246
f 886/254/377 1501/289/379 903/293/246 244/255/355
f 238/259/357 904/294/247 1502/295/248 889/260/218
f 904/294/247 246/296/249 905/297/250 1502/295/248
f 1502/295/248 905/297/250 245/298/243 901/299/241
f 889/260/218 1502/295/248 901/299/241 237/261/211
f 239/265/221 906/300/251 1503/301/252 891/266/222
f 906/300/251 247/302/253 907/303/254 1503/301/252
f 1503/301/252 907/303/254 246/296/249 904/304/247
f 891/266/222 1503/301/252 904/304/247 238/259/357
f 240/270/225 908/305/255 1504/306/256 893/271/226
f 908/305/255 248/307/257 909/308/258 1504/306/256
f 1504/306/256 909/308/258 247/302/253 906/300/251
f 893/271/226 1504/306/256 906/300/251 239/265/221
f 241/274/229 910/309/259 1505/310/260 895/275/230
f 910/309/259 249/311/261 911/312/262 1505/310/260
f 1505/310/260 911/312/262 248/307/257 908/305/255
f 895/275/230 1505/310/260 908/305/255 240/270/225
f 242/278/233 912/313/263 1506/314/264 897/279/234
f 912/313/263 250/315/265 913/316/266 1506/314/264
f 1506/314/264 913/316/266 249/311/261 910/309/259
f 897/279/234 1506/314/264 910/309/259 241/274/229
f 243/282/237 914/317/267 1507/318/268 899/283/238
f 914/317/267 251/319/360 915/320/270 1507/318/268
f 1507/318/268 915/320/270 250/315/265 912/313/263
f 899/283/238 1507/318/268 912/313/263 242/278/233
f 244/286/355 903/321/246 1508/322/271 900/287/240
f 903/321/246 252/323/380 916/324/272 1508/322/271
f 1508/322/271 916/324/272 251/319/360 914/317/267
f 900/287/240 1508/322/271 914/317/267 243/282/237
f 245/290/243 917/325/273 1509/326/274 902/291/244
f 917/325/273 253/327/275 918/328/276 1509/326/274
f 1509/326/274 918/328/276 260/329/277 919/330/381
f 902/291/244 1509/326/274 919/330/381 252/292/380
f 246/296/249 920/331/279 1510/332/280 905/297/250
f 920/331/279 254/333/281 921/334/282 1510/332/280
f 1510/332/280 921/334/282 253/335/275 917/336/273
f 905/297/250 1510/332/280 917/336/273 245/298/243
f 247/302/253 922/337/283 1511/338/284 907/303/254
f 922/337/283 255/339/285 923/340/286 1511/338/284
f 1511/338/284 923/340/286 254/333/281 920/341/279
f 907/303/254 1511/338/284 920/341/279 246/296/249
f 248/307/257 924/342/287 1512/343/288 909/308/258
f 924/342/287 256/344/289 925/345/362 1512/343/288
f 1512/343/288 925/345/362 255/339/285 922/337/283
f 909/308/258 1512/343/288 922/337/283 247/302/253
f 249/311/261 926/346/291 1513/347/292 911/312/262
f 926/346/291 257/348/293 927/349/294 1513/347/292
f 1513/347/292 927/349/294 256/344/289 924/342/287
f 911/312/262 1513/347/292 924/342/287 248/307/257
f 250/315/265 928/350/295 1514/351/296 913/316/266
f 928/350/295 258/352/297 929/353/298 1514/351/296
f 1514/351/296 929/353/298 257/348/293 926/346/291
f 913/316/266 1514/351/296 926/346/291 249/311/261
f 251/319/360 930/354/363 1515/355/300 915/320/270
f 930/354/363 259/356/301 931/357/302 1515/355/300
f 1515/355/300 931/357/302 258/352/297 928/350/295
f 915/320/270 1515/355/300 928/350/295 250/315/265
f 252/323/380 919/358/381 1516/359/303 916/324/272
f 919/358/381 260/360/277 932/361/304 1516/359/303
f 1516/359/303 932/361/304 259/356/301 930/354/363
f 916/324/272 1516/359/303 930/354/363 251/319/360
f 253/327/275 933/362/305 1517/363/306 918/328/276
f 933/362/305 261/364/307 934/365/308 1517/363/306
f 1517/363/306 934/365/308 268/366/382 935/367/310
f 918/328/276 1517/363/306 935/367/310 260/329/277
f 254/333/281 936/368/311 1518/369/312 921/334/282
f 936/368/311 262/370/313 937/371/314 1518/369/312
f 1518/369/312 937/371/314 261/372/307 933/373/305
f 921/334/282 1518/369/312 933/373/305 253/335/275
f 255/339/285 938/374/315 1519/375/316 923/376/286
f 938/374/315 263/377/317 939/378/318 1519/375/316
f 1519/375/316 939/378/318 262/370/313 936/368/311
f 923/376/286 1519/375/316 936/368/311 254/333/281
f 256/379/289 940/380/319 1520/381/320 925/382/362
f 940/380/319 264/383/383 941/384/322 1520/381/320
f 1520/381/320 941/384/322 263/377/317 938/374/315
f 925/382/362 1520/381/320 938/374/315 255/339/285
f 257/385/293 942/386/323 1521/387/324 927/388/294
f 942/386/323 265/389/325 943/390/326 1521/387/324
f 1521/387/324 943/390/326 264/383/383 940/380/319
f 927/388/294 1521/387/324 940/380/319 256/379/289
f 258/391/297 944/392/327 1522/393/328 929/394/298
f 944/392/327 266/395/329 945/396/330 1522/393/328
f 1522/393/328 945/396/330 265/389/325 942/386/323
f 929/394/298 1522/393/328 942/386/323 257/385/293
f 259/356/301 946/397/384 1523/398/332 931/399/302
f 946/397/384 267/400/333 947/401/334 1523/398/332
f 1523/398/332 947/401/334 266/395/329 944/392/327
f 931/399/302 1523/398/332 944/392/327 258/391/297
f 260/329/277 935/367/310 1524/402/335 932/403/304
f 935/367/310 268/366/382 948/404/336 1524/402/335
f 1524/402/335 948/404/336 267/400/333 946/397/384
f 932/403/304 1524/402/335 946/397/384 259/356/301
f 269/5/2 950/6/3 1525/7/4 949/8/5
f 950/6/3 277/9/6 951/10/7 1525/7/4
f 1525/7/4 951/10/7 284/11/8 952/12/9
f 949/8/5 1525/7/4 952/12/9 276/13/385
f 270/14/11 954/15/12 1526/16/13 953/17/14
f 954/15/12 278/18/15 955/19/16 1526/16/13
f 1526/16/13 955/19/16 277/20/6 950/21/3
f 953/17/14 1526/16/13 950/21/3 269/1/2
f 271/22/17 957/23/18 1527/24/19 956/25/20
f 957/23/18 279/26/21 958/27/22 1527/24/19
f 1527/24/19 958/27/22 278/18/15 954/15/12
f 956/25/20 1527/24/19 954/15/12 270/14/11
f 272/28/23 960/29/24 1528/30/25 959/31/26
f 960/29/24 280/32/27 961/33/28 1528/30/25
f 1528/30/25 961/33/28 279/26/21 957/23/18
f 959/31/26 1528/30/25 957/23/18 271/22/17
f 273/34/29 963/35/30 1529/36/31 962/37/32
f 963/35/30 281/38/33 964/39/34 1529/36/31
f 1529/36/31 964/39/34 280/32/27 960/29/24
f 962/37/32 1529/36/31 960/29/24 272/28/23
f 274/40/35 966/41/338 1530/42/37 965/43/38
f 966/41/338 282/44/39 967/45/40 1530/42/37
f 1530/42/37 967/45/40 281/38/33 963/35/30
f 965/43/38 1530/42/37 963/35/30 273/34/29
f 275/46/41 969/47/386 1531/48/43 968/49/44
f 969/47/386 283/50/45 970/51/387 1531/48/43
f 1531/48/43 970/51/387 282/44/39 966/41/338
f 968/49/44 1531/48/43 966/41/338 274/40/35
f 276/13/385 952/12/9 1532/52/47 971/53/48
f 952/12/9 284/11/8 972/54/49 1532/52/47
f 1532/52/47 972/54/49 283/50/45 969/47/386
f 971/53/48 1532/52/47 969/47/386 275/46/41
f 277/9/6 973/55/50 1533/56/51 951/10/7
f 973/55/50 285/57/52 974/58/53 1533/56/51
f 1533/56/51 974/58/53 292/59/54 975/60/55
f 951/10/7 1533/56/51 975/60/55 284/11/8
f 278/18/15 976/61/56 1534/62/57 955/19/16
f 976/61/56 286/63/58 977/64/59 1534/62/57
f 1534/62/57 977/64/59 285/65/52 973/66/50
f 955/19/16 1534/62/57 973/66/50 277/20/6
f 279/26/21 978/67/60 1535/68/61 958/69/22
f 978/67/60 287/70/62 979/71/63 1535/68/61
f 1535/68/61 979/71/63 286/72/58 976/73/56
f 958/69/22 1535/68/61 976/73/56 278/18/15
f 280/74/27 980/75/64 1536/76/65 961/77/28
f 980/75/64 288/78/66 981/79/67 1536/76/65
f 1536/76/65 981/79/67 287/70/62 978/67/60
f 961/77/28 1536/76/65 978/67/60 279/26/21
f 281/80/33 982/81/68 1537/82/69 964/83/34
f 982/81/68 289/84/70 983/85/71 1537/82/69
f 1537/82/69 983/85/71 288/78/66 980/75/64
f 964/83/34 1537/82/69 980/75/64 280/74/27
f 282/86/39 984/87/72 1538/88/73 967/89/40
f 984/87/72 290/90/74 985/91/75 1538/88/73
f 1538/88/73 985/91/75 289/84/70 982/81/68
f 967/89/40 1538/88/73 982/81/68 281/80/33
f 283/50/45 986/92/76 1539/93/77 970/94/387
f 986/92/76 291/95/78 987/96/79 1539/93/77
f 1539/93/77 987/96/79 290/90/74 984/87/72
f 970/94/387 1539/93/77 984/87/72 282/86/39
f 284/97/8 975/98/55 1540/99/80 972/100/49
f 975/98/55 292/101/54 988/102/81 1540/99/80
f 1540/99/80 988/102/81 291/95/78 986/92/76
f 972/100/49 1540/99/80 986/92/76 283/50/45
f 285/57/52 989/103/82 1541/104/83 974/58/53
f 989/103/82 293/105/84 990/106/85 1541/104/83
f 1541/104/83 990/106/85 300/107/86 991/108/87
f 974/58/53 1541/104/83 991/108/87 292/59/54
f 286/63/58 992/109/88 1542/110/89 977/64/59
f 992/109/88 294/111/90 993/112/91 1542/110/89
f 1542/110/89 993/112/91 293/113/84 989/114/82
f 977/64/59 1542/110/89 989/114/82 285/65/52
f 287/70/62 994/115/92 1543/116/93 979/71/63
f 994/115/92 295/117/94 995/118/368 1543/116/93
f 1543/116/93 995/118/368 294/111/90 992/119/88
f 979/71/63 1543/116/93 992/119/88 286/72/58
f 288/78/66 996/120/96 1544/121/97 981/79/67
f 996/120/96 296/122/388 997/123/99 1544/121/97
f 1544/121/97 997/123/99 295/117/94 994/115/92
f 981/79/67 1544/121/97 994/115/92 287/70/62
f 289/84/70 998/124/100 1545/125/101 983/85/71
f 998/124/100 297/126/102 999/127/340 1545/125/101
f 1545/125/101 999/127/340 296/122/388 996/120/96
f 983/85/71 1545/125/101 996/120/96 288/78/66
f 290/90/74 1000/128/104 1546/129/105 985/91/75
f 1000/128/104 298/130/106 1001/131/341 1546/129/105
f 1546/129/105 1001/131/341 297/126/102 998/124/100
f 985/91/75 1546/129/105 998/124/100 289/84/70
f 291/95/78 1002/132/108 1547/133/109 987/96/79
f 1002/132/108 299/134/110 1003/135/111 1547/133/109
f 1547/133/109 1003/135/111 298/130/106 1000/128/104
f 987/96/79 1547/133/109 1000/128/104 290/90/74
f 292/101/54 991/136/87 1548/137/112 988/102/81
f 991/136/87 300/138/86 1004/139/113 1548/137/112
f 1548/137/112 1004/139/113 299/134/110 1002/132/108
f 988/102/81 1548/137/112 1002/132/108 291/95/78
f 293/105/84 1005/140/114 1549/141/115 990/106/85
f 1005/140/114 301/142/116 1006/143/117 1549/141/115
f 1549/141/115 1006/143/117 308/144/118 1007/145/119
f 990/106/85 1549/141/115 1007/145/119 300/107/86
f 294/111/90 1008/146/120 1550/147/121 993/112/91
f 1008/146/120 302/148/122 1009/149/123 1550/147/121
f 1550/147/121 1009/149/123 301/150/116 1005/151/114
f 993/112/91 1550/147/121 1005/151/114 293/113/84
f 295/117/94 1010/152/124 1551/153/125 995/118/368
f 1010/152/124 303/154/126 1011/155/389 1551/153/125
f 1551/153/125 1011/155/389 302/156/122 1008/146/120
f 995/118/368 1551/153/125 1008/146/120 294/111/90
f 296/122/388 1012/157/128 1552/158/129 997/123/99
f 1012/157/128 304/159/130 1013/160/131 1552/158/129
f 1552/158/129 1013/160/131 303/154/126 1010/152/124
f 997/123/99 1552/158/129 1010/152/124 295/117/94
f 297/126/102 1014/161/132 1553/162/133 999/127/340
f 1014/161/132 305/163/134 1015/164/135 1553/162/133
f 1553/162/133 1015/164/135 304/159/130 1012/157/128
f 999/127/340 1553/162/133 1012/157/128 296/122/388
f 298/130/106 1016/165/136 1554/166/137 1001/131/341
f 1016/165/136 306/167/138 1017/168/139 1554/166/137
f 1554/166/137 1017/168/139 305/163/134 1014/161/132
f 1001/131/341 1554/166/137 1014/161/132 297/126/102
f 299/134/110 1018/169/140 1555/170/141 1003/135/111
f 1018/169/140 307/171/345 1019/172/143 1555/170/141
f 1555/170/141 1019/172/143 306/167/138 1016/165/136
f 1003/135/111 1555/170/141 1016/165/136 298/130/106
f 300/138/86 1007/173/119 1556/174/144 1004/139/113
f 1007/173/119 308/175/118 1020/176/145 1556/174/144
f 1556/174/144 1020/176/145 307/171/345 1018/169/140
f 1004/139/113 1556/174/144 1018/169/140 299/134/110
f 301/142/116 1021/177/146 1557/178/373 1006/143/117
f 1021/177/146 309/179/1 1022/180/374 1557/178/373
f 1557/178/373 1022/180/374 316/181/346 1023/182/150
f 1006/143/117 1557/178/373 1023/182/150 308/144/118
f 302/148/122 1024/183/151 1558/184/152 1009/149/123
f 1024/183/151 310/185/153 1025/186/390 1558/184/152
f 1558/184/152 1025/186/390 309/187/1 1021/188/146
f 1009/149/123 1558/184/152 1021/188/146 301/150/116
f 303/154/126 1026/189/155 1559/190/156 1011/155/389
f 1026/189/155 311/191/157 1027/192/391 1559/190/156
f 1559/190/156 1027/192/391 310/193/153 1024/183/151
f 1011/155/389 1559/190/156 1024/183/151 302/156/122
f 304/159/130 1028/194/159 1560/195/160 1013/160/131
f 1028/194/159 312/196/161 1029/197/162 1560/195/160
f 1560/195/160 1029/197/162 311/191/157 1026/189/155
f 1013/160/131 1560/195/160 1026/189/155 303/154/126
f 305/163/134 1030/198/163 1561/199/164 1015/164/135
f 1030/198/163 313/200/165 1031/201/166 1561/199/164
f 1561/199/164 1031/201/166 312/196/161 1028/194/159
f 1015/164/135 1561/199/164 1028/194/159 304/159/130
f 306/167/138 1032/202/167 1562/203/168 1017/168/139
f 1032/202/167 314/204/169 1033/205/170 1562/203/168
f 1562/203/168 1033/205/170 313/200/165 1030/198/163
f 1017/168/139 1562/203/168 1030/198/163 305/163/134
f 307/171/345 1034/206/171 1563/207/172 1019/172/143
f 1034/206/171 315/208/173 1035/209/174 1563/207/172
f 1563/207/172 1035/209/174 314/204/169 1032/202/167
f 1019/172/143 1563/207/172 1032/202/167 306/167/138
f 308/175/118 1023/210/150 1564/211/175 1020/176/145
f 1023/210/150 316/212/346 1036/213/392 1564/211/175
f 1564/211/175 1036/213/392 315/208/173 1034/206/171
f 1020/176/145 1564/211/175 1034/206/171 307/171/345
f 309/179/1 1037/214/177 1565/215/178 1022/180/374
f 1037/214/177 317/216/179 1038/217/180 1565/215/178
f 1565/215/178 1038/217/180 324/218/393 1039/219/182
f 1022/180/374 1565/215/178 1039/219/182 316/181/346
f 310/185/153 1040/220/183 1566/221/350 1025/186/390
f 1040/220/183 318/222/351 1041/223/394 1566/221/350
f 1566/221/350 1041/223/394 317/224/179 1037/225/177
f 1025/186/390 1566/221/350 1037/225/177 309/187/1
f 311/191/157 1042/226/187 1567/227/188 1027/192/391
f 1042/226/187 319/228/352 1043/229/190 1567/227/188
f 1567/227/188 1043/229/190 318/230/351 1040/220/183
f 1027/192/391 1567/227/188 1040/220/183 310/193/153
f 312/196/161 1044/231/191 1568/232/192 1029/197/162
f 1044/231/191 320/233/193 1045/234/194 1568/232/192
f 1568/232/192 1045/234/194 319/228/352 1042/226/187
f 1029/197/162 1568/232/192 1042/226/187 311/191/157
f 313/200/165 1046/235/195 1569/236/196 1031/201/166
f 1046/235/195 321/237/197 1047/238/198 1569/236/196
f 1569/236/196 1047/238/198 320/233/193 1044/231/191
f 1031/201/166 1569/236/196 1044/231/191 312/196/161
f 314/204/169 1048/239/199 1570/240/200 1033/205/170
f 1048/239/199 322/241/201 1049/242/202 1570/240/200
f 1570/240/200 1049/242/202 321/237/197 1046/235/195
f 1033/205/170 1570/240/200 1046/235/195 313/200/165
f 315/208/173 1050/243/203 1571/244/204 1035/209/174
f 1050/243/203 323/245/353 1051/246/206 1571/244/204
f 1571/244/204 1051/246/206 322/241/201 1048/239/199
f 1035/209/174 1571/244/204 1048/239/199 314/204/169
f 316/212/346 1039/247/182 1572/248/207 1036/213/392
f 1039/247/182 324/249/393 1052/250/208 1572/248/207
f 1572/248/207 1052/250/208 323/245/353 1050/243/203
f 1036/213/392 1572/248/207 1050/243/203 315/208/173
f 317/216/179 1053/251/209 1573/252/376 1038/217/180
f 1053/251/209 325/253/211 1054/254/212 1573/252/376
f 1573/252/376 1054/254/212 332/255/355 1055/256/214
f 1038/217/180 1573/252/376 1055/256/214 324/218/393
f 318/222/351 1056/257/215 1574/258/395 1041/223/394
f 1056/257/215 326/259/396 1057/260/397 1574/258/395
f 1574/258/395 1057/260/397 325/261/211 1053/262/209
f 1041/223/394 1574/258/395 1053/262/209 317/224/179
f 319/228/352 1058/263/219 1575/264/220 1043/229/190
f 1058/263/219 327/265/221 1059/266/222 1575/264/220
f 1575/264/220 1059/266/222 326/259/396 1056/267/215
f 1043/229/190 1575/264/220 1056/267/215 318/230/351
f 320/233/193 1060/268/223 1576/269/224 1045/234/194
f 1060/268/223 328/270/358 1061/271/398 1576/269/224
f 1576/269/224 1061/271/398 327/265/221 1058/263/219
f 1045/234/194 1576/269/224 1058/263/219 319/228/352
f 321/237/197 1062/272/227 1577/273/228 1047/238/198
f 1062/272/227 329/274/229 1063/275/230 1577/273/228
f 1577/273/228 1063/275/230 328/270/358 1060/268/223
f 1047/238/198 1577/273/228 1060/268/223 320/233/193
f 322/241/201 1064/276/231 1578/277/232 1049/242/202
f 1064/276/231 330/278/233 1065/279/234 1578/277/232
f 1578/277/232 1065/279/234 329/274/229 1062/272/227
f 1049/242/202 1578/277/232 1062/272/227 321/237/197
f 323/245/353 1066/280/235 1579/281/236 1051/246/206
f 1066/280/235 331/282/237 1067/283/238 1579/281/236
f 1579/281/236 1067/283/238 330/278/233 1064/276/231
f 1051/246/206 1579/281/236 1064/276/231 322/241/201
f 324/249/393 1055/284/214 1580/285/239 1052/250/208
f 1055/284/214 332/286/355 1068/287/399 1580/285/239
f 1580/285/239 1068/287/399 331/282/237 1066/280/235
f 1052/250/208 1580/285/239 1066/280/235 323/245/353
f 325/253/211 1069/288/241 1581/289/379 1054/254/212
f 1069/288/241 333/290/243 1070/291/244 1581/289/379
f 1581/289/379 1070/291/244 340/292/245 1071/293/400
f 1054/254/212 1581/289/379 1071/293/400 332/255/355
f 326/259/396 1072/294/247 1582/295/401 1057/260/397
f 1072/294/247 334/296/402 1073/297/250 1582/295/401
f 1582/295/401 1073/297/250 333/298/243 1069/299/241
f 1057/260/397 1582/295/401 1069/299/241 325/261/211
f 327/265/221 1074/300/251 1583/301/252 1059/266/222
f 1074/300/251 335/302/253 1075/303/254 1583/301/252
f 1583/301/252 1075/303/254 334/296/402 1072/304/247
f 1059/266/222 1583/301/252 1072/304/247 326/259/396
f 328/270/358 1076/305/403 1584/306/256 1061/271/398
f 1076/305/403 336/307/257 1077/308/258 1584/306/256
f 1584/306/256 1077/308/258 335/302/253 1074/300/251
f 1061/271/398 1584/306/256 1074/300/251 327/265/221
f 329/274/229 1078/309/259 1585/310/260 1063/275/230
f 1078/309/259 337/311/261 1079/312/262 1585/310/260
f 1585/310/260 1079/312/262 336/307/257 1076/305/403
f 1063/275/230 1585/310/260 1076/305/403 328/270/358
f 330/278/233 1080/313/263 1586/314/264 1065/279/234
f 1080/313/263 338/315/265 1081/316/266 1586/314/264
f 1586/314/264 1081/316/266 337/311/261 1078/309/259
f 1065/279/234 1586/314/264 1078/309/259 329/274/229
f 331/282/237 1082/317/267 1587/318/268 1067/283/238
f 1082/317/267 339/319/360 1083/320/270 1587/318/268
f 1587/318/268 1083/320/270 338/315/265 1080/313/263
f 1067/283/238 1587/318/268 1080/313/263 330/278/233
f 332/286/355 1071/321/400 1588/322/271 1068/287/399
f 1071/321/400 340/323/245 1084/324/272 1588/322/271
f 1588/322/271 1084/324/272 339/319/360 1082/317/267
f 1068/287/399 1588/322/271 1082/317/267 331/282/237
f 333/290/243 1085/325/273 1589/326/274 1070/291/244
f 1085/325/273 341/327/275 1086/328/276 1589/326/274
f 1589/326/274 1086/328/276 348/329/277 1087/330/278
f 1070/291/244 1589/326/274 1087/330/278 340/292/245
f 334/296/402 1088/331/361 1590/332/280 1073/297/250
f 1088/331/361 342/333/281 1089/334/282 1590/332/280
f 1590/332/280 1089/334/282 341/335/275 1085/336/273
f 1073/297/250 1590/332/280 1085/336/273 333/298/243
f 335/302/253 1090/337/283 1591/338/284 1075/303/254
f 1090/337/283 343/339/285 1091/340/286 1591/338/284
f 1591/338/284 1091/340/286 342/333/281 1088/341/361
f 1075/303/254 1591/338/284 1088/341/361 334/296/402
f 336/307/257 1092/342/287 1592/343/288 1077/308/258
f 1092/342/287 344/344/289 1093/345/362 1592/343/288
f 1592/343/288 1093/345/362 343/339/285 1090/337/283
f 1077/308/258 1592/343/288 1090/337/283 335/302/253
f 337/311/261 1094/346/291 1593/347/292 1079/312/262
f 1094/346/291 345/348/293 1095/349/294 1593/347/292
f 1593/347/292 1095/349/294 344/344/289 1092/342/287
f 1079/312/262 1593/347/292 1092/342/287 336/307/257
f 338/315/265 1096/350/295 1594/351/296 1081/316/266
f 1096/350/295 346/352/297 1097/353/298 1594/351/296
f 1594/351/296 1097/353/298 345/348/293 1094/346/291
f 1081/316/266 1594/351/296 1094/346/291 337/311/261
f 339/319/360 1098/354/363 1595/355/300 1083/320/270
f 1098/354/363 347/356/301 1099/357/364 1595/355/300
f 1595/355/300 1099/357/364 346/352/297 1096/350/295
f 1083/320/270 1595/355/300 1096/350/295 338/315/265
f 340/323/245 1087/358/278 1596/359/303 1084/324/272
f 1087/358/278 348/360/277 1100/361/304 1596/359/303
f 1596/359/303 1100/361/304 347/356/301 1098/354/363
f 1084/324/272 1596/359/303 1098/354/363 339/319/360
f 341/327/275 1101/362/305 1597/363/306 1086/328/276
f 1101/362/305 349/364/307 1102/365/308 1597/363/306
f 1597/363/306 1102/365/308 356/366/309 1103/367/310
f 1086/328/276 1597/363/306 1103/367/310 348/329/277
f 342/333/281 1104/368/311 1598/369/312 1089/334/282
f 1104/368/311 350/370/313 1105/371/314 1598/369/312
f 1598/369/312 1105/371/314 349/372/307 1101/373/305
f 1089/334/282 1598/369/312 1101/373/305 341/335/275
f 343/339/285 1106/374/315 1599/375/316 1091/376/286
f 1106/374/315 351/377/317 1107/378/318 1599/375/316
f 1599/375/316 1107/378/318 350/370/313 1104/368/311
f 1091/376/286 1599/375/316 1104/368/311 342/333/281
f 344/379/289 1108/380/319 1600/381/320 1093/382/362
f 1108/380/319 352/383/321 1109/384/322 1600/381/320
f 1600/381/320 1109/384/322 351/377/317 1106/374/315
f 1093/382/362 1600/381/320 1106/374/315 343/339/285
f 345/385/293 1110/386/323 1601/387/404 1095/388/294
f 1110/386/323 353/389/325 1111/390/326 1601/387/404
f 1601/387/404 1111/390/326 352/383/321 1108/380/319
f 1095/388/294 1601/387/404 1108/380/319 344/379/289
f 346/391/297 1112/392/405 1602/393/328 1097/394/298
f 1112/392/405 354/395/329 1113/396/330 1602/393/328
f 1602/393/328 1113/396/330 353/389/325 1110/386/323
f 1097/394/298 1602/393/328 1110/386/323 345/385/293
f 347/356/301 1114/397/331 1603/398/332 1099/399/364
f 1114/397/331 355/400/333 1115/401/334 1603/398/332
f 1603/398/332 1115/401/334 354/395/329 1112/392/405
f 1099/399/364 1603/398/332 1112/392/405 346/391/297
f 348/329/277 1103/367/310 1604/402/335 1100/403/304
f 1103/367/310 356/366/309 1116/404/336 1604/402/335
f 1604/402/335 1116/404/336 355/400/333 1114/397/331
f 1100/403/304 1604/402/335 1114/397/331 347/356/301
f 357/5/2 1118/6/3 1605/7/4 1117/8/5
f 1118/6/3 365/9/6 1119/10/7 1605/7/4
f 1605/7/4 1119/10/7 372/11/8 1120/12/9
f 1117/8/5 1605/7/4 1120/12/9 364/13/385
f 358/14/11 1122/15/12 1606/16/13 1121/17/14
f 1122/15/12 366/18/15 1123/19/16 1606/16/13
f 1606/16/13 1123/19/16 365/20/6 1118/21/3
f 1121/17/14 1606/16/13 1118/21/3 357/1/2
f 359/22/17 1125/23/18 1607/24/19 1124/25/20
f 1125/23/18 367/26/21 1126/27/22 1607/24/19
f 1607/24/19 1126/27/22 366/18/15 1122/15/12
f 1124/25/20 1607/24/19 1122/15/12 358/14/11
f 360/28/23 1128/29/24 1608/30/25 1127/31/26
f 1128/29/24 368/32/27 1129/33/406 1608/30/25
f 1608/30/25 1129/33/406 367/26/21 1125/23/18
f 1127/31/26 1608/30/25 1125/23/18 359/22/17
f 361/34/29 1131/35/30 1609/36/31 1130/37/32
f 1131/35/30 369/38/33 1132/39/34 1609/36/31
f 1609/36/31 1132/39/34 368/32/27 1128/29/24
f 1130/37/32 1609/36/31 1128/29/24 360/28/23
f 362/40/35 1134/41/36 1610/42/37 1133/43/38
f 1134/41/36 370/44/39 1135/45/40 1610/42/37
f 1610/42/37 1135/45/40 369/38/33 1131/35/30
f 1133/43/38 1610/42/37 1131/35/30 361/34/29
f 363/46/41 1137/47/386 1611/48/43 1136/49/407
f 1137/47/386 371/50/45 1138/51/408 1611/48/43
f 1611/48/43 1138/51/408 370/44/39 1134/41/36
f 1136/49/407 1611/48/43 1134/41/36 362/40/35
f 364/13/385 1120/12/9 1612/52/47 1139/53/48
f 1120/12/9 372/11/8 1140/54/49 1612/52/47
f 1612/52/47 1140/54/49 371/50/45 1137/47/386
f 1139/53/48 1612/52/47 1137/47/386 363/46/41
f 365/9/6 1141/55/50 1613/56/51 1119/10/7
f 1141/55/50 373/57/52 1142/58/53 1613/56/51
f 1613/56/51 1142/58/53 380/59/54 1143/60/55
f 1119/10/7 1613/56/51 1143/60/55 372/11/8
f 366/18/15 1144/61/56 1614/62/57 1123/19/16
f 1144/61/56 374/63/58 1145/64/59 1614/62/57
f 1614/62/57 1145/64/59 373/65/52 1141/66/50
f 1123/19/16 1614/62/57 1141/66/50 365/20/6
f 367/26/21 1146/67/60 1615/68/61 1126/69/22
f 1146/67/60 375/70/409 1147/71/63 1615/68/61
f 1615/68/61 1147/71/63 374/72/58 1144/73/56
f 1126/69/22 1615/68/61 1144/73/56 366/18/15
f 368/74/27 1148/75/64 1616/76/65 1129/77/406
f 1148/75/64 376/78/66 1149/79/67 1616/76/65
f 1616/76/65 1149/79/67 375/70/409 1146/67/60
f 1129/77/406 1616/76/65 1146/67/60 367/26/21
f 369/80/33 1150/81/68 1617/82/69 1132/83/34
f 1150/81/68 377/84/70 1151/85/71 1617/82/69
f 1617/82/69 1151/85/71 376/78/66 1148/75/64
f 1132/83/34 1617/82/69 1148/75/64 368/74/27
f 370/86/39 1152/87/72 1618/88/73 1135/89/40
f 1152/87/72 378/90/74 1153/91/75 1618/88/73
f 1618/88/73 1153/91/75 377/84/70 1150/81/68
f 1135/89/40 1618/88/73 1150/81/68 369/80/33
f 371/50/45 1154/92/410 1619/93/77 1138/94/408
f 1154/92/410 379/95/411 1155/96/79 1619/93/77
f 1619/93/77 1155/96/79 378/90/74 1152/87/72
f 1138/94/408 1619/93/77 1152/87/72 370/86/39
f 372/97/8 1143/98/55 1620/99/412 1140/100/49
f 1143/98/55 380/101/54 1156/102/413 1620/99/412
f 1620/99/412 1156/102/413 379/95/411 1154/92/410
f 1140/100/49 1620/99/412 1154/92/410 371/50/45
f 373/57/52 1157/103/82 1621/104/83 1142/58/53
f 1157/103/82 381/105/84 1158/106/85 1621/104/83
f 1621/104/83 1158/106/85 388/107/414 1159/108/87
f 1142/58/53 1621/104/83 1159/108/87 380/59/54
f 374/63/58 1160/109/88 1622/110/89 1145/64/59
f 1160/109/88 382/111/90 1161/112/91 1622/110/89
f 1622/110/89 1161/112/91 381/113/84 1157/114/82
f 1145/64/59 1622/110/89 1157/114/82 373/65/52
f 375/70/409 1162/115/92 1623/116/93 1147/71/63
f 1162/115/92 383/117/94 1163/118/95 1623/116/93
f 1623/116/93 1163/118/95 382/111/90 1160/119/88
f 1147/71/63 1623/116/93 1160/119/88 374/72/58
f 376/78/66 1164/120/96 1624/121/97 1149/79/67
f 1164/120/96 384/122/98 1165/123/99 1624/121/97
f 1624/121/97 1165/123/99 383/117/94 1162/115/92
f 1149/79/67 1624/121/97 1162/115/92 375/70/409
f 377/84/70 1166/124/100 1625/125/370 1151/85/71
f 1166/124/100 385/126/102 1167/127/415 1625/125/370
f 1625/125/370 1167/127/415 384/122/98 1164/120/96
f 1151/85/71 1625/125/370 1164/120/96 376/78/66
f 378/90/74 1168/128/416 1626/129/105 1153/91/75
f 1168/128/416 386/130/417 1169/131/107 1626/129/105
f 1626/129/105 1169/131/107 385/126/102 1166/124/100
f 1153/91/75 1626/129/105 1166/124/100 377/84/70
f 379/95/411 1170/132/108 1627/133/109 1155/96/79
f 1170/132/108 387/134/110 1171/135/111 1627/133/109
f 1627/133/109 1171/135/111 386/130/417 1168/128/416
f 1155/96/79 1627/133/109 1168/128/416 378/90/74
f 380/101/54 1159/136/87 1628/137/112 1156/102/413
f 1159/136/87 388/138/414 1172/139/342 1628/137/112
f 1628/137/112 1172/139/342 387/134/110 1170/132/108
f 1156/102/413 1628/137/112 1170/132/108 379/95/411
f 381/105/84 1173/140/114 1629/141/115 1158/106/85
f 1173/140/114 389/142/116 1174/143/418 1629/141/115
f 1629/141/115 1174/143/418 396/144/371 1175/145/419
f 1158/106/85 1629/141/115 1175/145/419 388/107/414
f 382/111/90 1176/146/120 1630/147/420 1161/112/91
f 1176/146/120 390/148/122 1177/149/344 1630/147/420
f 1630/147/420 1177/149/344 389/150/116 1173/151/114
f 1161/112/91 1630/147/420 1173/151/114 381/113/84
f 383/117/94 1178/152/124 1631/153/125 1163/118/95
f 1178/152/124 391/154/126 1179/155/127 1631/153/125
f 1631/153/125 1179/155/127 390/156/122 1176/146/120
f 1163/118/95 1631/153/125 1176/146/120 382/111/90
f 384/122/98 1180/157/128 1632/158/129 1165/123/99
f 1180/157/128 392/159/130 1181/160/131 1632/158/129
f 1632/158/129 1181/160/131 391/154/126 1178/152/124
f 1165/123/99 1632/158/129 1178/152/124 383/117/94
f 385/126/102 1182/161/132 1633/162/133 1167/127/415
f 1182/161/132 393/163/134 1183/164/135 1633/162/133
f 1633/162/133 1183/164/135 392/159/130 1180/157/128
f 1167/127/415 1633/162/133 1180/157/128 384/122/98
f 386/130/417 1184/165/136 1634/166/137 1169/131/107
f 1184/165/136 394/167/138 1185/168/139 1634/166/137
f 1634/166/137 1185/168/139 393/163/134 1182/161/132
f 1169/131/107 1634/166/137 1182/161/132 385/126/102
f 387/134/110 1186/169/140 1635/170/141 1171/135/111
f 1186/169/140 395/171/421 1187/172/143 1635/170/141
f 1635/170/141 1187/172/143 394/167/138 1184/165/136
f 1171/135/111 1635/170/141 1184/165/136 386/130/417
f 388/138/414 1175/173/419 1636/174/144 1172/139/342
f 1175/173/419 396/175/371 1188/176/145 1636/174/144
f 1636/174/144 1188/176/145 395/171/421 1186/169/140
f 1172/139/342 1636/174/144 1186/169/140 387/134/110
f 389/142/116 1189/177/146 1637/178/373 1174/143/418
f 1189/177/146 397/179/1 1190/180/422 1637/178/373
f 1637/178/373 1190/180/422 404/181/149 1191/182/150
f 1174/143/418 1637/178/373 1191/182/150 396/144/371
f 390/148/122 1192/183/151 1638/184/423 1177/149/344
f 1192/183/151 398/185/153 1193/186/154 1638/184/423
f 1638/184/423 1193/186/154 397/187/1 1189/188/146
f 1177/149/344 1638/184/423 1189/188/146 389/150/116
f 391/154/126 1194/189/155 1639/190/156 1179/155/127
f 1194/189/155 399/191/157 1195/192/158 1639/190/156
f 1639/190/156 1195/192/158 398/193/153 1192/183/151
f 1179/155/127 1639/190/156 1192/183/151 390/156/122
f 392/159/130 1196/194/159 1640/195/160 1181/160/131
f 1196/194/159 400/196/161 1197/197/162 1640/195/160
f 1640/195/160 1197/197/162 399/191/157 1194/189/155
f 1181/160/131 1640/195/160 1194/189/155 391/154/126
f 393/163/134 1198/198/163 1641/199/164 1183/164/135
f 1198/198/163 401/200/165 1199/201/166 1641/199/164
f 1641/199/164 1199/201/166 400/196/161 1196/194/159
f 1183/164/135 1641/199/164 1196/194/159 392/159/130
f 394/167/138 1200/202/167 1642/203/168 1185/168/139
f 1200/202/167 402/204/424 1201/205/170 1642/203/168
f 1642/203/168 1201/205/170 401/200/165 1198/198/163
f 1185/168/139 1642/203/168 1198/198/163 393/163/134
f 395/171/421 1202/206/171 1643/207/172 1187/172/143
f 1202/206/171 403/208/173 1203/209/174 1643/207/172
f 1643/207/172 1203/209/174 402/204/424 1200/202/167
f 1187/172/143 1643/207/172 1200/202/167 394/167/138
f 396/175/371 1191/210/150 1644/211/175 1188/176/145
f 1191/210/150 404/212/149 1204/213/176 1644/211/175
f 1644/211/175 1204/213/176 403/208/173 1202/206/171
f 1188/176/145 1644/211/175 1202/206/171 395/171/421
f 397/179/1 1205/214/177 1645/215/178 1190/180/422
f 1205/214/177 405/216/179 1206/217/425 1645/215/178
f 1645/215/178 1206/217/425 412/218/181 1207/219/182
f 1190/180/422 1645/215/178 1207/219/182 404/181/149
f 398/185/153 1208/220/183 1646/221/184 1193/186/154
f 1208/220/183 406/222/351 1209/223/186 1646/221/184
f 1646/221/184 1209/223/186 405/224/179 1205/225/177
f 1193/186/154 1646/221/184 1205/225/177 397/187/1
f 399/191/157 1210/226/187 1647/227/188 1195/192/158
f 1210/226/187 407/228/352 1211/229/190 1647/227/188
f 1647/227/188 1211/229/190 406/230/351 1208/220/183
f 1195/192/158 1647/227/188 1208/220/183 398/193/153
f 400/196/161 1212/231/191 1648/232/192 1197/197/162
f 1212/231/191 408/233/193 1213/234/194 1648/232/192
f 1648/232/192 1213/234/194 407/228/352 1210/226/187
f 1197/197/162 1648/232/192 1210/226/187 399/191/157
f 401/200/165 1214/235/195 1649/236/196 1199/201/166
f 1214/235/195 409/237/197 1215/238/198 1649/236/196
f 1649/236/196 1215/238/198 408/233/193 1212/231/191
f 1199/201/166 1649/236/196 1212/231/191 400/196/161
f 402/204/424 1216/239/199 1650/240/200 1201/205/170
f 1216/239/199 410/241/201 1217/242/202 1650/240/200
f 1650/240/200 1217/242/202 409/237/197 1214/235/195
f 1201/205/170 1650/240/200 1214/235/195 401/200/165
f 403/208/173 1218/243/203 1651/244/204 1203/209/174
f 1218/243/203 411/245/426 1219/246/206 1651/244/204
f 1651/244/204 1219/246/206 410/241/201 1216/239/199
f 1203/209/174 1651/244/204 1216/239/199 402/204/424
f 404/212/149 1207/247/182 1652/248/207 1204/213/176
f 1207/247/182 412/249/181 1220/250/208 1652/248/207
f 1652/248/207 1220/250/208 411/245/426 1218/243/203
f 1204/213/176 1652/248/207 1218/243/203 403/208/173
f 405/216/179 1221/251/209 1653/252/376 1206/217/425
f 1221/251/209 413/253/211 1222/254/377 1653/252/376
f 1653/252/376 1222/254/377 420/255/427 1223/256/214
f 1206/217/425 1653/252/376 1223/256/214 412/218/181
f 406/222/351 1224/257/215 1654/258/216 1209/223/186
f 1224/257/215 414/259/357 1225/260/218 1654/258/216
f 1654/258/216 1225/260/218 413/261/211 1221/262/209
f 1209/223/186 1654/258/216 1221/262/209 405/224/179
f 407/228/352 1226/263/219 1655/264/220 1211/229/190
f 1226/263/219 415/265/221 1227/266/222 1655/264/220
f 1655/264/220 1227/266/222 414/259/357 1224/267/215
f 1211/229/190 1655/264/220 1224/267/215 406/230/351
f 408/233/193 1228/268/223 1656/269/224 1213/234/194
f 1228/268/223 416/270/225 1229/271/226 1656/269/224
f 1656/269/224 1229/271/226 415/265/221 1226/263/219
f 1213/234/194 1656/269/224 1226/263/219 407/228/352
f 409/237/197 1230/272/227 1657/273/228 1215/238/198
f 1230/272/227 417/274/229 1231/275/230 1657/273/228
f 1657/273/228 1231/275/230 416/270/225 1228/268/223
f 1215/238/198 1657/273/228 1228/268/223 408/233/193
f 410/241/201 1232/276/231 1658/277/232 1217/242/202
f 1232/276/231 418/278/428 1233/279/429 1658/277/232
f 1658/277/232 1233/279/429 417/274/229 1230/272/227
f 1217/242/202 1658/277/232 1230/272/227 409/237/197
f 411/245/426 1234/280/235 1659/281/236 1219/246/206
f 1234/280/235 419/282/237 1235/283/238 1659/281/236
f 1659/281/236 1235/283/238 418/278/428 1232/276/231
f 1219/246/206 1659/281/236 1232/276/231 410/241/201
f 412/249/181 1223/284/214 1660/285/239 1220/250/208
f 1223/284/214 420/286/427 1236/287/240 1660/285/239
f 1660/285/239 1236/287/240 419/282/237 1234/280/235
f 1220/250/208 1660/285/239 1234/280/235 411/245/426
f 413/253/211 1237/288/241 1661/289/379 1222/254/377
f 1237/288/241 421/290/243 1238/291/244 1661/289/379
f 1661/289/379 1238/291/244 428/292/380 1239/293/246
f 1222/254/377 1661/289/379 1239/293/246 420/255/427
f 414/259/357 1240/294/247 1662/295/248 1225/260/218
f 1240/294/247 422/296/249 1241/297/250 1662/295/248
f 1662/295/248 1241/297/250 421/298/243 1237/299/241
f 1225/260/218 1662/295/248 1237/299/241 413/261/211
f 415/265/221 1242/300/251 1663/301/252 1227/266/222
f 1242/300/251 423/302/359 1243/303/254 1663/301/252
f 1663/301/252 1243/303/254 422/296/249 1240/304/247
f 1227/266/222 1663/301/252 1240/304/247 414/259/357
f 416/270/225 1244/305/255 1664/306/256 1229/271/226
f 1244/305/255 424/307/257 1245/308/258 1664/306/256
f 1664/306/256 1245/308/258 423/302/359 1242/300/251
f 1229/271/226 1664/306/256 1242/300/251 415/265/221
f 417/274/229 1246/309/259 1665/310/260 1231/275/230
f 1246/309/259 425/311/261 1247/312/262 1665/310/260
f 1665/310/260 1247/312/262 424/307/257 1244/305/255
f 1231/275/230 1665/310/260 1244/305/255 416/270/225
f 418/278/428 1248/313/430 1666/314/431 1233/279/429
f 1248/313/430 426/315/265 1249/316/266 1666/314/431
f 1666/314/431 1249/316/266 425/311/261 1246/309/259
f 1233/279/429 1666/314/431 1246/309/259 417/274/229
f 419/282/237 1250/317/432 1667/318/268 1235/283/238
f 1250/317/432 427/319/269 1251/320/270 1667/318/268
f 1667/318/268 1251/320/270 426/315/265 1248/313/430
f 1235/283/238 1667/318/268 1248/313/430 418/278/428
f 420/286/427 1239/321/246 1668/322/271 1236/287/240
f 1239/321/246 428/323/380 1252/324/433 1668/322/271
f 1668/322/271 1252/324/433 427/319/269 1250/317/432
f 1236/287/240 1668/322/271 1250/317/432 419/282/237
f 421/290/243 1253/325/273 1669/326/274 1238/291/244
f 1253/325/273 429/327/275 1254/328/276 1669/326/274
f 1669/326/274 1254/328/276 436/329/277 1255/330/434
f 1238/291/244 1669/326/274 1255/330/434 428/292/380
f 422/296/249 1256/331/279 1670/332/280 1241/297/250
f 1256/331/279 430/333/281 1257/334/282 1670/332/280
f 1670/332/280 1257/334/282 429/335/275 1253/336/273
f 1241/297/250 1670/332/280 1253/336/273 421/298/243
f 423/302/359 1258/337/435 1671/338/284 1243/303/254
f 1258/337/435 431/339/285 1259/340/286 1671/338/284
f 1671/338/284 1259/340/286 430/333/281 1256/341/279
f 1243/303/254 1671/338/284 1256/341/279 422/296/249
f 424/307/257 1260/342/287 1672/343/288 1245/308/258
f 1260/342/287 432/344/289 1261/345/362 1672/343/288
f 1672/343/288 1261/345/362 431/339/285 1258/337/435
f 1245/308/258 1672/343/288 1258/337/435 423/302/359
f 425/311/261 1262/346/291 1673/347/292 1247/312/262
f 1262/346/291 433/348/293 1263/349/294 1673/347/292
f 1673/347/292 1263/349/294 432/344/289 1260/342/287
f 1247/312/262 1673/347/292 1260/342/287 424/307/257
f 426/315/265 1264/350/436 1674/351/296 1249/316/266
f 1264/350/436 434/352/297 1265/353/298 1674/351/296
f 1674/351/296 1265/353/298 433/348/293 1262/346/291
f 1249/316/266 1674/351/296 1262/346/291 425/311/261
f 427/319/269 1266/354/437 1675/355/300 1251/320/270
f 1266/354/437 435/356/301 1267/357/364 1675/355/300
f 1675/355/300 1267/357/364 434/352/297 1264/350/436
f 1251/320/270 1675/355/300 1264/350/436 426/315/265
f 428/323/380 1255/358/434 1676/359/438 1252/324/433
f 1255/358/434 436/360/277 1268/361/304 1676/359/438
f 1676/359/438 1268/361/304 435/356/301 1266/354/437
f 1252/324/433 1676/359/438 1266/354/437 427/319/269
f 429/327/275 1269/362/305 1677/363/306 1254/328/276
f 1269/362/305 437/364/307 1270/365/308 1677/363/306
f 1677/363/306 1270/365/308 444/366/439 1271/367/310
f 1254/328/276 1677/363/306 1271/367/310 436/329/277
f 430/333/281 1272/368/311 1678/369/312 1257/334/282
f 1272/368/311 438/370/313 1273/371/314 1678/369/312
f 1678/369/312 1273/371/314 437/372/307 1269/373/305
f 1257/334/282 1678/369/312 1269/373/305 429/335/275
f 431/339/285 1274/374/440 1679/375/441 1259/376/286
f 1274/374/440 439/377/317 1275/378/318 1679/375/441
f 1679/375/441 1275/378/318 438/370/313 1272/368/311
f 1259/376/286 1679/375/441 1272/368/311 430/333/281
f 432/379/289 1276/380/319 1680/381/442 1261/382/362
f 1276/380/319 440/383/383 1277/384/322 1680/381/442
f 1680/381/442 1277/384/322 439/377/317 1274/374/440
f 1261/382/362 1680/381/442 1274/374/440 431/339/285
f 433/385/293 1278/386/323 1681/387/404 1263/388/294
f 1278/386/323 441/389/325 1279/390/326 1681/387/404
f 1681/387/404 1279/390/326 440/383/383 1276/380/319
f 1263/388/294 1681/387/404 1276/380/319 432/379/289
f 434/391/297 1280/392/405 1682/393/443 1265/394/298
f 1280/392/405 442/395/329 1281/396/330 1682/393/443
f 1682/393/443 1281/396/330 441/389/325 1278/386/323
f 1265/394/298 1682/393/443 1278/386/323 433/385/293
f 435/356/301 1282/397/331 1683/398/444 1267/399/364
f 1282/397/331 443/400/333 1283/401/334 1683/398/444
f 1683/398/444 1283/401/334 442/395/329 1280/392/405
f 1267/399/364 1683/398/444 1280/392/405 434/391/297
f 436/329/277 1271/367/310 1684/402/445 1268/403/304
f 1271/367/310 444/366/439 1284/404/336 1684/402/445
f 1684/402/445 1284/404/336 443/400/333 1282/397/331
f 1268/403/304 1684/402/445 1282/397/331 435/356/301
f 3512/2173/446 3514/2174/446 3513/2175/446
f 3511/2176/446 3514/2174/446 3512/2173/446
f 3511/2176/446 3515/2177/446 3514/2174/446
f 3511/2176/446 3516/2178/446 3515/2177/446
f 3510/1/446 3516/2178/446 3511/2176/446
f 3521/2/446 3516/2178/446 3510/1/446
f 3521/2/446 3517/2179/446 3516/2178/446
f 3521/2/446 3518/2180/446 3517/2179/446
f 3520/2181/446 3518/2180/446 3521/2/446
f 3519/2182/446 3518/2180/446 3520/2181/446
f 3526/2174/449 3524/2173/449 3525/2175/449
f 3527/2177/884 3524/2173/449 3526/2174/449
f 3527/2177/884 3523/2176/449 3524/2173/449
f 3528/2178/449 3523/2176/449 3527/2177/884
f 3528/2178/449 3522/1/449 3523/2176/449
f 3529/2179/449 3522/1/449 3528/2178/449
f 3529/2179/449 3533/2/449 3522/1/449
f 3530/2180/449 3533/2/449 3529/2179/449
f 3530/2180/449 3532/2181/884 3533/2/449
f 3531/2182/449 3532/2181/884 3530/2180/449
f 3534/4/447 3546/3/447 3557/2183/1144 3545/2184/1144
f 3535/2185/1145 3547/2186/1145 3546/2/447 3534/1/447
f 3536/2187/1146 3548/2188/1146 3547/2186/1145 3535/2185/1145
f 3537/22/1 3549/377/1 3548/2188/1146 3536/2187/1146
f 3538/2189/1147 3550/2190/1147 3549/377/1 3537/22/1
f 3539/2191/1148 3551/2192/1148 3550/2190/1147 3538/2189/1147
f 3540/34/448 3552/389/448 3551/2192/1148 3539/2191/1148
f 3541/2193/1149 3553/2194/1149 3552/389/448 3540/34/448
f 3542/2195/1150 3554/2196/1150 3553/2194/1149 3541/2193/1149
f 3543/46/165 3555/400/165 3554/2196/1150 3542/2195/1150
f 3544/2197/1151 3556/2198/1151 3555/400/165 3543/46/165
f 3545/2184/1144 3557/2183/1144 3556/2198/1151 3544/2197/1151
f 3560/2173/446 3562/2174/446 3561/2175/446
f 3559/2176/446 3562/2174/446 3560/2173/446
f 3559/2176/446 3563/2177/446 3562/2174/446
f 3559/2176/446 3564/2178/446 3563/2177/446
f 3558/1/446 3564/2178/446 3559/2176/446
f 3569/2/446 3564/2178/446 3558/1/446
f 3569/2/446 3565/2179/446 3564/2178/446
f 3569/2/446 3566/2180/446 3565/2179/446
f 3568/2181/446 3566/2180/446 3569/2/446
f 3567/2182/446 3566/2180/446 3568/2181/446
f 3574/2174/449 3572/2173/449 3573/2175/449
f 3575/2177/449 3572/2173/449 3574/2174/449
f 3575/2177/449 3571/2176/449 3572/2173/449
f 3576/2178/449 3571/2176/449 3575/2177/449
f 3576/2178/449 3570/1/449 3571/2176/449
f 3577/2179/449 3570/1/449 3576/2178/449
f 3577/2179/449 3581/2/449 3570/1/449
f 3578/2180/449 3581/2/449 3577/2179/449
f 3578/2180/449 3580/2181/449 3581/2/449
f 3579/2182/449 3580/2181/449 3578/2180/449
f 3582/4/447 3594/3/447 3605/2183/1144 3593/2184/1144
f 3583/2185/1145 3595/2186/1145 3594/2/447 3582/1/447
f 3584/2187/1146 3596/2188/1146 3595/2186/1145 3583/2185/1145
f 3585/22/1 3597/377/1 3596/2188/1146 3584/2187/1146
f 3586/2189/1147 3598/2190/1147 3597/377/1 3585/22/1
f 3587/2191/1148 3599/2192/1148 3598/2190/1147 3586/2189/1147
f 3588/34/448 3600/389/448 3599/2192/1148 3587/2191/1148
f 3589/2193/1149 3601/2194/1149 3600/389/448 3588/34/448
f 3590/2195/1150 3602/2196/1150 3601/2194/1149 3589/2193/1149
f 3591/46/165 3603/400/165 3602/2196/1150 3590/2195/1150
f 3592/2197/1151 3604/2198/1151 3603/400/165 3591/46/165
f 3593/2184/1144 3605/2183/1144 3604/2198/1151 3592/2197/1151
f 3608/2173/1004 3610/2174/446 3609/2175/446
f 3607/2176/446 3610/2174/446 3608/2173/1004
f 3607/2176/446 3611/2177/446 3610/2174/446
f 3607/2176/446 3612/2178/446 3611/2177/446
f 3606/1/446 3612/2178/446 3607/2176/446
f 3617/2/446 3612/2178/446 3606/1/446
f 3617/2/446 3613/2179/446 3612/2178/446
f 3617/2/446 3614/2180/446 3613/2179/446
f 3616/2181/446 3614/2180/446 3617/2/446
f 3615/2182/1152 3614/2180/446 3616/2181/446
f 3622/2174/449 3620/2173/449 3621/2175/449
f 3623/2177/449 3620/2173/449 3622/2174/449
f 3623/2177/449 3619/2176/449 3620/2173/449
f 3624/2178/449 3619/2176/449 3623/2177/449
f 3624/2178/449 3618/1/449 3619/2176/449
f 3625/2179/449 3618/1/449 3624/2178/449
f 3625/2179/449 3629/2/1153 3618/1/449
f 3626/2180/449 3629/2/1153 3625/2179/449
f 3626/2180/449 3628/2181/449 3629/2/1153
f 3627/2182/449 3628/2181/449 3626/2180/449
f 3630/4/447 3642/3/447 3653/2183/1144 3641/2184/1144
f 3631/2185/1145 3643/2186/1145 3642/2/447 3630/1/447
f 3632/2187/1146 3644/2188/1146 3643/2186/1145 3631/2185/1145
f 3633/22/1 3645/377/1 3644/2188/1146 3632/2187/1146
f 3634/2189/1147 3646/2190/1147 3645/377/1 3633/22/1
f 3635/2191/1148 3647/2192/1148 3646/2190/1147 3634/2189/1147
f 3636/34/448 3648/389/448 3647/2192/1148 3635/2191/1148
f 3637/2193/1149 3649/2194/1149 3648/389/448 3636/34/448
f 3638/2195/1150 3650/2196/1150 3649/2194/1149 3637/2193/1149
f 3639/46/165 3651/400/165 3650/2196/1150 3638/2195/1150
f 3640/2197/1151 3652/2198/1151 3651/400/165 3639/46/165
f 3641/2184/1144 3653/2183/1144 3652/2198/1151 3640/2197/1151
f 3656/2173/446 3658/2174/446 3657/2175/446
f 3655/2176/446 3658/2174/446 3656/2173/446
f 3655/2176/446 3659/2177/446 3658/2174/446
f 3655/2176/446 3660/2178/446 3659/2177/446
f 3654/1/446 3660/2178/446 3655/2176/446
f 3665/2/446 3660/2178/446 3654/1/446
f 3665/2/446 3661/2179/446 3660/2178/446
f 3665/2/446 3662/2180/446 3661/2179/446
f 3664/2181/446 3662/2180/446 3665/2/446
f 3663/2182/446 3662/2180/446 3664/2181/446
f 3670/2174/449 3668/2173/449 3669/2175/449
f 3671/2177/884 3668/2173/449 3670/2174/449
f 3671/2177/884 3667/2176/449 3668/2173/449
f 3672/2178/449 3667/2176/449 3671/2177/884
f 3672/2178/449 3666/1/449 3667/2176/449
f 3673/2179/449 3666/1/449 3672/2178/449
f 3673/2179/449 3677/2/449 3666/1/449
f 3674/2180/449 3677/2/449 3673/2179/449
f 3674/2180/449 3676/2181/884 3677/2/449
f 3675/2182/449 3676/2181/884 3674/2180/449
f 3678/4/447 3690/3/447 3701/2183/1144 3689/2184/1144
f 3679/2185/1145 3691/2186/1145 3690/2/447 3678/1/447
f 3680/2187/1146 3692/2188/1146 3691/2186/1145 3679/2185/1145
f 3681/22/1 3693/377/1 3692/2188/1146 3680/2187/1146
f 3682/2189/1147 3694/2190/1147 3693/377/1 3681/22/1
f 3683/2191/1148 3695/2192/1148 3694/2190/1147 3682/2189/1147
f 3684/34/448 3696/389/448 3695/2192/1148 3683/2191/1148
f 3685/2193/1149 3697/2194/1149 3696/389/448 3684/34/448
f 3686/2195/1150 3698/2196/1150 3697/2194/1149 3685/2193/1149
f 3687/46/165 3699/400/165 3698/2196/1150 3686/2195/1150
f 3688/2197/1151 3700/2198/1151 3699/400/165 3687/46/165
f 3689/2184/1144 3701/2183/1144 3700/2198/1151 3688/2197/1151
f 3704/2173/446 3706/2174/446 3705/2175/446
f 3703/2176/446 3706/2174/446 3704/2173/446
f 3703/2176/446 3707/2177/446 3706/2174/446
f 3703/2176/446 3708/2178/446 3707/2177/446
f 3702/1/446 3708/2178/446 3703/2176/446
f 3713/2/446 3708/2178/446 3702/1/446
f 3713/2/446 3709/2179/446 3708/2178/446
f 3713/2/446 3710/2180/446 3709/2179/446
f 3712/2181/446 3710/2180/446 3713/2/446
f 3711/2182/446 3710/2180/446 3712/2181/446
f 3718/2174/449 3716/2173/449 3717/2175/449
f 3719/2177/449 3716/2173/449 3718/2174/449
f 3719/2177/449 3715/2176/449 3716/2173/449
f 3720/2178/449 3715/2176/449 3719/2177/449
f 3720/2178/449 3714/1/449 3715/2176/449
f 3721/2179/449 3714/1/449 3720/2178/449
f 3721/2179/449 3725/2/449 3714/1/449
f 3722/2180/449 3725/2/449 3721/2179/449
f 3722/2180/449 3724/2181/449 3725/2/449
f 3723/2182/449 3724/2181/449 3722/2180/449
f 3726/4/447 3738/3/447 3749/2183/1144 3737/2184/1144
f 3727/2185/1145 3739/2186/1145 3738/2/447 3726/1/447
f 3728/2187/1146 3740/2188/1146 3739/2186/1145 3727/2185/1145
f 3729/22/1 3741/377/1 3740/2188/1146 3728/2187/1146
f 3730/2189/1147 3742/2190/1147 3741/377/1 3729/22/1
f 3731/2191/1148 3743/2192/1148 3742/2190/1147 3730/2189/1147
f 3732/34/448 3744/389/448 3743/2192/1148 3731/2191/1148
f 3733/2193/1149 3745/2194/1149 3744/389/448 3732/34/448
f 3734/2195/1150 3746/2196/1150 3745/2194/1149 3733/2193/1149
f 3735/46/165 3747/400/165 3746/2196/1150 3734/2195/1150
f 3736/2197/1151 3748/2198/1151 3747/400/165 3735/46/165
f 3737/2184/1144 3749/2183/1144 3748/2198/1151 3736/2197/1151
f 3772/2173/447 3774/2174/447 3773/2175/447
f 3771/2176/447 3774/2174/447 3772/2173/447
f 3771/2176/447 3775/2177/447 3774/2174/447
f 3770/1/447 3775/2177/447 3771/2176/447
f 3770/1/447 3776/2178/447 3775/2177/447
f 3781/2/447 3776/2178/447 3770/1/447
f 3781/2/447 3777/2179/447 3776/2178/447
f 3780/2181/447 3777/2179/447 3781/2/447
f 3780/2181/447 3778/2180/447 3777/2179/447
f 3779/2182/447 3778/2180/447 3780/2181/447
f 3786/2174/448 3784/2173/448 3785/2175/448
f 3786/2174/448 3783/2176/448 3784/2173/448
f 3787/2177/448 3783/2176/448 3786/2174/448
f 3787/2177/448 3782/1/448 3783/2176/448
f 3788/2178/448 3782/1/448 3787/2177/448
f 3788/2178/448 3793/2/448 3782/1/448
f 3789/2179/448 3793/2/448 3788/2178/448
f 3789/2179/448 3792/2181/448 3793/2/448
f 3790/2180/448 3792/2181/448 3789/2179/448
f 3790/2180/448 3791/2182/448 3792/2181/448
f 3794/4/449 3806/3/449 3817/2183/1154 3805/2184/1154
f 3795/2185/1155 3807/2186/1155 3806/2/449 3794/1/449
f 3796/2187/1156 3808/2188/1156 3807/2186/1155 3795/2185/1155
f 3797/22/1 3809/377/1 3808/2188/1156 3796/2187/1156
f 3798/2189/1157 3810/2190/1157 3809/377/1 3797/22/1
f 3799/2191/1158 3811/2192/1158 3810/2190/1157 3798/2189/1157
f 3800/34/446 3812/389/446 3811/2192/1158 3799/2191/1158
f 3801/2193/1159 3813/2194/1159 3812/389/446 3800/34/446
f 3802/2195/1160 3814/2196/1160 3813/2194/1159 3801/2193/1159
f 3803/46/165 3815/400/165 3814/2196/1160 3802/2195/1160
f 3804/2197/1161 3816/2198/1161 3815/400/165 3803/46/165
f 3805/2184/1154 3817/2183/1154 3816/2198/1161 3804/2197/1161
f 3820/2173/448 3822/2174/448 3821/2175/448
f 3820/2173/448 3823/2177/448 3822/2174/448
f 3819/2176/448 3823/2177/448 3820/2173/448
f 3819/2176/448 3824/2178/448 3823/2177/448
f 3818/1/448 3824/2178/448 3819/2176/448
f 3818/1/448 3825/2179/448 3824/2178/448
f 3829/2/448 3825/2179/448 3818/1/448
f 3829/2/448 3826/2180/448 3825/2179/448
f 3828/2181/448 3826/2180/448 3829/2/448
f 3828/2181/448 3827/2182/448 3826/2180/448
f 3834/2174/447 3832/2173/447 3833/2175/447
f 3835/2177/447 3832/2173/447 3834/2174/447
f 3835/2177/447 3831/2176/447 3832/2173/447
f 3836/2178/447 3831/2176/447 3835/2177/447
f 3836/2178/447 3830/1/447 3831/2176/447
f 3837/2179/447 3830/1/447 3836/2178/447
f 3837/2179/447 3841/2/447 3830/1/447
f 3838/2180/447 3841/2/447 3837/2179/447
f 3838/2180/447 3840/2181/447 3841/2/447
f 3839/2182/447 3840/2181/447 3838/2180/447
f 3842/4/446 3854/3/446 3865/2183/1159 3853/2184/1159
f 3843/2185/1158 3855/2186/1158 3854/2/446 3842/1/446
f 3844/2187/1157 3856/2188/1157 3855/2186/1158 3843/2185/1158
f 3845/22/1 3857/377/1 3856/2188/1157 3844/2187/1157
f 3846/2189/1156 3858/2190/1156 3857/377/1 3845/22/1
f 3847/2191/1155 3859/2192/1155 3858/2190/1156 3846/2189/1156
f 3848/34/449 3860/389/449 3859/2192/1155 3847/2191/1155
f 3849/2193/1154 3861/2194/1154 3860/389/449 3848/34/449
f 3850/2195/1161 3862/2196/1161 3861/2194/1154 3849/2193/1154
f 3851/46/165 3863/400/165 3862/2196/1161 3850/2195/1161
f 3852/2197/1160 3864/2198/1160 3863/400/165 3851/46/165
f 3853/2184/1159 3865/2183/1159 3864/2198/1160 3852/2197/1160
f 3868/2173/447 3870/2174/447 3869/2175/447
f 3867/2176/447 3870/2174/447 3868/2173/447
f 3867/2176/447 3871/2177/447 3870/2174/447
f 3866/1/447 3871/2177/447 3867/2176/447
f 3866/1/447 3872/2178/447 3871/2177/447
f 3877/2/447 3872/2178/447 3866/1/447
f 3877/2/447 3873/2179/447 3872/2178/447
f 3876/2181/447 3873/2179/447 3877/2/447
f 3876/2181/447 3874/2180/447 3873/2179/447
f 3875/2182/447 3874/2180/447 3876/2181/447
f 3882/2174/448 3880/2173/448 3881/2175/448
f 3883/2177/448 3880/2173/448 3882/2174/448
f 3883/2177/448 3879/2176/448 3880/2173/448
f 3883/2177/448 3878/1/448 3879/2176/448
f 3884/2178/448 3878/1/448 3883/2177/448
f 3884/2178/448 3889/2/448 3878/1/448
f 3885/2179/448 3889/2/448 3884/2178/448
f 3885/2179/448 3888/2181/448 3889/2/448
f 3886/2180/448 3888/2181/448 3885/2179/448
f 3886/2180/448 3887/2182/448 3888/2181/448
f 3890/4/449 3902/3/449 3913/2183/1154 3901/2184/1154
f 3891/2185/1155 3903/2186/1155 3902/2/449 3890/1/449
f 3892/2187/1156 3904/2188/1156 3903/2186/1155 3891/2185/1155
f 3893/22/1 3905/377/1 3904/2188/1156 3892/2187/1156
f 3894/2189/1157 3906/2190/1157 3905/377/1 3893/22/1
f 3895/2191/1158 3907/2192/1158 3906/2190/1157 3894/2189/1157
f 3896/34/446 3908/389/446 3907/2192/1158 3895/2191/1158
f 3897/2193/1159 3909/2194/1159 3908/389/446 3896/34/446
f 3898/2195/1160 3910/2196/1160 3909/2194/1159 3897/2193/1159
f 3899/46/165 3911/400/165 3910/2196/1160 3898/2195/1160
f 3900/2197/1161 3912/2198/1161 3911/400/165 3899/46/165
f 3901/2184/1154 3913/2183/1154 3912/2198/1161 3900/2197/1161
f 3916/2173/448 3918/2174/448 3917/2175/448
f 3916/2173/448 3919/2177/448 3918/2174/448
f 3915/2176/448 3919/2177/448 3916/2173/448
f 3915/2176/448 3920/2178/448 3919/2177/448
f 3914/1/448 3920/2178/448 3915/2176/448
f 3914/1/448 3921/2179/448 3920/2178/448
f 3925/2/448 3921/2179/448 3914/1/448
f 3925/2/448 3922/2180/448 3921/2179/448
f 3924/2181/448 3922/2180/448 3925/2/448
f 3924/2181/448 3923/2182/448 3922/2180/448
f 3930/2174/447 3928/2173/447 3929/2175/447
f 3931/2177/447 3928/2173/447 3930/2174/447
f 3931/2177/447 3927/2176/447 3928/2173/447
f 3932/2178/447 3927/2176/447 3931/2177/447
f 3932/2178/447 3926/1/447 3927/2176/447
f 3933/2179/447 3926/1/447 3932/2178/447
f 3933/2179/447 3937/2/447 3926/1/447
f 3934/2180/447 3937/2/447 3933/2179/447
f 3934/2180/447 3936/2181/447 3937/2/447
f 3935/2182/447 3936/2181/447 3934/2180/447
f 3938/4/446 3950/3/446 3961/2183/1159 3949/2184/1159
f 3939/2185/1158 3951/2186/1158 3950/2/446 3938/1/446
f 3940/2187/1157 3952/2188/1157 3951/2186/1158 3939/2185/1158
f 3941/22/1 3953/377/1 3952/2188/1157 3940/2187/1157
f 3942/2189/1156 3954/2190/1156 3953/377/1 3941/22/1
f 3943/2191/1155 3955/2192/1155 3954/2190/1156 3942/2189/1156
f 3944/34/449 3956/389/449 3955/2192/1155 3943/2191/1155
f 3945/2193/1154 3957/2194/1154 3956/389/449 3944/34/449
f 3946/2195/1161 3958/2196/1161 3957/2194/1154 3945/2193/1154
f 3947/46/165 3959/400/165 3958/2196/1161 3946/2195/1161
f 3948/2197/1160 3960/2198/1160 3959/400/165 3947/46/165
f 3949/2184/1159 3961/2183/1159 3960/2198/1160 3948/2197/1160
usemtl fine_grained_wood
f 1796/405/165 1786/406/165 1691/407/165 1699/408/165
f 1864/409/446 1863/410/446 1706/411/446 1707/412/446
f 1836/413/447 1846/414/447 1685/415/447 1686/416/447
f 1806/417/448 1796/405/448 1699/408/448 1700/418/448
f 1889/419/165 1891/420/165 1715/421/165 1712/422/165
f 1891/420/449 1890/423/449 1714/424/449 1715/421/449
f 1895/425/449 1892/426/449 1700/427/449 1699/428/449
f 1888/429/446 1889/430/446 1712/431/446 1709/432/446
f 1847/433/165 1836/413/165 1686/416/165 1694/434/165
f 1860/435/446 1857/436/446 1690/437/446 1689/438/446
f 1862/439/165 1864/409/165 1707/412/165 1703/440/165
f 1861/441/449 1862/442/449 1703/443/449 1701/444/449
f 1786/445/447 1807/446/447 1692/447/447 1691/448/447
f 1846/414/1 1826/449/1 1693/450/1 1685/415/1
f 1826/449/448 1847/451/448 1694/452/448 1693/450/448
f 1807/446/1 1806/417/1 1700/418/1 1692/447/1
f 1858/453/449 1859/454/449 1687/455/449 1688/456/449
f 1863/410/1 1861/441/1 1701/444/1 1706/411/1
f 1859/457/165 1860/435/165 1689/438/165 1687/458/165
f 1892/426/1 1893/459/1 1692/460/1 1700/427/1
f 1893/459/446 1894/461/446 1691/462/446 1692/460/446
f 1894/463/165 1895/425/165 1699/428/165 1691/464/165
f 1890/423/1 1888/429/1 1709/432/1 1714/424/1
f 1714/465/448 1709/432/448 1712/431/448 1715/466/448
f 1710/467/447 1713/468/447 1716/469/447 1711/470/447
f 1702/471/448 1705/472/448 1708/473/448 1704/474/448
f 1706/475/447 1701/444/447 1703/443/447 1707/476/447
f 1857/436/1 1858/453/1 1688/456/1 1690/437/1
f 1924/477/449 1921/478/449 1727/479/449 1729/480/449
f 1921/478/447 1927/481/447 1730/482/447 1727/479/447
f 1896/483/447 1901/484/447 1731/485/447 1725/486/447
f 1898/487/449 1896/483/449 1725/486/449 1728/488/449
f 1927/489/446 1923/490/446 1726/491/446 1730/492/446
f 1902/493/448 1898/487/448 1728/488/448 1732/494/448
f 1923/490/448 1924/477/448 1729/480/448 1726/491/448
f 1901/484/446 1902/495/446 1732/496/446 1731/485/446
f 1729/497/449 1727/498/449 1728/499/449 1725/500/449
f 1727/498/165 1730/501/165 1732/502/165 1728/499/165
f 1730/503/446 1726/504/446 1731/505/446 1732/506/446
f 1726/504/1 1729/497/1 1725/500/1 1731/505/1
f 1743/507/446 1744/508/446 1738/509/446 1734/510/446
f 1908/511/447 1740/512/447 1736/513/447 1905/514/447
f 1739/515/165 1737/516/165 1736/517/165 1740/518/165
f 1915/519/449 1735/520/449 1742/521/449 1913/522/449
f 1905/514/446 1736/513/446 1745/523/446 1911/524/446
f 1737/516/446 1747/525/446 1745/526/446 1736/517/446
f 1918/527/446 1743/528/446 1734/529/446 1917/530/446
f 1913/522/448 1742/521/448 1743/528/448 1918/527/448
f 1735/531/165 1734/532/165 1738/533/165 1733/534/165
f 1740/518/449 1748/535/449 1746/536/449 1739/515/449
f 1741/537/449 1742/538/449 1735/531/449 1733/534/449
f 1742/538/1 1741/537/1 1744/508/1 1743/507/1
f 1746/536/1 1748/535/1 1745/539/1 1747/540/1
f 1917/541/447 1734/542/447 1735/520/447 1915/519/447
f 1884/543/446 1760/544/446 1759/545/446 1881/546/446
f 1881/546/447 1759/545/447 1761/547/447 1887/548/447
f 1887/549/449 1761/550/449 1758/551/449 1883/552/449
f 1883/552/448 1758/551/448 1760/544/448 1884/543/448
f 1877/553/449 1762/554/449 1763/555/449 1878/556/449
f 1761/557/449 1763/558/449 1762/559/449 1758/560/449
f 1758/560/1 1762/559/1 1757/561/1 1760/562/1
f 1866/563/448 1871/564/448 1769/565/448 1770/566/448
f 1868/567/446 1866/563/446 1770/566/446 1775/568/446
f 1766/569/1 1765/570/1 1767/571/1 1764/572/1
f 1772/573/165 1771/574/165 1774/575/165 1773/576/165
f 1870/577/447 1868/567/447 1775/568/447 1776/578/447
f 1773/576/449 1774/575/449 1767/579/449 1765/580/449
f 1771/574/446 1772/573/446 1766/569/446 1764/572/446
f 1871/564/449 1870/581/449 1776/582/449 1769/565/449
f 1875/583/447 1874/584/447 1774/585/447 1771/586/447
f 1911/587/448 1745/588/448 1748/589/448 1907/590/448
f 1907/590/449 1748/589/449 1740/512/449 1908/511/449
f 1697/591/1 1695/592/1 1797/593/1 1816/594/1
f 1816/594/1 1797/593/1 1798/595/1 1815/596/1
f 1815/596/1 1798/595/1 1799/597/1 1814/598/1
f 1814/598/1 1799/597/1 1800/599/1 1813/600/1
f 1813/600/1 1800/599/1 1801/601/1 1812/602/1
f 1812/602/1 1801/601/1 1802/603/1 1811/604/1
f 1811/604/1 1802/603/1 1803/605/1 1810/606/1
f 1810/606/1 1803/605/1 1804/607/1 1809/608/1
f 1809/608/1 1804/607/1 1805/609/1 1808/610/1
f 1808/610/1 1805/609/1 1806/417/1 1807/446/1
f 1698/611/447 1697/591/447 1816/594/447 1777/612/447
f 1777/612/447 1816/594/447 1815/596/447 1778/613/447
f 1778/613/447 1815/596/447 1814/598/447 1779/614/447
f 1779/614/447 1814/598/447 1813/600/447 1780/615/447
f 1780/615/447 1813/600/447 1812/602/447 1781/616/447
f 1781/616/447 1812/602/447 1811/604/447 1782/617/447
f 1782/617/447 1811/604/447 1810/606/447 1783/618/447
f 1783/618/447 1810/606/447 1809/608/447 1784/619/447
f 1784/619/447 1809/608/447 1808/610/447 1785/620/447
f 1785/620/447 1808/610/447 1807/446/447 1786/445/447
f 1695/592/448 1696/621/448 1787/622/448 1797/593/448
f 1797/593/448 1787/622/448 1788/623/448 1798/595/448
f 1798/595/448 1788/623/448 1789/624/448 1799/597/448
f 1799/597/448 1789/624/448 1790/625/448 1800/599/448
f 1800/599/448 1790/625/448 1791/626/448 1801/601/448
f 1801/601/448 1791/626/448 1792/627/448 1802/603/448
f 1802/603/448 1792/627/448 1793/628/448 1803/605/448
f 1803/605/448 1793/628/448 1794/629/448 1804/607/448
f 1804/607/448 1794/629/448 1795/630/448 1805/609/448
f 1805/609/448 1795/630/448 1796/405/448 1806/417/448
f 1696/621/165 1698/631/165 1777/632/165 1787/622/165
f 1787/622/165 1777/632/165 1778/633/165 1788/623/165
f 1788/623/165 1778/633/165 1779/634/165 1789/624/165
f 1789/624/165 1779/634/165 1780/635/165 1790/625/165
f 1790/625/165 1780/635/165 1781/636/165 1791/626/165
f 1791/626/165 1781/636/165 1782/637/165 1792/627/165
f 1792/627/165 1782/637/165 1783/638/165 1793/628/165
f 1793/628/165 1783/638/165 1784/639/165 1794/629/165
f 1794/629/165 1784/639/165 1785/640/165 1795/630/165
f 1795/630/165 1785/640/165 1786/406/165 1796/405/165
f 1688/641/448 1687/642/448 1856/643/448 1817/644/448
f 1817/644/448 1856/643/448 1855/645/448 1818/646/448
f 1818/646/448 1855/645/448 1854/647/448 1819/648/448
f 1819/648/448 1854/647/448 1853/649/448 1820/650/448
f 1820/650/448 1853/649/448 1852/651/448 1821/652/448
f 1821/652/448 1852/651/448 1851/653/448 1822/654/448
f 1822/654/448 1851/653/448 1850/655/448 1823/656/448
f 1823/656/448 1850/655/448 1849/657/448 1824/658/448
f 1824/658/448 1849/657/448 1848/659/448 1825/660/448
f 1825/660/448 1848/659/448 1847/451/448 1826/449/448
f 1690/661/1 1688/641/1 1817/644/1 1837/662/1
f 1837/662/1 1817/644/1 1818/646/1 1838/663/1
f 1838/663/1 1818/646/1 1819/648/1 1839/664/1
f 1839/664/1 1819/648/1 1820/650/1 1840/665/1
f 1840/665/1 1820/650/1 1821/652/1 1841/666/1
f 1841/666/1 1821/652/1 1822/654/1 1842/667/1
f 1842/667/1 1822/654/1 1823/656/1 1843/668/1
f 1843/668/1 1823/656/1 1824/658/1 1844/669/1
f 1844/669/1 1824/658/1 1825/660/1 1845/670/1
f 1845/670/1 1825/660/1 1826/449/1 1846/414/1
f 1687/671/165 1689/672/165 1827/673/165 1856/674/165
f 1856/674/165 1827/673/165 1828/675/165 1855/676/165
f 1855/676/165 1828/675/165 1829/677/165 1854/678/165
f 1854/678/165 1829/677/165 1830/679/165 1853/680/165
f 1853/680/165 1830/679/165 1831/681/165 1852/682/165
f 1852/682/165 1831/681/165 1832/683/165 1851/684/165
f 1851/684/165 1832/683/165 1833/685/165 1850/686/165
f 1850/686/165 1833/685/165 1834/687/165 1849/688/165
f 1849/688/165 1834/687/165 1835/689/165 1848/690/165
f 1848/690/165 1835/689/165 1836/413/165 1847/433/165
f 1689/672/447 1690/661/447 1837/662/447 1827/673/447
f 1827/673/447 1837/662/447 1838/663/447 1828/675/447
f 1828/675/447 1838/663/447 1839/664/447 1829/677/447
f 1829/677/447 1839/664/447 1840/665/447 1830/679/447
f 1830/679/447 1840/665/447 1841/666/447 1831/681/447
f 1831/681/447 1841/666/447 1842/667/447 1832/683/447
f 1832/683/447 1842/667/447 1843/668/447 1833/685/447
f 1833/685/447 1843/668/447 1844/669/447 1834/687/447
f 1834/687/447 1844/669/447 1845/670/447 1835/689/447
f 1835/689/447 1845/670/447 1846/414/447 1836/413/447
f 1705/691/1 1702/471/1 1858/453/1 1857/436/1
f 1704/692/165 1708/693/165 1860/435/165 1859/457/165
f 1702/471/449 1704/474/449 1859/454/449 1858/453/449
f 1708/693/446 1705/691/446 1857/436/446 1860/435/446
f 1695/694/1 1697/695/1 1861/441/1 1863/410/1
f 1697/695/449 1698/696/449 1862/442/449 1861/441/449
f 1698/697/165 1696/698/165 1864/409/165 1862/439/165
f 1696/698/446 1695/694/446 1863/410/446 1864/409/446
f 1773/699/449 1765/700/449 1869/701/449 1872/702/449
f 1872/702/449 1869/701/449 1870/581/449 1871/564/449
f 1765/703/447 1766/704/447 1867/705/447 1869/706/447
f 1869/706/447 1867/705/447 1868/567/447 1870/577/447
f 1766/704/446 1772/707/446 1865/708/446 1867/705/446
f 1867/705/446 1865/708/446 1866/563/446 1868/567/446
f 1772/707/448 1773/699/448 1872/702/448 1865/708/448
f 1865/708/448 1872/702/448 1871/564/448 1866/563/448
f 1751/709/449 1876/710/449 1879/711/449 1753/712/449
f 1876/710/449 1877/553/449 1878/556/449 1879/711/449
f 1749/713/448 1882/714/448 1885/715/448 1752/716/448
f 1882/714/448 1883/552/448 1884/543/448 1885/715/448
f 1754/717/449 1886/718/449 1882/714/449 1749/713/449
f 1886/718/449 1887/549/449 1883/552/449 1882/714/449
f 1755/719/447 1880/720/447 1886/721/447 1754/722/447
f 1880/720/447 1881/546/447 1887/548/447 1886/721/447
f 1752/716/446 1885/715/446 1880/720/446 1755/719/446
f 1885/715/446 1884/543/446 1881/546/446 1880/720/446
f 1685/723/1 1693/724/1 1888/429/1 1890/423/1
f 1693/724/446 1694/725/446 1889/430/446 1888/429/446
f 1686/726/449 1685/723/449 1890/423/449 1891/420/449
f 1694/727/165 1686/726/165 1891/420/165 1889/419/165
f 1711/728/165 1716/729/165 1895/425/165 1894/463/165
f 1710/467/446 1711/470/446 1894/461/446 1893/459/446
f 1713/730/1 1710/467/1 1893/459/1 1892/426/1
f 1716/729/449 1713/730/449 1892/426/449 1895/425/449
f 1719/731/446 1721/732/446 1903/733/446 1900/734/446
f 1900/734/446 1903/733/446 1902/495/446 1901/484/446
f 1721/735/448 1724/736/448 1899/737/448 1903/738/448
f 1903/738/448 1899/737/448 1898/487/448 1902/493/448
f 1724/736/449 1717/739/449 1897/740/449 1899/737/449
f 1899/737/449 1897/740/449 1896/483/449 1898/487/449
f 1717/739/447 1719/731/447 1900/734/447 1897/740/447
f 1897/740/447 1900/734/447 1901/484/447 1896/483/447
f 1733/741/449 1906/742/449 1909/743/449 1741/744/449
f 1906/742/449 1907/590/449 1908/511/449 1909/743/449
f 1738/745/448 1910/746/448 1906/742/448 1733/741/448
f 1910/746/448 1911/587/448 1907/590/448 1906/742/448
f 1744/747/446 1904/748/446 1910/749/446 1738/750/446
f 1904/748/446 1905/514/446 1911/524/446 1910/749/446
f 1741/744/447 1909/743/447 1904/748/447 1744/747/447
f 1909/743/447 1908/511/447 1905/514/447 1904/748/447
f 1747/751/447 1916/752/447 1914/753/447 1746/754/447
f 1916/752/447 1917/541/447 1915/519/447 1914/753/447
f 1739/755/448 1912/756/448 1919/757/448 1737/758/448
f 1912/756/448 1913/522/448 1918/527/448 1919/757/448
f 1737/758/446 1919/757/446 1916/759/446 1747/760/446
f 1919/757/446 1918/527/446 1917/530/446 1916/759/446
f 1746/754/449 1914/753/449 1912/756/449 1739/755/449
f 1914/753/449 1915/519/449 1913/522/449 1912/756/449
f 1718/761/448 1720/762/448 1925/763/448 1922/764/448
f 1922/764/448 1925/763/448 1924/477/448 1923/490/448
f 1722/765/446 1718/761/446 1922/764/446 1926/766/446
f 1926/766/446 1922/764/446 1923/490/446 1927/489/446
f 1723/767/447 1722/768/447 1926/769/447 1920/770/447
f 1920/770/447 1926/769/447 1927/481/447 1921/478/447
f 1720/762/449 1723/767/449 1920/770/449 1925/763/449
f 1925/763/449 1920/770/449 1921/478/449 1924/477/449
usemtl fabric_pattern_07
f 2165/771/450 2110/772/451 2047/773/452 2127/774/453
f 2080/775/454 2163/776/455 2162/777/456 2079/778/457
f 2135/779/458 2059/780/459 2090/781/460 2194/782/461
f 2123/783/462 1947/784/463 1971/785/464 2105/786/465
f 2185/787/466 2107/788/467 2081/789/468 2161/790/469
f 2127/774/453 2047/773/452 2086/791/470 2187/792/471
f 2196/793/472 2089/794/473 2060/795/474 2133/796/475
f 2077/797/476 1950/798/477 2202/799/478 2004/800/479
f 2139/801/480 2063/802/481 2093/803/482 2181/804/483
f 2181/804/483 2093/803/482 2043/805/484 2155/806/485
f 2171/807/486 2117/808/487 2063/802/481 2139/801/480
f 1935/809/488 1983/810/489 1984/811/490 1944/812/491
f 1931/813/492 1973/814/493 2036/815/494 1990/816/495
f 2150/817/496 2101/818/497 2100/819/498 2149/820/499
f 2155/806/485 2043/805/484 2085/821/500 2189/822/501
f 1967/823/502 1930/824/503 1931/813/492 1968/825/504
f 2193/826/505 2143/827/506 2102/828/507 2148/829/508
f 2146/830/509 2055/831/510 2089/794/473 2196/793/472
f 1974/832/511 2184/833/512 2113/834/513 2201/835/514
f 1932/836/515 1981/837/516 1982/838/517 1934/839/518
f 2206/840/519 1950/798/477 2077/797/476 2021/841/520
f 2028/842/521 2023/843/522 2000/844/523 2004/800/479
f 1961/845/524 1941/846/525 1998/847/526 2019/848/527
f 1967/823/502 2178/849/528 2108/850/529 1930/824/503
f 1963/851/530 1942/852/531 2012/853/532 2038/854/533
f 2019/848/527 1998/847/526 1946/855/534 1969/856/535
f 2036/815/494 2034/857/536 1987/858/537 1990/816/495
f 2038/854/533 2012/853/532 1941/846/525 1961/845/524
f 2074/859/538 2072/860/539 1993/861/540 1996/862/541
f 2076/863/542 2078/864/543 2022/865/544 2017/866/545
f 1955/867/546 1937/868/547 2002/869/548 2025/870/549
f 2027/871/550 2023/843/522 1987/858/537 1988/872/551
f 1957/873/552 1938/874/553 2014/875/554 2041/876/555
f 2025/870/549 2002/869/548 1951/877/556 1978/878/557
f 2076/863/542 2075/879/558 2000/844/523 2003/880/559
f 2041/876/555 2014/875/554 1937/868/547 1955/867/546
f 2056/881/560 2058/882/561 2008/883/562 2010/884/563
f 2071/885/564 2073/886/565 1999/887/566 1995/888/567
f 2207/889/568 1949/890/569 1950/798/477 2206/840/519
f 2068/891/570 2067/892/571 1993/861/540 1995/888/567
f 1951/877/556 2006/893/572 2031/894/573 1978/878/557
f 1949/890/569 2176/895/574 2114/896/575 2203/897/576
f 1980/898/577 2030/899/578 2005/900/579 1952/901/580
f 2031/894/573 2006/893/572 1942/852/531 1963/851/530
f 1985/902/581 2192/903/582 2107/788/467 1932/836/515
f 2005/900/579 2030/899/578 1965/904/583 1943/905/584
f 1953/906/585 2177/907/586 2115/908/587 2205/909/588
f 2033/910/589 2034/857/536 2008/883/562 2009/911/590
f 2027/871/550 2029/912/591 2007/913/592 2003/880/559
f 2057/914/593 2055/831/510 2015/915/594 2009/911/590
f 1960/916/595 2018/917/596 1997/918/597 1940/919/598
f 2033/910/589 2035/920/599 1992/921/600 1988/872/551
f 1954/922/601 2024/923/602 2001/924/603 1936/925/604
f 1997/918/597 2018/917/596 1971/785/464 1947/784/463
f 1943/905/584 1965/904/583 2037/926/605 2011/927/606
f 2001/924/603 2024/923/602 1980/898/577 1952/901/580
f 2011/927/606 2037/926/605 1960/916/595 1940/919/598
f 2169/928/607 2118/929/608 2059/780/459 2135/779/458
f 2131/930/609 2052/931/610 2110/772/451 2165/771/450
f 2064/932/611 2118/929/608 2169/928/607 2137/933/612
f 2172/934/613 2171/807/486 2139/801/480 2140/935/614
f 2146/830/509 2212/936/615 2015/915/594 2055/831/510
f 2044/937/616 2094/938/617 2179/939/618 2153/940/619
f 2166/941/620 2165/771/450 2127/774/453 2128/942/621
f 2048/943/622 2109/944/623 2167/945/624 2125/946/625
f 2182/947/626 2181/804/483 2155/806/485 2156/948/627
f 2157/949/628 2098/950/629 2097/951/82 2152/952/84
f 2083/953/630 2159/954/631 2183/955/632 2108/850/529
f 3151/956/633 3154/957/634 2105/786/465 1971/785/464
f 2160/958/635 2184/833/512 2123/783/462 2105/786/465
f 2170/959/636 2169/928/607 2135/779/458 2136/960/637
f 2060/795/474 2117/808/487 2171/807/486 2133/796/475
f 1944/812/491 1984/811/490 2074/859/538 1996/862/541
f 2147/961/638 2213/962/639 2212/936/615 2146/830/509
f 2080/775/454 2173/963/640 2191/964/641 2106/965/642
f 1945/966/643 2175/967/644 2121/968/645 2209/969/646
f 2174/970/647 3156/971/648 2124/972/649 2081/789/468
f 1966/973/650 2204/974/651 2007/913/592 2029/912/591
f 2210/975/652 2144/976/653 2056/881/560 2010/884/563
f 2208/977/654 1986/978/655 2073/886/565 2022/865/544
f 3151/956/633 1971/785/464 2018/917/596 3152/979/656
f 2077/797/476 2075/879/558 2016/980/657 2021/841/520
f 1969/856/535 1970/981/1 2020/982/177 2019/848/527
f 3152/979/656 2018/917/596 1960/916/595 1929/983/658
f 1983/810/489 2191/964/641 2116/984/659 2207/889/568
f 2019/848/527 2020/982/177 1962/985/179 1961/845/524
f 2211/986/660 2145/987/661 2144/976/653 2210/975/652
f 2147/961/638 1947/784/463 2123/783/462 2213/962/639
f 1933/988/662 1980/898/577 2024/923/602 1989/989/663
f 2071/885/564 2072/860/539 2016/980/657 2017/866/545
f 1978/878/557 1979/990/664 2026/991/665 2025/870/549
f 1989/989/663 2024/923/602 1954/922/601 1928/992/666
f 1972/993/667 2183/955/632 2122/994/668 2211/986/660
f 2025/870/549 2026/991/665 1956/995/669 1955/867/546
f 2073/886/565 2071/885/564 2017/866/545 2022/865/544
f 2207/889/568 2116/984/659 2176/895/574 1949/890/569
f 3150/996/670 1965/904/583 2030/899/578 1991/997/671
f 2213/962/639 1974/832/511 1975/998/672 2212/936/615
f 1963/851/530 1964/999/211 2032/1000/241 2031/894/573
f 1991/997/671 2030/899/578 1980/898/577 1933/988/662
f 2211/986/660 2122/994/668 1946/855/534 2145/987/661
f 2031/894/573 2032/1000/241 1979/990/664 1978/878/557
f 2072/860/539 2074/859/538 2021/841/520 2016/980/657
f 2209/969/646 2121/968/645 2192/903/582 1985/902/581
f 2213/962/639 2123/783/462 2184/833/512 1974/832/511
f 1976/1001/673 2186/1002/674 2106/965/642 1935/809/488
f 2075/879/558 2076/863/542 2017/866/545 2016/980/657
f 2202/799/478 1968/825/504 2028/842/521 2004/800/479
f 1960/916/595 2037/926/605 1994/1003/675 1929/983/658
f 1945/966/643 2209/969/646 2208/977/654 1948/1004/676
f 1962/985/179 2039/1005/209 2038/854/533 1961/845/524
f 1994/1003/675 2037/926/605 1965/904/583 3150/996/670
f 1954/922/601 2040/1006/677 3153/1007/678 1928/992/666
f 2038/854/533 2039/1005/209 1964/999/211 1963/851/530
f 1956/995/669 2042/1008/679 2041/876/555 1955/867/546
f 3153/1007/678 2040/1006/677 1959/1009/680 3149/1010/681
f 1939/1011/682 1959/1009/680 2040/1006/677 2013/1012/683
f 2041/876/555 2042/1008/679 1958/1013/684 1957/873/552
f 2013/1012/683 2040/1006/677 1954/922/601 1936/925/604
f 2132/1014/685 2131/930/609 2165/771/450 2166/941/620
f 2128/942/621 2127/774/453 2187/792/471 2188/1015/686
f 2126/1016/687 2125/946/625 2167/945/624 2168/1017/688
f 2168/1017/688 2167/945/624 2129/1018/689 2130/1019/690
f 2138/1020/691 2137/933/612 2169/928/607 2170/959/636
f 2136/960/637 2135/779/458 2194/782/461 2195/1021/692
f 2134/1022/693 2133/796/475 2171/807/486 2172/934/613
f 2140/935/614 2139/801/480 2181/804/483 2182/947/626
f 1973/814/493 2210/975/652 2010/884/563 2036/815/494
f 2176/895/574 2150/817/496 2098/950/629 2114/896/575
f 2148/829/508 2175/967/644 2115/908/587 2099/1023/694
f 2147/961/638 2146/830/509 2196/793/472 2197/1024/695
f 2157/949/628 2083/953/630 2108/850/529 2178/849/528
f 2173/963/640 2101/818/497 2116/984/659 2191/964/641
f 2163/776/455 2080/775/454 2106/965/642 2186/1002/674
f 2159/954/631 2104/1025/696 2122/994/668 2183/955/632
f 2154/1026/697 2153/940/619 2179/939/618 2180/1027/698
f 2180/1027/698 2179/939/618 2137/933/612 2138/1020/691
f 2083/953/630 2157/949/628 2152/952/84 2082/1028/114
f 2156/948/627 2155/806/485 2189/822/501 2190/1029/699
f 2200/1030/700 1966/973/650 2029/912/591 1992/921/600
f 2104/1025/696 1969/856/535 1946/855/534 2122/994/668
f 2187/792/471 2086/791/470 2044/937/616 2153/940/619
f 2204/974/651 1948/1004/676 2078/864/543 2007/913/592
f 2167/945/624 2109/944/623 2051/1031/701 2129/1018/689
f 2188/1015/686 2187/792/471 2153/940/619 2154/1026/697
f 1953/906/585 2205/909/588 2204/974/651 1966/973/650
f 2190/1029/699 2189/822/501 2125/946/625 2126/1016/687
f 1977/1032/702 1944/812/491 1996/862/541 2069/1033/703
f 2212/936/615 1975/998/672 2035/920/599 2015/915/594
f 1984/811/490 2206/840/519 2021/841/520 2074/859/538
f 2101/818/497 2150/817/496 2176/895/574 2116/984/659
f 2179/939/618 2094/938/617 2064/932/611 2137/933/612
f 2195/1021/692 2194/782/461 2144/976/653 2145/987/661
f 1969/856/535 2104/1025/696 2103/1034/146 1970/981/1
f 2197/1024/695 2196/793/472 2133/796/475 2134/1022/693
f 2194/782/461 2090/781/460 2056/881/560 2144/976/653
f 1948/1004/676 2208/977/654 2022/865/544 2078/864/543
f 2098/950/629 2150/817/496 2149/820/499 2097/951/82
f 2098/950/629 2157/949/628 2178/849/528 2114/896/575
f 2132/1014/685 2166/941/620 2014/875/554 1938/874/553
f 2048/943/622 2085/821/500 2087/1035/704 2050/1036/705
f 2050/1036/705 2087/1035/704 2088/1037/706 2049/1038/707
f 2049/1038/707 2088/1037/706 2086/791/470 2047/773/452
f 2044/937/616 2086/791/470 2088/1037/706 2046/1039/708
f 2046/1039/708 2088/1037/706 2087/1035/704 2045/1040/709
f 2045/1040/709 2087/1035/704 2085/821/500 2043/805/484
f 2060/795/474 2089/794/473 2091/1041/710 2062/1042/711
f 2062/1042/711 2091/1041/710 2092/1043/712 2061/1044/713
f 2061/1044/713 2092/1043/712 2090/781/460 2059/780/459
f 2056/881/560 2090/781/460 2092/1043/712 2058/882/561
f 2058/882/561 2092/1043/712 2091/1041/710 2057/914/593
f 2057/914/593 2091/1041/710 2089/794/473 2055/831/510
f 2043/805/484 2093/803/482 2095/1045/714 2045/1040/709
f 2045/1040/709 2095/1045/714 2096/1046/715 2046/1039/708
f 2046/1039/708 2096/1046/715 2094/938/617 2044/937/616
f 2064/932/611 2094/938/617 2096/1046/715 2066/1047/716
f 2066/1047/716 2096/1046/715 2095/1045/714 2065/1048/717
f 2065/1048/717 2095/1045/714 2093/803/482 2063/802/481
f 3154/957/634 2198/1049/718 2160/958/635 2105/786/465
f 1930/824/503 1972/993/667 1973/814/493 1931/813/492
f 2143/827/506 3156/971/648 2174/970/647 2102/828/507
f 2160/958/635 2198/1049/718 2141/1050/719 2084/1051/720
f 3155/1052/721 2142/1053/722 2099/1023/694 2151/1054/723
f 2142/1053/722 2193/826/505 2148/829/508 2099/1023/694
f 1972/993/667 2211/986/660 2210/975/652 1973/814/493
f 1983/810/489 2207/889/568 2206/840/519 1984/811/490
f 1949/890/569 2203/897/576 2202/799/478 1950/798/477
f 2028/842/521 1968/825/504 1931/813/492 1990/816/495
f 2121/968/645 2175/967/644 2148/829/508 2102/828/507
f 2073/886/565 1986/978/655 1934/839/518 1999/887/566
f 2164/1055/724 2173/963/640 2080/775/454 2079/778/457
f 2158/1056/116 2159/954/631 2083/953/630 2082/1028/114
f 2107/788/467 2192/903/582 2174/970/647 2081/789/468
f 2203/897/576 1967/823/502 1968/825/504 2202/799/478
f 1985/902/581 1932/836/515 1934/839/518 1986/978/655
f 1974/832/511 2201/835/514 2200/1030/700 1975/998/672
f 2051/1031/701 2109/944/623 2111/1057/725 2053/1058/726
f 2053/1058/726 2111/1057/725 2112/1059/727 2054/1060/728
f 2054/1060/728 2112/1059/727 2110/772/451 2052/931/610
f 2047/773/452 2110/772/451 2112/1059/727 2049/1038/707
f 2049/1038/707 2112/1059/727 2111/1057/725 2050/1036/705
f 2050/1036/705 2111/1057/725 2109/944/623 2048/943/622
f 2205/909/588 1945/966/643 1948/1004/676 2204/974/651
f 2113/834/513 2184/833/512 2160/958/635 2084/1051/720
f 2201/835/514 1953/906/585 1966/973/650 2200/1030/700
f 2101/818/497 2173/963/640 2164/1055/724 2100/819/498
f 2035/920/599 1975/998/672 2200/1030/700 1992/921/600
f 2104/1025/696 2159/954/631 2158/1056/116 2103/1034/146
f 2063/802/481 2117/808/487 2119/1061/729 2065/1048/717
f 2065/1048/717 2119/1061/729 2120/1062/730 2066/1047/716
f 2066/1047/716 2120/1062/730 2118/929/608 2064/932/611
f 2059/780/459 2118/929/608 2120/1062/730 2061/1044/713
f 2061/1044/713 2120/1062/730 2119/1061/729 2062/1042/711
f 2062/1042/711 2119/1061/729 2117/808/487 2060/795/474
f 2177/907/586 2113/834/513 2084/1051/720 2151/1054/723
f 2115/908/587 2177/907/586 2151/1054/723 2099/1023/694
f 2174/970/647 2192/903/582 2121/968/645 2102/828/507
f 1976/1001/673 1935/809/488 1944/812/491 1977/1032/702
f 2141/1050/719 3155/1052/721 2151/1054/723 2084/1051/720
f 2124/972/649 2199/1063/731 2161/790/469 2081/789/468
f 2166/941/620 2128/942/621 1937/868/547 2014/875/554
f 2126/1016/687 2168/1017/688 2013/1012/683 1936/925/604
f 2168/1017/688 2130/1019/690 1939/1011/682 2013/1012/683
f 2138/1020/691 2170/959/636 2012/853/532 1942/852/531
f 2170/959/636 2136/960/637 1941/846/525 2012/853/532
f 2134/1022/693 2172/934/613 2011/927/606 1940/919/598
f 2172/934/613 2140/935/614 1943/905/584 2011/927/606
f 1934/839/518 1982/838/517 2070/1064/732 1999/887/566
f 1930/824/503 2108/850/529 2183/955/632 1972/993/667
f 2203/897/576 2114/896/575 2178/849/528 1967/823/502
f 2209/969/646 1985/902/581 1986/978/655 2208/977/654
f 2072/860/539 2071/885/564 1995/888/567 1993/861/540
f 2023/843/522 2028/842/521 1990/816/495 1987/858/537
f 1935/809/488 2106/965/642 2191/964/641 1983/810/489
f 2070/1064/732 2068/891/570 1995/888/567 1999/887/566
f 2154/1026/697 2180/1027/698 2006/893/572 1951/877/556
f 2180/1027/698 2138/1020/691 1942/852/531 2006/893/572
f 2140/935/614 2182/947/626 2005/900/579 1943/905/584
f 2182/947/626 2156/948/627 1952/901/580 2005/900/579
f 2075/879/558 2077/797/476 2004/800/479 2000/844/523
f 2029/912/591 2027/871/550 1988/872/551 1992/921/600
f 2067/892/571 2069/1033/703 1996/862/541 1993/861/540
f 2058/882/561 2057/914/593 2009/911/590 2008/883/562
f 2128/942/621 2188/1015/686 2002/869/548 1937/868/547
f 2188/1015/686 2154/1026/697 1951/877/556 2002/869/548
f 2156/948/627 2190/1029/699 2001/924/603 1952/901/580
f 2190/1029/699 2126/1016/687 1936/925/604 2001/924/603
f 2034/857/536 2033/910/589 1988/872/551 1987/858/537
f 2035/920/599 2033/910/589 2009/911/590 2015/915/594
f 2034/857/536 2036/815/494 2010/884/563 2008/883/562
f 1932/836/515 2107/788/467 2185/787/466 1981/837/516
f 2136/960/637 2195/1021/692 1998/847/526 1941/846/525
f 2195/1021/692 2145/987/661 1946/855/534 1998/847/526
f 2147/961/638 2197/1024/695 1997/918/597 1947/784/463
f 2197/1024/695 2134/1022/693 1940/919/598 1997/918/597
f 2201/835/514 2113/834/513 2177/907/586 1953/906/585
f 2023/843/522 2027/871/550 2003/880/559 2000/844/523
f 2078/864/543 2076/863/542 2003/880/559 2007/913/592
f 2205/909/588 2115/908/587 2175/967/644 1945/966/643
f 2189/822/501 2085/821/500 2048/943/622 2125/946/625
f 2441/1065/450 2390/1066/451 2327/1067/452 2406/1068/453
f 2360/1069/454 2439/1070/455 2438/1071/456 2359/1072/457
f 2414/1073/733 2339/1074/459 2370/1075/460 2469/1076/461
f 2403/1077/462 2230/1078/463 2254/1079/464 2385/1080/465
f 2461/1081/734 2387/1082/735 2361/1083/736 2437/1084/469
f 2406/1068/453 2327/1067/452 2366/1085/470 2463/1086/471
f 2471/1087/472 2369/1088/473 2340/1089/474 2412/1090/737
f 2357/1091/476 2233/1092/477 2475/1093/478 2284/1094/479
f 2418/1095/480 2343/1096/481 2373/1097/482 2457/1098/483
f 2457/1098/483 2373/1097/482 2323/1099/484 2431/1100/485
f 2447/1101/486 2397/1102/487 2343/1096/481 2418/1095/480
f 2218/1103/488 2266/1104/489 2267/1105/490 2227/1106/491
f 2215/1107/492 2256/1108/738 2316/1109/494 2272/1110/495
f 2426/1111/496 2381/1112/497 2380/1113/498 2425/1114/499
f 2431/1100/485 2323/1099/484 2365/1115/500 2465/1116/739
f 2250/1117/502 2214/1118/503 2215/1107/492 2251/1119/504
f 2149/820/499 2100/819/498 2382/1120/740 2424/1121/508
f 2422/1122/509 2335/1123/510 2369/1088/473 2471/1087/472
f 2257/1124/511 2460/1125/512 2393/1126/513 2474/1127/741
f 2216/1128/742 2264/1129/743 2265/1130/517 2217/1131/744
f 2479/1132/519 2233/1092/477 2357/1091/476 2301/1133/520
f 2308/1134/521 2303/1135/522 2280/1136/523 2284/1094/479
f 2244/1137/524 2224/1138/525 2278/1139/526 2299/1140/527
f 2250/1117/502 2454/1141/528 2388/1142/529 2214/1118/503
f 2246/1143/530 2225/1144/531 2292/1145/532 2318/1146/533
f 2299/1140/527 2278/1139/526 2229/1147/534 2252/1148/535
f 2316/1109/494 2314/1149/536 2270/1150/537 2272/1110/495
f 2318/1146/533 2292/1145/532 2224/1138/525 2244/1137/524
f 2354/1151/538 2352/1152/539 2274/1153/540 2276/1154/541
f 2356/1155/542 2358/1156/543 2302/1157/544 2297/1158/545
f 2238/1159/546 2220/1160/547 2282/1161/548 2305/1162/549
f 2307/1163/550 2303/1135/522 2270/1150/537 2271/1164/551
f 2240/1165/552 2221/1166/553 2294/1167/554 2321/1168/555
f 2305/1162/549 2282/1161/548 2234/1169/556 2261/1170/557
f 2356/1155/542 2355/1171/558 2280/1136/523 2283/1172/559
f 2321/1168/555 2294/1167/554 2220/1160/547 2238/1159/546
f 2336/1173/560 2338/1174/561 2288/1175/562 2290/1176/563
f 2351/1177/564 2353/1178/565 2279/1179/566 2275/1180/567
f 2480/1181/568 2232/1182/745 2233/1092/477 2479/1132/519
f 2348/1183/570 2347/1184/571 2274/1153/540 2275/1180/567
f 2234/1169/556 2286/1185/572 2311/1186/573 2261/1170/557
f 2232/1182/745 2452/1187/574 2394/1188/575 2476/1189/576
f 2263/1190/577 2310/1191/578 2285/1192/579 2235/1193/580
f 2311/1186/573 2286/1185/572 2225/1144/531 2246/1143/530
f 2268/1194/746 2468/1195/747 2387/1082/735 2216/1128/742
f 2285/1192/579 2310/1191/578 2248/1196/583 2226/1197/584
f 2236/1198/585 2453/1199/586 2395/1200/587 2478/1201/588
f 2313/1202/589 2314/1149/536 2288/1175/562 2289/1203/590
f 2307/1163/550 2309/1204/591 2287/1205/592 2283/1172/559
f 2337/1206/593 2335/1123/510 2295/1207/594 2289/1203/590
f 2243/1208/595 2298/1209/596 2277/1210/597 2223/1211/598
f 2313/1202/589 2315/1212/599 2273/1213/600 2271/1164/551
f 2237/1214/748 2304/1215/749 2281/1216/750 2219/1217/751
f 2277/1210/597 2298/1209/596 2254/1079/464 2230/1078/463
f 2226/1197/584 2248/1196/583 2317/1218/605 2291/1219/606
f 2281/1216/750 2304/1215/749 2263/1190/577 2235/1193/580
f 2291/1219/606 2317/1218/605 2243/1208/595 2223/1211/598
f 2445/1220/607 2398/1221/608 2339/1074/459 2414/1073/733
f 2410/1222/609 2332/1223/610 2390/1066/451 2441/1065/450
f 2344/1224/611 2398/1221/608 2445/1220/607 2416/1225/612
f 2448/1226/752 2447/1101/486 2418/1095/480 2419/1227/614
f 2422/1122/509 2485/1228/615 2295/1207/594 2335/1123/510
f 2324/1229/616 2374/1230/617 2455/1231/618 2429/1232/619
f 2442/1233/620 2441/1065/450 2406/1068/453 2407/1234/621
f 2328/1235/622 2389/1236/623 2443/1237/753 2404/1238/754
f 2458/1239/626 2457/1098/483 2431/1100/485 2432/1240/627
f 2433/1241/628 2378/1242/629 2377/1243/82 2428/1244/84
f 2363/1245/630 2435/1246/631 2459/1247/632 2388/1142/529
f 1970/981/1 2103/1034/146 2385/1080/465 2254/1079/464
f 2436/1248/635 2460/1125/512 2403/1077/462 2385/1080/465
f 2446/1249/636 2445/1220/607 2414/1073/733 2415/1250/637
f 2340/1089/474 2397/1102/487 2447/1101/486 2412/1090/737
f 2227/1106/491 2267/1105/490 2354/1151/538 2276/1154/541
f 2423/1251/638 2486/1252/639 2485/1228/615 2422/1122/509
f 2360/1069/454 2449/1253/640 2467/1254/641 2386/1255/642
f 2228/1256/755 2451/1257/644 2401/1258/756 2482/1259/757
f 2450/1260/758 2164/1055/724 2079/778/457 2361/1083/736
f 2249/1261/650 2477/1262/651 2287/1205/592 2309/1204/591
f 2483/1263/652 2420/1264/653 2336/1173/560 2290/1176/563
f 2481/1265/759 2269/1266/760 2353/1178/565 2302/1157/544
f 1970/981/1 2254/1079/464 2298/1209/596 2020/982/177
f 2357/1091/476 2355/1171/558 2296/1267/657 2301/1133/520
f 2252/1148/535 2253/1268/1 2300/1269/177 2299/1140/527
f 2020/982/177 2298/1209/596 2243/1208/595 1962/985/179
f 2266/1104/489 2467/1254/641 2396/1270/659 2480/1181/568
f 2299/1140/527 2300/1269/177 2245/1271/179 2244/1137/524
f 2484/1272/660 2421/1273/661 2420/1264/653 2483/1263/652
f 2423/1251/638 2230/1078/463 2403/1077/462 2486/1252/639
f 1979/990/664 2263/1190/577 2304/1215/749 2026/991/665
f 2351/1177/564 2352/1152/539 2296/1267/657 2297/1158/545
f 2261/1170/557 2262/1274/664 2306/1275/665 2305/1162/549
f 2026/991/665 2304/1215/749 2237/1214/748 1956/995/669
f 2255/1276/667 2459/1247/632 2402/1277/668 2484/1272/660
f 2305/1162/549 2306/1275/665 2239/1278/669 2238/1159/546
f 2353/1178/565 2351/1177/564 2297/1158/545 2302/1157/544
f 2480/1181/568 2396/1270/659 2452/1187/574 2232/1182/745
f 1964/999/211 2248/1196/583 2310/1191/578 2032/1000/241
f 2486/1252/639 2257/1124/511 2258/1279/672 2485/1228/615
f 2246/1143/530 2247/1280/211 2312/1281/241 2311/1186/573
f 2032/1000/241 2310/1191/578 2263/1190/577 1979/990/664
f 2484/1272/660 2402/1277/668 2229/1147/534 2421/1273/661
f 2311/1186/573 2312/1281/241 2262/1274/664 2261/1170/557
f 2352/1152/539 2354/1151/538 2301/1133/520 2296/1267/657
f 2482/1259/757 2401/1258/756 2468/1195/747 2268/1194/746
f 2486/1252/639 2403/1077/462 2460/1125/512 2257/1124/511
f 2259/1282/673 2462/1283/674 2386/1255/642 2218/1103/488
f 2355/1171/558 2356/1155/542 2297/1158/545 2296/1267/657
f 2475/1093/478 2251/1119/504 2308/1134/521 2284/1094/479
f 2243/1208/595 2317/1218/605 2039/1005/209 1962/985/179
f 2228/1256/755 2482/1259/757 2481/1265/759 2231/1284/676
f 2245/1271/179 2319/1285/209 2318/1146/533 2244/1137/524
f 2039/1005/209 2317/1218/605 2248/1196/583 1964/999/211
f 2237/1214/748 2320/1286/761 2042/1008/679 1956/995/669
f 2318/1146/533 2319/1285/209 2247/1280/211 2246/1143/530
f 2239/1278/669 2322/1287/679 2321/1168/555 2238/1159/546
f 2042/1008/679 2320/1286/761 2242/1288/680 1958/1013/684
f 2222/1289/762 2242/1288/680 2320/1286/761 2293/1290/763
f 2321/1168/555 2322/1287/679 2241/1291/684 2240/1165/552
f 2293/1290/763 2320/1286/761 2237/1214/748 2219/1217/751
f 2411/1292/685 2410/1222/609 2441/1065/450 2442/1233/620
f 2407/1234/621 2406/1068/453 2463/1086/471 2464/1293/686
f 2405/1294/764 2404/1238/754 2443/1237/753 2444/1295/765
f 2444/1295/765 2443/1237/753 2408/1296/689 2409/1297/766
f 2417/1298/691 2416/1225/612 2445/1220/607 2446/1249/636
f 2415/1250/637 2414/1073/733 2469/1076/461 2470/1299/692
f 2413/1300/693 2412/1090/737 2447/1101/486 2448/1226/752
f 2419/1227/614 2418/1095/480 2457/1098/483 2458/1239/626
f 2256/1108/738 2483/1263/652 2290/1176/563 2316/1109/494
f 2452/1187/574 2426/1111/496 2378/1242/629 2394/1188/575
f 2424/1121/508 2451/1257/644 2395/1200/587 2379/1301/694
f 2423/1251/638 2422/1122/509 2471/1087/472 2472/1302/695
f 2433/1241/628 2363/1245/630 2388/1142/529 2454/1141/528
f 2449/1253/640 2381/1112/497 2396/1270/659 2467/1254/641
f 2439/1070/455 2360/1069/454 2386/1255/642 2462/1283/674
f 2435/1246/631 2384/1303/696 2402/1277/668 2459/1247/632
f 2430/1304/767 2429/1232/619 2455/1231/618 2456/1305/698
f 2456/1305/698 2455/1231/618 2416/1225/612 2417/1298/691
f 2363/1245/630 2433/1241/628 2428/1244/84 2362/1306/114
f 2432/1240/627 2431/1100/485 2465/1116/739 2466/1307/768
f 2473/1308/700 2249/1261/650 2309/1204/591 2273/1213/600
f 2384/1303/696 2252/1148/535 2229/1147/534 2402/1277/668
f 2463/1086/471 2366/1085/470 2324/1229/616 2429/1232/619
f 2477/1262/651 2231/1284/676 2358/1156/543 2287/1205/592
f 2443/1237/753 2389/1236/623 2331/1309/701 2408/1296/689
f 2464/1293/686 2463/1086/471 2429/1232/619 2430/1304/767
f 2236/1198/585 2478/1201/588 2477/1262/651 2249/1261/650
f 2466/1307/768 2465/1116/739 2404/1238/754 2405/1294/764
f 2260/1310/702 2227/1106/491 2276/1154/541 2349/1311/703
f 2485/1228/615 2258/1279/672 2315/1212/599 2295/1207/594
f 2267/1105/490 2479/1132/519 2301/1133/520 2354/1151/538
f 2381/1112/497 2426/1111/496 2452/1187/574 2396/1270/659
f 2455/1231/618 2374/1230/617 2344/1224/611 2416/1225/612
f 2470/1299/692 2469/1076/461 2420/1264/653 2421/1273/661
f 2252/1148/535 2384/1303/696 2383/1312/146 2253/1268/1
f 2472/1302/695 2471/1087/472 2412/1090/737 2413/1300/693
f 2469/1076/461 2370/1075/460 2336/1173/560 2420/1264/653
f 2231/1284/676 2481/1265/759 2302/1157/544 2358/1156/543
f 2378/1242/629 2426/1111/496 2425/1114/499 2377/1243/82
f 2378/1242/629 2433/1241/628 2454/1141/528 2394/1188/575
f 2411/1292/685 2442/1233/620 2294/1167/554 2221/1166/553
f 2328/1235/622 2365/1115/500 2367/1313/704 2330/1314/705
f 2330/1314/705 2367/1313/704 2368/1315/706 2329/1316/707
f 2329/1316/707 2368/1315/706 2366/1085/470 2327/1067/452
f 2324/1229/616 2366/1085/470 2368/1315/706 2326/1317/708
f 2326/1317/708 2368/1315/706 2367/1313/704 2325/1318/709
f 2325/1318/709 2367/1313/704 2365/1115/500 2323/1099/484
f 2340/1089/474 2369/1088/473 2371/1319/710 2342/1320/711
f 2342/1320/711 2371/1319/710 2372/1321/712 2341/1322/713
f 2341/1322/713 2372/1321/712 2370/1075/460 2339/1074/459
f 2336/1173/560 2370/1075/460 2372/1321/712 2338/1174/561
f 2338/1174/561 2372/1321/712 2371/1319/710 2337/1206/593
f 2337/1206/593 2371/1319/710 2369/1088/473 2335/1123/510
f 2323/1099/484 2373/1097/482 2375/1323/714 2325/1318/709
f 2325/1318/709 2375/1323/714 2376/1324/715 2326/1317/708
f 2326/1317/708 2376/1324/715 2374/1230/617 2324/1229/616
f 2344/1224/611 2374/1230/617 2376/1324/715 2346/1325/716
f 2346/1325/716 2376/1324/715 2375/1323/714 2345/1326/717
f 2345/1326/717 2375/1323/714 2373/1097/482 2343/1096/481
f 2103/1034/146 2158/1056/116 2436/1248/635 2385/1080/465
f 2214/1118/503 2255/1276/667 2256/1108/738 2215/1107/492
f 2100/819/498 2164/1055/724 2450/1260/758 2382/1120/740
f 2436/1248/635 2158/1056/116 2082/1028/114 2364/1327/720
f 2152/952/84 2097/951/82 2379/1301/694 2427/1328/723
f 2097/951/82 2149/820/499 2424/1121/508 2379/1301/694
f 2255/1276/667 2484/1272/660 2483/1263/652 2256/1108/738
f 2266/1104/489 2480/1181/568 2479/1132/519 2267/1105/490
f 2232/1182/745 2476/1189/576 2475/1093/478 2233/1092/477
f 2308/1134/521 2251/1119/504 2215/1107/492 2272/1110/495
f 2401/1258/756 2451/1257/644 2424/1121/508 2382/1120/740
f 2353/1178/565 2269/1266/760 2217/1131/744 2279/1179/566
f 2440/1329/724 2449/1253/640 2360/1069/454 2359/1072/457
f 2434/1330/116 2435/1246/631 2363/1245/630 2362/1306/114
f 2387/1082/735 2468/1195/747 2450/1260/758 2361/1083/736
f 2476/1189/576 2250/1117/502 2251/1119/504 2475/1093/478
f 2268/1194/746 2216/1128/742 2217/1131/744 2269/1266/760
f 2257/1124/511 2474/1127/741 2473/1308/700 2258/1279/672
f 2331/1309/701 2389/1236/623 2391/1331/725 2333/1332/726
f 2333/1332/726 2391/1331/725 2392/1333/727 2334/1334/728
f 2334/1334/728 2392/1333/727 2390/1066/451 2332/1223/610
f 2327/1067/452 2390/1066/451 2392/1333/727 2329/1316/707
f 2329/1316/707 2392/1333/727 2391/1331/725 2330/1314/705
f 2330/1314/705 2391/1331/725 2389/1236/623 2328/1235/622
f 2478/1201/588 2228/1256/755 2231/1284/676 2477/1262/651
f 2393/1126/513 2460/1125/512 2436/1248/635 2364/1327/720
f 2474/1127/741 2236/1198/585 2249/1261/650 2473/1308/700
f 2381/1112/497 2449/1253/640 2440/1329/724 2380/1113/498
f 2315/1212/599 2258/1279/672 2473/1308/700 2273/1213/600
f 2384/1303/696 2435/1246/631 2434/1330/116 2383/1312/146
f 2343/1096/481 2397/1102/487 2399/1335/729 2345/1326/717
f 2345/1326/717 2399/1335/729 2400/1336/730 2346/1325/716
f 2346/1325/716 2400/1336/730 2398/1221/608 2344/1224/611
f 2339/1074/459 2398/1221/608 2400/1336/730 2341/1322/713
f 2341/1322/713 2400/1336/730 2399/1335/729 2342/1320/711
f 2342/1320/711 2399/1335/729 2397/1102/487 2340/1089/474
f 2453/1199/586 2393/1126/513 2364/1327/720 2427/1328/723
f 2395/1200/587 2453/1199/586 2427/1328/723 2379/1301/694
f 2450/1260/758 2468/1195/747 2401/1258/756 2382/1120/740
f 2259/1282/673 2218/1103/488 2227/1106/491 2260/1310/702
f 2082/1028/114 2152/952/84 2427/1328/723 2364/1327/720
f 2079/778/457 2162/777/456 2437/1084/469 2361/1083/736
f 2442/1233/620 2407/1234/621 2220/1160/547 2294/1167/554
f 2405/1294/764 2444/1295/765 2293/1290/763 2219/1217/751
f 2444/1295/765 2409/1297/766 2222/1289/762 2293/1290/763
f 2417/1298/691 2446/1249/636 2292/1145/532 2225/1144/531
f 2446/1249/636 2415/1250/637 2224/1138/525 2292/1145/532
f 2413/1300/693 2448/1226/752 2291/1219/606 2223/1211/598
f 2448/1226/752 2419/1227/614 2226/1197/584 2291/1219/606
f 2217/1131/744 2265/1130/517 2350/1337/732 2279/1179/566
f 2214/1118/503 2388/1142/529 2459/1247/632 2255/1276/667
f 2476/1189/576 2394/1188/575 2454/1141/528 2250/1117/502
f 2482/1259/757 2268/1194/746 2269/1266/760 2481/1265/759
f 2352/1152/539 2351/1177/564 2275/1180/567 2274/1153/540
f 2303/1135/522 2308/1134/521 2272/1110/495 2270/1150/537
f 2218/1103/488 2386/1255/642 2467/1254/641 2266/1104/489
f 2350/1337/732 2348/1183/570 2275/1180/567 2279/1179/566
f 2430/1304/767 2456/1305/698 2286/1185/572 2234/1169/556
f 2456/1305/698 2417/1298/691 2225/1144/531 2286/1185/572
f 2419/1227/614 2458/1239/626 2285/1192/579 2226/1197/584
f 2458/1239/626 2432/1240/627 2235/1193/580 2285/1192/579
f 2355/1171/558 2357/1091/476 2284/1094/479 2280/1136/523
f 2309/1204/591 2307/1163/550 2271/1164/551 2273/1213/600
f 2347/1184/571 2349/1311/703 2276/1154/541 2274/1153/540
f 2338/1174/561 2337/1206/593 2289/1203/590 2288/1175/562
f 2407/1234/621 2464/1293/686 2282/1161/548 2220/1160/547
f 2464/1293/686 2430/1304/767 2234/1169/556 2282/1161/548
f 2432/1240/627 2466/1307/768 2281/1216/750 2235/1193/580
f 2466/1307/768 2405/1294/764 2219/1217/751 2281/1216/750
f 2314/1149/536 2313/1202/589 2271/1164/551 2270/1150/537
f 2315/1212/599 2313/1202/589 2289/1203/590 2295/1207/594
f 2314/1149/536 2316/1109/494 2290/1176/563 2288/1175/562
f 2216/1128/742 2387/1082/735 2461/1081/734 2264/1129/743
f 2415/1250/637 2470/1299/692 2278/1139/526 2224/1138/525
f 2470/1299/692 2421/1273/661 2229/1147/534 2278/1139/526
f 2423/1251/638 2472/1302/695 2277/1210/597 2230/1078/463
f 2472/1302/695 2413/1300/693 2223/1211/598 2277/1210/597
f 2474/1127/741 2393/1126/513 2453/1199/586 2236/1198/585
f 2303/1135/522 2307/1163/550 2283/1172/559 2280/1136/523
f 2358/1156/543 2356/1155/542 2283/1172/559 2287/1205/592
f 2478/1201/588 2395/1200/587 2451/1257/644 2228/1256/755
f 2465/1116/739 2365/1115/500 2328/1235/622 2404/1238/754
f 2714/1338/450 2663/1339/451 2600/1340/452 2679/1341/453
f 2633/1342/769 2712/1343/455 2711/1344/456 2632/1345/457
f 2687/1346/770 2612/1347/459 2643/1348/460 2742/1349/461
f 2676/1350/462 2503/1351/463 2527/1352/464 2658/1353/465
f 2734/1354/734 2660/1355/735 2634/1356/736 2710/1357/469
f 2679/1341/453 2600/1340/452 2639/1358/470 2736/1359/471
f 2744/1360/472 2642/1361/473 2613/1362/474 2685/1363/771
f 2630/1364/476 2506/1365/477 2748/1366/478 2557/1367/479
f 2691/1368/480 2616/1369/481 2646/1370/482 2730/1371/483
f 2730/1371/483 2646/1370/482 2596/1372/484 2704/1373/485
f 2720/1374/486 2670/1375/487 2616/1369/481 2691/1368/480
f 2491/1376/488 2539/1377/489 2540/1378/490 2500/1379/491
f 2488/1380/492 2529/1381/493 2589/1382/494 2545/1383/495
f 2699/1384/772 2654/1385/497 2653/1386/498 2698/1387/499
f 2704/1373/485 2596/1372/484 2638/1388/500 2738/1389/739
f 2523/1390/502 2487/1391/503 2488/1380/492 2524/1392/504
f 2425/1114/499 2380/1113/498 2655/1393/740 2697/1394/508
f 2695/1395/509 2608/1396/510 2642/1361/473 2744/1360/472
f 2530/1397/511 2733/1398/512 2666/1399/513 2747/1400/741
f 2489/1401/742 2537/1402/743 2538/1403/517 2490/1404/744
f 2752/1405/519 2506/1365/477 2630/1364/476 2574/1406/520
f 2581/1407/521 2576/1408/522 2553/1409/523 2557/1367/479
f 2517/1410/524 2497/1411/525 2551/1412/526 2572/1413/527
f 2523/1390/502 2727/1414/528 2661/1415/773 2487/1391/503
f 2519/1416/530 2498/1417/531 2565/1418/532 2591/1419/533
f 2572/1413/527 2551/1412/526 2502/1420/534 2525/1421/535
f 2589/1382/494 2587/1422/536 2543/1423/537 2545/1383/495
f 2591/1419/533 2565/1418/532 2497/1411/525 2517/1410/524
f 2627/1424/538 2625/1425/539 2547/1426/540 2549/1427/541
f 2629/1428/542 2631/1429/543 2575/1430/544 2570/1431/545
f 2511/1432/546 2493/1433/547 2555/1434/548 2578/1435/549
f 2580/1436/550 2576/1408/522 2543/1423/537 2544/1437/551
f 2513/1438/552 2494/1439/553 2567/1440/554 2594/1441/555
f 2578/1435/549 2555/1434/548 2507/1442/556 2534/1443/557
f 2629/1428/542 2628/1444/558 2553/1409/523 2556/1445/559
f 2594/1441/555 2567/1440/554 2493/1433/547 2511/1432/546
f 2609/1446/560 2611/1447/561 2561/1448/562 2563/1449/563
f 2624/1450/564 2626/1451/565 2552/1452/566 2548/1453/567
f 2753/1454/568 2505/1455/569 2506/1365/477 2752/1405/519
f 2621/1456/570 2620/1457/571 2547/1426/540 2548/1453/567
f 2507/1442/556 2559/1458/572 2584/1459/573 2534/1443/557
f 2505/1455/569 2725/1460/574 2667/1461/575 2749/1462/576
f 2536/1463/577 2583/1464/578 2558/1465/579 2508/1466/580
f 2584/1459/573 2559/1458/572 2498/1417/531 2519/1416/530
f 2541/1467/746 2741/1468/747 2660/1355/735 2489/1401/742
f 2558/1465/579 2583/1464/578 2521/1469/583 2499/1470/584
f 2509/1471/585 2726/1472/586 2668/1473/587 2751/1474/588
f 2586/1475/589 2587/1422/536 2561/1448/562 2562/1476/590
f 2580/1436/550 2582/1477/591 2560/1478/592 2556/1445/559
f 2610/1479/593 2608/1396/510 2568/1480/594 2562/1476/590
f 2516/1481/595 2571/1482/596 2550/1483/597 2496/1484/598
f 2586/1475/589 2588/1485/599 2546/1486/600 2544/1437/551
f 2510/1487/748 2577/1488/749 2554/1489/750 2492/1490/751
f 2550/1483/597 2571/1482/596 2527/1352/464 2503/1351/463
f 2499/1470/584 2521/1469/583 2590/1491/605 2564/1492/774
f 2554/1489/750 2577/1488/749 2536/1463/577 2508/1466/580
f 2564/1492/774 2590/1491/605 2516/1481/595 2496/1484/598
f 2718/1493/607 2671/1494/608 2612/1347/459 2687/1346/770
f 2683/1495/609 2605/1496/610 2663/1339/451 2714/1338/450
f 2617/1497/611 2671/1494/608 2718/1493/607 2689/1498/612
f 2721/1499/752 2720/1374/486 2691/1368/480 2692/1500/614
f 2695/1395/509 2758/1501/615 2568/1480/594 2608/1396/510
f 2597/1502/616 2647/1503/617 2728/1504/618 2702/1505/619
f 2715/1506/620 2714/1338/450 2679/1341/453 2680/1507/621
f 2601/1508/622 2662/1509/623 2716/1510/753 2677/1511/754
f 2731/1512/626 2730/1371/483 2704/1373/485 2705/1513/627
f 2706/1514/628 2651/1515/629 2650/1516/82 2701/1517/84
f 2636/1518/630 2708/1519/631 2732/1520/632 2661/1415/773
f 2253/1268/1 2383/1312/146 2658/1353/465 2527/1352/464
f 2709/1521/635 2733/1398/512 2676/1350/462 2658/1353/465
f 2719/1522/636 2718/1493/607 2687/1346/770 2688/1523/637
f 2613/1362/474 2670/1375/487 2720/1374/486 2685/1363/771
f 2500/1379/491 2540/1378/490 2627/1424/538 2549/1427/541
f 2696/1524/638 2759/1525/639 2758/1501/615 2695/1395/509
f 2633/1342/769 2722/1526/775 2740/1527/641 2659/1528/642
f 2501/1529/755 2724/1530/644 2674/1531/756 2755/1532/757
f 2723/1533/758 2440/1329/724 2359/1072/457 2634/1356/736
f 2522/1534/650 2750/1535/651 2560/1478/592 2582/1477/591
f 2756/1536/652 2693/1537/653 2609/1446/560 2563/1449/563
f 2754/1538/759 2542/1539/760 2626/1451/565 2575/1430/544
f 2253/1268/1 2527/1352/464 2571/1482/596 2300/1269/177
f 2630/1364/476 2628/1444/558 2569/1540/657 2574/1406/520
f 2525/1421/535 2526/1541/1 2573/1542/177 2572/1413/527
f 2300/1269/177 2571/1482/596 2516/1481/595 2245/1271/179
f 2539/1377/489 2740/1527/641 2669/1543/659 2753/1454/568
f 2572/1413/527 2573/1542/177 2518/1544/179 2517/1410/524
f 2757/1545/660 2694/1546/661 2693/1537/653 2756/1536/652
f 2696/1524/638 2503/1351/463 2676/1350/462 2759/1525/639
f 2262/1274/664 2536/1463/577 2577/1488/749 2306/1275/665
f 2624/1450/564 2625/1425/539 2569/1540/657 2570/1431/545
f 2534/1443/557 2535/1547/664 2579/1548/665 2578/1435/549
f 2306/1275/665 2577/1488/749 2510/1487/748 2239/1278/669
f 2528/1549/667 2732/1520/632 2675/1550/668 2757/1545/660
f 2578/1435/549 2579/1548/665 2512/1551/669 2511/1432/546
f 2626/1451/565 2624/1450/564 2570/1431/545 2575/1430/544
f 2753/1454/568 2669/1543/659 2725/1460/574 2505/1455/569
f 2247/1280/211 2521/1469/583 2583/1464/578 2312/1281/241
f 2759/1525/639 2530/1397/511 2531/1552/672 2758/1501/615
f 2519/1416/530 2520/1553/211 2585/1554/241 2584/1459/573
f 2312/1281/241 2583/1464/578 2536/1463/577 2262/1274/664
f 2757/1545/660 2675/1550/668 2502/1420/534 2694/1546/661
f 2584/1459/573 2585/1554/241 2535/1547/664 2534/1443/557
f 2625/1425/539 2627/1424/538 2574/1406/520 2569/1540/657
f 2755/1532/757 2674/1531/756 2741/1468/747 2541/1467/746
f 2759/1525/639 2676/1350/462 2733/1398/512 2530/1397/511
f 2532/1555/673 2735/1556/674 2659/1528/642 2491/1376/488
f 2628/1444/558 2629/1428/542 2570/1431/545 2569/1540/657
f 2748/1366/478 2524/1392/504 2581/1407/521 2557/1367/479
f 2516/1481/595 2590/1491/605 2319/1285/209 2245/1271/179
f 2501/1529/755 2755/1532/757 2754/1538/759 2504/1557/676
f 2518/1544/179 2592/1558/209 2591/1419/533 2517/1410/524
f 2319/1285/209 2590/1491/605 2521/1469/583 2247/1280/211
f 2510/1487/748 2593/1559/761 2322/1287/679 2239/1278/669
f 2591/1419/533 2592/1558/209 2520/1553/211 2519/1416/530
f 2512/1551/669 2595/1560/679 2594/1441/555 2511/1432/546
f 2322/1287/679 2593/1559/761 2515/1561/680 2241/1291/684
f 2495/1562/762 2515/1561/680 2593/1559/761 2566/1563/763
f 2594/1441/555 2595/1560/679 2514/1564/684 2513/1438/552
f 2566/1563/763 2593/1559/761 2510/1487/748 2492/1490/751
f 2684/1565/685 2683/1495/609 2714/1338/450 2715/1506/620
f 2680/1507/621 2679/1341/453 2736/1359/471 2737/1566/686
f 2678/1567/764 2677/1511/754 2716/1510/753 2717/1568/765
f 2717/1568/765 2716/1510/753 2681/1569/689 2682/1570/766
f 2690/1571/691 2689/1498/612 2718/1493/607 2719/1522/636
f 2688/1523/637 2687/1346/770 2742/1349/461 2743/1572/692
f 2686/1573/693 2685/1363/771 2720/1374/486 2721/1499/752
f 2692/1500/614 2691/1368/480 2730/1371/483 2731/1512/626
f 2529/1381/493 2756/1536/652 2563/1449/563 2589/1382/494
f 2725/1460/574 2699/1384/772 2651/1515/629 2667/1461/575
f 2697/1394/508 2724/1530/644 2668/1473/587 2652/1574/694
f 2696/1524/638 2695/1395/509 2744/1360/472 2745/1575/695
f 2706/1514/628 2636/1518/630 2661/1415/773 2727/1414/528
f 2722/1526/775 2654/1385/497 2669/1543/659 2740/1527/641
f 2712/1343/455 2633/1342/769 2659/1528/642 2735/1556/674
f 2708/1519/631 2657/1576/696 2675/1550/668 2732/1520/632
f 2703/1577/697 2702/1505/619 2728/1504/618 2729/1578/698
f 2729/1578/698 2728/1504/618 2689/1498/612 2690/1571/691
f 2636/1518/630 2706/1514/628 2701/1517/84 2635/1579/114
f 2705/1513/627 2704/1373/485 2738/1389/739 2739/1580/768
f 2746/1581/700 2522/1534/650 2582/1477/591 2546/1486/600
f 2657/1576/696 2525/1421/535 2502/1420/534 2675/1550/668
f 2736/1359/471 2639/1358/470 2597/1502/616 2702/1505/619
f 2750/1535/651 2504/1557/676 2631/1429/543 2560/1478/592
f 2716/1510/753 2662/1509/623 2604/1582/701 2681/1569/689
f 2737/1566/686 2736/1359/471 2702/1505/619 2703/1577/697
f 2509/1471/585 2751/1474/588 2750/1535/651 2522/1534/650
f 2739/1580/768 2738/1389/739 2677/1511/754 2678/1567/764
f 2533/1583/702 2500/1379/491 2549/1427/541 2622/1584/703
f 2758/1501/615 2531/1552/672 2588/1485/599 2568/1480/594
f 2540/1378/490 2752/1405/519 2574/1406/520 2627/1424/538
f 2654/1385/497 2699/1384/772 2725/1460/574 2669/1543/659
f 2728/1504/618 2647/1503/617 2617/1497/611 2689/1498/612
f 2743/1572/692 2742/1349/461 2693/1537/653 2694/1546/661
f 2525/1421/535 2657/1576/696 2656/1585/146 2526/1541/1
f 2745/1575/695 2744/1360/472 2685/1363/771 2686/1573/693
f 2742/1349/461 2643/1348/460 2609/1446/560 2693/1537/653
f 2504/1557/676 2754/1538/759 2575/1430/544 2631/1429/543
f 2651/1515/629 2699/1384/772 2698/1387/499 2650/1516/82
f 2651/1515/629 2706/1514/628 2727/1414/528 2667/1461/575
f 2684/1565/685 2715/1506/620 2567/1440/554 2494/1439/553
f 2601/1508/622 2638/1388/500 2640/1586/704 2603/1587/705
f 2603/1587/705 2640/1586/704 2641/1588/706 2602/1589/707
f 2602/1589/707 2641/1588/706 2639/1358/470 2600/1340/452
f 2597/1502/616 2639/1358/470 2641/1588/706 2599/1590/708
f 2599/1590/708 2641/1588/706 2640/1586/704 2598/1591/709
f 2598/1591/709 2640/1586/704 2638/1388/500 2596/1372/484
f 2613/1362/474 2642/1361/473 2644/1592/710 2615/1593/711
f 2615/1593/711 2644/1592/710 2645/1594/712 2614/1595/713
f 2614/1595/713 2645/1594/712 2643/1348/460 2612/1347/459
f 2609/1446/560 2643/1348/460 2645/1594/712 2611/1447/561
f 2611/1447/561 2645/1594/712 2644/1592/710 2610/1479/593
f 2610/1479/593 2644/1592/710 2642/1361/473 2608/1396/510
f 2596/1372/484 2646/1370/482 2648/1596/714 2598/1591/709
f 2598/1591/709 2648/1596/714 2649/1597/715 2599/1590/708
f 2599/1590/708 2649/1597/715 2647/1503/617 2597/1502/616
f 2617/1497/611 2647/1503/617 2649/1597/715 2619/1598/716
f 2619/1598/716 2649/1597/715 2648/1596/714 2618/1599/717
f 2618/1599/717 2648/1596/714 2646/1370/482 2616/1369/481
f 2383/1312/146 2434/1330/116 2709/1521/635 2658/1353/465
f 2487/1391/503 2528/1549/667 2529/1381/493 2488/1380/492
f 2380/1113/498 2440/1329/724 2723/1533/758 2655/1393/740
f 2709/1521/635 2434/1330/116 2362/1306/114 2637/1600/720
f 2428/1244/84 2377/1243/82 2652/1574/694 2700/1601/723
f 2377/1243/82 2425/1114/499 2697/1394/508 2652/1574/694
f 2528/1549/667 2757/1545/660 2756/1536/652 2529/1381/493
f 2539/1377/489 2753/1454/568 2752/1405/519 2540/1378/490
f 2505/1455/569 2749/1462/576 2748/1366/478 2506/1365/477
f 2581/1407/521 2524/1392/504 2488/1380/492 2545/1383/495
f 2674/1531/756 2724/1530/644 2697/1394/508 2655/1393/740
f 2626/1451/565 2542/1539/760 2490/1404/744 2552/1452/566
f 2713/1602/724 2722/1526/775 2633/1342/769 2632/1345/457
f 2707/1603/116 2708/1519/631 2636/1518/630 2635/1579/114
f 2660/1355/735 2741/1468/747 2723/1533/758 2634/1356/736
f 2749/1462/576 2523/1390/502 2524/1392/504 2748/1366/478
f 2541/1467/746 2489/1401/742 2490/1404/744 2542/1539/760
f 2530/1397/511 2747/1400/741 2746/1581/700 2531/1552/672
f 2604/1582/701 2662/1509/623 2664/1604/725 2606/1605/726
f 2606/1605/726 2664/1604/725 2665/1606/727 2607/1607/728
f 2607/1607/728 2665/1606/727 2663/1339/451 2605/1496/610
f 2600/1340/452 2663/1339/451 2665/1606/727 2602/1589/707
f 2602/1589/707 2665/1606/727 2664/1604/725 2603/1587/705
f 2603/1587/705 2664/1604/725 2662/1509/623 2601/1508/622
f 2751/1474/588 2501/1529/755 2504/1557/676 2750/1535/651
f 2666/1399/513 2733/1398/512 2709/1521/635 2637/1600/720
f 2747/1400/741 2509/1471/585 2522/1534/650 2746/1581/700
f 2654/1385/497 2722/1526/775 2713/1602/724 2653/1386/498
f 2588/1485/599 2531/1552/672 2746/1581/700 2546/1486/600
f 2657/1576/696 2708/1519/631 2707/1603/116 2656/1585/146
f 2616/1369/481 2670/1375/487 2672/1608/729 2618/1599/717
f 2618/1599/717 2672/1608/729 2673/1609/730 2619/1598/716
f 2619/1598/716 2673/1609/730 2671/1494/608 2617/1497/611
f 2612/1347/459 2671/1494/608 2673/1609/730 2614/1595/713
f 2614/1595/713 2673/1609/730 2672/1608/729 2615/1593/711
f 2615/1593/711 2672/1608/729 2670/1375/487 2613/1362/474
f 2726/1472/586 2666/1399/513 2637/1600/720 2700/1601/723
f 2668/1473/587 2726/1472/586 2700/1601/723 2652/1574/694
f 2723/1533/758 2741/1468/747 2674/1531/756 2655/1393/740
f 2532/1555/673 2491/1376/488 2500/1379/491 2533/1583/702
f 2362/1306/114 2428/1244/84 2700/1601/723 2637/1600/720
f 2359/1072/457 2438/1071/456 2710/1357/469 2634/1356/736
f 2715/1506/620 2680/1507/621 2493/1433/547 2567/1440/554
f 2678/1567/764 2717/1568/765 2566/1563/763 2492/1490/751
f 2717/1568/765 2682/1570/766 2495/1562/762 2566/1563/763
f 2690/1571/691 2719/1522/636 2565/1418/532 2498/1417/531
f 2719/1522/636 2688/1523/637 2497/1411/525 2565/1418/532
f 2686/1573/693 2721/1499/752 2564/1492/774 2496/1484/598
f 2721/1499/752 2692/1500/614 2499/1470/584 2564/1492/774
f 2490/1404/744 2538/1403/517 2623/1610/732 2552/1452/566
f 2487/1391/503 2661/1415/773 2732/1520/632 2528/1549/667
f 2749/1462/576 2667/1461/575 2727/1414/528 2523/1390/502
f 2755/1532/757 2541/1467/746 2542/1539/760 2754/1538/759
f 2625/1425/539 2624/1450/564 2548/1453/567 2547/1426/540
f 2576/1408/522 2581/1407/521 2545/1383/495 2543/1423/537
f 2491/1376/488 2659/1528/642 2740/1527/641 2539/1377/489
f 2623/1610/732 2621/1456/570 2548/1453/567 2552/1452/566
f 2703/1577/697 2729/1578/698 2559/1458/572 2507/1442/556
f 2729/1578/698 2690/1571/691 2498/1417/531 2559/1458/572
f 2692/1500/614 2731/1512/626 2558/1465/579 2499/1470/584
f 2731/1512/626 2705/1513/627 2508/1466/580 2558/1465/579
f 2628/1444/558 2630/1364/476 2557/1367/479 2553/1409/523
f 2582/1477/591 2580/1436/550 2544/1437/551 2546/1486/600
f 2620/1457/571 2622/1584/703 2549/1427/541 2547/1426/540
f 2611/1447/561 2610/1479/593 2562/1476/590 2561/1448/562
f 2680/1507/621 2737/1566/686 2555/1434/548 2493/1433/547
f 2737/1566/686 2703/1577/697 2507/1442/556 2555/1434/548
f 2705/1513/627 2739/1580/768 2554/1489/750 2508/1466/580
f 2739/1580/768 2678/1567/764 2492/1490/751 2554/1489/750
f 2587/1422/536 2586/1475/589 2544/1437/551 2543/1423/537
f 2588/1485/599 2586/1475/589 2562/1476/590 2568/1480/594
f 2587/1422/536 2589/1382/494 2563/1449/563 2561/1448/562
f 2489/1401/742 2660/1355/735 2734/1354/734 2537/1402/743
f 2688/1523/637 2743/1572/692 2551/1412/526 2497/1411/525
f 2743/1572/692 2694/1546/661 2502/1420/534 2551/1412/526
f 2696/1524/638 2745/1575/695 2550/1483/597 2503/1351/463
f 2745/1575/695 2686/1573/693 2496/1484/598 2550/1483/597
f 2747/1400/741 2666/1399/513 2726/1472/586 2509/1471/585
f 2576/1408/522 2580/1436/550 2556/1445/559 2553/1409/523
f 2631/1429/543 2629/1428/542 2556/1445/559 2560/1478/592
f 2751/1474/588 2668/1473/587 2724/1530/644 2501/1529/755
f 2738/1389/739 2638/1388/500 2601/1508/622 2677/1511/754
f 2981/1611/450 2933/1612/451 2871/1613/452 2949/1614/453
f 2903/1615/454 2980/1616/455 3270/1617/776 3268/1618/777
f 2957/1619/778 2883/1620/459 2913/1621/460 3009/1622/461
f 2946/1623/462 2776/1624/463 2798/1625/464 2928/1626/465
f 3001/1627/734 2930/1628/735 2904/1629/736 2979/1630/469
f 2949/1614/453 2871/1613/452 2909/1631/470 3003/1632/471
f 3011/1633/472 2912/1634/473 2884/1635/474 2955/1636/737
f 2901/1637/476 2779/1638/477 3015/1639/478 2828/1640/479
f 2961/1641/480 2887/1642/481 2916/1643/482 2997/1644/483
f 2997/1644/483 2916/1643/482 2867/1645/484 2973/1646/485
f 2987/1647/486 2940/1648/487 2887/1642/481 2961/1641/480
f 2764/1649/488 2810/1650/489 2811/1651/490 2773/1652/491
f 2761/1653/492 2800/1654/779 2860/1655/494 2816/1656/495
f 2969/1657/496 2924/1658/497 2923/1659/780 2968/1660/781
f 2973/1646/485 2867/1645/484 2908/1661/500 3005/1662/739
f 2794/1663/502 2760/1664/503 2761/1653/492 2795/1665/504
f 2698/1387/499 2653/1386/498 2925/1666/740 2967/1667/508
f 2965/1668/509 2879/1669/510 2912/1634/473 3011/1633/472
f 2801/1670/511 3000/1671/512 2936/1672/513 3014/1673/741
f 2762/1674/742 2808/1675/743 2809/1676/517 2763/1677/744
f 3019/1678/519 2779/1638/477 2901/1637/476 2845/1679/520
f 2852/1680/521 2847/1681/522 2824/1682/523 2828/1640/479
f 2789/1683/524 2770/1684/525 2822/1685/526 2843/1686/527
f 2794/1663/502 2994/1687/528 2931/1688/529 2760/1664/503
f 2791/1689/530 2771/1690/531 2836/1691/532 2862/1692/533
f 2843/1686/527 2822/1685/526 2775/1693/534 2796/1694/535
f 2860/1655/494 2858/1695/536 2814/1696/537 2816/1656/495
f 2862/1692/533 2836/1691/532 2770/1684/525 2789/1683/524
f 2898/1697/538 2896/1698/539 2818/1699/540 2820/1700/541
f 2900/1701/542 2902/1702/543 2846/1703/544 2841/1704/545
f 2784/1705/546 2766/1706/547 2826/1707/548 2849/1708/549
f 2851/1709/550 2847/1681/522 2814/1696/537 2815/1710/551
f 2785/1711/552 2767/1712/553 2838/1713/554 2865/1714/555
f 2849/1708/549 2826/1707/548 2780/1715/556 2805/1716/557
f 2900/1701/542 2899/1717/558 2824/1682/523 2827/1718/559
f 2865/1714/555 2838/1713/554 2766/1706/547 2784/1705/546
f 2880/1719/560 2882/1720/561 2832/1721/562 2834/1722/563
f 2895/1723/564 2897/1724/565 2823/1725/566 2819/1726/567
f 3020/1727/568 2778/1728/569 2779/1638/477 3019/1678/519
f 2892/1729/570 2891/1730/571 2818/1699/540 2819/1726/567
f 2780/1715/556 2830/1731/572 2855/1732/573 2805/1716/557
f 2778/1728/569 2992/1733/574 2937/1734/575 3016/1735/576
f 2807/1736/577 2854/1737/578 2829/1738/579 2781/1739/580
f 2855/1732/573 2830/1731/572 2771/1690/531 2791/1689/530
f 2812/1740/746 3008/1741/747 2930/1628/735 2762/1674/742
f 2829/1738/579 2854/1737/578 2792/1742/583 2772/1743/584
f 2782/1744/585 2993/1745/586 2938/1746/587 3018/1747/588
f 2857/1748/589 2858/1695/536 2832/1721/562 2833/1749/590
f 2851/1709/550 2853/1750/591 2831/1751/592 2827/1718/559
f 2881/1752/593 2879/1669/510 2839/1753/594 2833/1749/590
f 2788/1754/595 2842/1755/596 2821/1756/597 2769/1757/598
f 2857/1748/589 2859/1758/599 2817/1759/600 2815/1710/551
f 2783/1760/748 2848/1761/749 2825/1762/750 2765/1763/751
f 2821/1756/597 2842/1755/596 2798/1625/464 2776/1624/463
f 2772/1743/584 2792/1742/583 2861/1764/605 2835/1765/606
f 2825/1762/750 2848/1761/749 2807/1736/577 2781/1739/580
f 2835/1765/606 2861/1764/605 2788/1754/595 2769/1757/598
f 2985/1766/607 2941/1767/608 2883/1620/459 2957/1619/778
f 2953/1768/609 2876/1769/610 2933/1612/451 2981/1611/450
f 2888/1770/611 2941/1767/608 2985/1766/607 2959/1771/612
f 2988/1772/752 2987/1647/486 2961/1641/480 2962/1773/614
f 2965/1668/509 3025/1774/615 2839/1753/594 2879/1669/510
f 2868/1775/616 2917/1776/617 2995/1777/618 2971/1778/619
f 2982/1779/620 2981/1611/450 2949/1614/453 2950/1780/621
f 2872/1781/622 2932/1782/623 2983/1783/753 2947/1784/754
f 2998/1785/626 2997/1644/483 2973/1646/485 2974/1786/627
f 2975/1787/628 2921/1788/629 2920/1789/782 3269/1790/783
f 2906/1791/630 2977/1792/631 2999/1793/632 2931/1688/529
f 2526/1541/1 2656/1585/146 2928/1626/465 2798/1625/464
f 2978/1794/635 3000/1671/512 2946/1623/462 2928/1626/465
f 2986/1795/636 2985/1766/607 2957/1619/778 2958/1796/637
f 2884/1635/474 2940/1648/487 2987/1647/486 2955/1636/737
f 2773/1652/491 2811/1651/490 2898/1697/538 2820/1700/541
f 2966/1797/638 3026/1798/639 3025/1774/615 2965/1668/509
f 2903/1615/454 2989/1799/640 3007/1800/641 2929/1801/642
f 2774/1802/755 2991/1803/644 2944/1804/756 3022/1805/757
f 2990/1806/758 2713/1602/724 2632/1345/457 2904/1629/736
f 2793/1807/650 3017/1808/651 2831/1751/592 2853/1750/591
f 3023/1809/652 2963/1810/653 2880/1719/560 2834/1722/563
f 3021/1811/759 2813/1812/760 2897/1724/565 2846/1703/544
f 2526/1541/1 2798/1625/464 2842/1755/596 2573/1542/177
f 2901/1637/476 2899/1717/558 2840/1813/657 2845/1679/520
f 2796/1694/535 2797/1814/784 2844/1815/785 2843/1686/527
f 2573/1542/177 2842/1755/596 2788/1754/595 2518/1544/179
f 2810/1650/489 3007/1800/641 2939/1816/659 3020/1727/568
f 2843/1686/527 2844/1815/785 2790/1817/786 2789/1683/524
f 3024/1818/660 2964/1819/661 2963/1810/653 3023/1809/652
f 2966/1797/638 2776/1624/463 2946/1623/462 3026/1798/639
f 2535/1547/664 2807/1736/577 2848/1761/749 2579/1548/665
f 2895/1723/564 2896/1698/539 2840/1813/657 2841/1704/545
f 2805/1716/557 2806/1820/787 2850/1821/788 2849/1708/549
f 2579/1548/665 2848/1761/749 2783/1760/748 2512/1551/669
f 2799/1822/667 2999/1793/632 2945/1823/668 3024/1818/660
f 2849/1708/549 2850/1821/788 3266/1824/789 2784/1705/546
f 2897/1724/565 2895/1723/564 2841/1704/545 2846/1703/544
f 3020/1727/568 2939/1816/659 2992/1733/574 2778/1728/569
f 2520/1553/211 2792/1742/583 2854/1737/578 2585/1554/241
f 3026/1798/639 2801/1670/511 2802/1825/672 3025/1774/615
f 2791/1689/530 3267/1826/790 2856/1827/791 2855/1732/573
f 2585/1554/241 2854/1737/578 2807/1736/577 2535/1547/664
f 3024/1818/660 2945/1823/668 2775/1693/534 2964/1819/661
f 2855/1732/573 2856/1827/791 2806/1820/787 2805/1716/557
f 2896/1698/539 2898/1697/538 2845/1679/520 2840/1813/657
f 3022/1805/757 2944/1804/756 3008/1741/747 2812/1740/746
f 3026/1798/639 2946/1623/462 3000/1671/512 2801/1670/511
f 2803/1828/673 3002/1829/674 2929/1801/642 2764/1649/488
f 2899/1717/558 2900/1701/542 2841/1704/545 2840/1813/657
f 3015/1639/478 2795/1665/504 2852/1680/521 2828/1640/479
f 2788/1754/595 2861/1764/605 2592/1558/209 2518/1544/179
f 2774/1802/755 3022/1805/757 3021/1811/759 2777/1830/676
f 2790/1817/786 2863/1831/792 2862/1692/533 2789/1683/524
f 2592/1558/209 2861/1764/605 2792/1742/583 2520/1553/211
f 2783/1760/748 2864/1832/761 2595/1560/679 2512/1551/669
f 2862/1692/533 2863/1831/792 3267/1826/790 2791/1689/530
f 3266/1824/789 2866/1833/793 2865/1714/555 2784/1705/546
f 2595/1560/679 2864/1832/761 2787/1834/680 2514/1564/684
f 2768/1835/762 2787/1834/680 2864/1832/761 2837/1836/763
f 2865/1714/555 2866/1833/793 2786/1837/794 2785/1711/552
f 2837/1836/763 2864/1832/761 2783/1760/748 2765/1763/751
f 2954/1838/685 2953/1768/609 2981/1611/450 2982/1779/620
f 2950/1780/621 2949/1614/453 3003/1632/471 3004/1839/686
f 2948/1840/764 2947/1784/754 2983/1783/753 2984/1841/765
f 2984/1841/765 2983/1783/753 2951/1842/689 2952/1843/766
f 2960/1844/691 2959/1771/612 2985/1766/607 2986/1795/636
f 2958/1796/637 2957/1619/778 3009/1622/461 3010/1845/692
f 2956/1846/693 2955/1636/737 2987/1647/486 2988/1772/752
f 2962/1773/614 2961/1641/480 2997/1644/483 2998/1785/626
f 2800/1654/779 3023/1809/652 2834/1722/563 2860/1655/494
f 2992/1733/574 2969/1657/496 2921/1788/629 2937/1734/575
f 2967/1667/508 2991/1803/644 2938/1746/587 2922/1847/694
f 2966/1797/638 2965/1668/509 3011/1633/472 3012/1848/695
f 2975/1787/628 2906/1791/630 2931/1688/529 2994/1687/528
f 2989/1799/640 2924/1658/497 2939/1816/659 3007/1800/641
f 2980/1616/455 2903/1615/454 2929/1801/642 3002/1829/674
f 2977/1792/631 2927/1849/696 2945/1823/668 2999/1793/632
f 2972/1850/795 2971/1778/619 2995/1777/618 2996/1851/698
f 2996/1851/698 2995/1777/618 2959/1771/612 2960/1844/691
f 2906/1791/630 2975/1787/628 3269/1790/783 2905/1852/796
f 2974/1786/627 2973/1646/485 3005/1662/739 3006/1853/768
f 3013/1854/700 2793/1807/650 2853/1750/591 2817/1759/600
f 2927/1849/696 2796/1694/535 2775/1693/534 2945/1823/668
f 3003/1632/471 2909/1631/470 2868/1775/616 2971/1778/619
f 3017/1808/651 2777/1830/676 2902/1702/543 2831/1751/592
f 2983/1783/753 2932/1782/623 2875/1855/701 2951/1842/689
f 3004/1839/686 3003/1632/471 2971/1778/619 2972/1850/795
f 2782/1744/585 3018/1747/588 3017/1808/651 2793/1807/650
f 3006/1853/768 3005/1662/739 2947/1784/754 2948/1840/764
f 2804/1856/702 2773/1652/491 2820/1700/541 2893/1857/703
f 3025/1774/615 2802/1825/672 2859/1758/599 2839/1753/594
f 2811/1651/490 3019/1678/519 2845/1679/520 2898/1697/538
f 2924/1658/497 2969/1657/496 2992/1733/574 2939/1816/659
f 2995/1777/618 2917/1776/617 2888/1770/611 2959/1771/612
f 3010/1845/692 3009/1622/461 2963/1810/653 2964/1819/661
f 2796/1694/535 2927/1849/696 2926/1858/797 2797/1814/784
f 3012/1848/695 3011/1633/472 2955/1636/737 2956/1846/693
f 3009/1622/461 2913/1621/460 2880/1719/560 2963/1810/653
f 2777/1830/676 3021/1811/759 2846/1703/544 2902/1702/543
f 2921/1788/629 2969/1657/496 2968/1660/781 2920/1789/782
f 2921/1788/629 2975/1787/628 2994/1687/528 2937/1734/575
f 2954/1838/685 2982/1779/620 2838/1713/554 2767/1712/553
f 2872/1781/622 2908/1661/500 2910/1859/704 2874/1860/705
f 2874/1860/705 2910/1859/704 2911/1861/706 2873/1862/707
f 2873/1862/707 2911/1861/706 2909/1631/470 2871/1613/452
f 2868/1775/616 2909/1631/470 2911/1861/706 2870/1863/708
f 2870/1863/708 2911/1861/706 2910/1859/704 2869/1864/709
f 2869/1864/709 2910/1859/704 2908/1661/500 2867/1645/484
f 2884/1635/474 2912/1634/473 2914/1865/710 2886/1866/711
f 2886/1866/711 2914/1865/710 2915/1867/712 2885/1868/713
f 2885/1868/713 2915/1867/712 2913/1621/460 2883/1620/459
f 2880/1719/560 2913/1621/460 2915/1867/712 2882/1720/561
f 2882/1720/561 2915/1867/712 2914/1865/710 2881/1752/593
f 2881/1752/593 2914/1865/710 2912/1634/473 2879/1669/510
f 2867/1645/484 2916/1643/482 2918/1869/714 2869/1864/709
f 2869/1864/709 2918/1869/714 2919/1870/715 2870/1863/708
f 2870/1863/708 2919/1870/715 2917/1776/617 2868/1775/616
f 2888/1770/611 2917/1776/617 2919/1870/715 2890/1871/716
f 2890/1871/716 2919/1870/715 2918/1869/714 2889/1872/717
f 2889/1872/717 2918/1869/714 2916/1643/482 2887/1642/481
f 2656/1585/146 2707/1603/116 2978/1794/635 2928/1626/465
f 2760/1664/503 2799/1822/667 2800/1654/779 2761/1653/492
f 2653/1386/498 2713/1602/724 2990/1806/758 2925/1666/740
f 2978/1794/635 2707/1603/116 2635/1579/114 2907/1873/720
f 2701/1517/84 2650/1516/82 2922/1847/694 2970/1874/723
f 2650/1516/82 2698/1387/499 2967/1667/508 2922/1847/694
f 2799/1822/667 3024/1818/660 3023/1809/652 2800/1654/779
f 2810/1650/489 3020/1727/568 3019/1678/519 2811/1651/490
f 2778/1728/569 3016/1735/576 3015/1639/478 2779/1638/477
f 2852/1680/521 2795/1665/504 2761/1653/492 2816/1656/495
f 2944/1804/756 2991/1803/644 2967/1667/508 2925/1666/740
f 2897/1724/565 2813/1812/760 2763/1677/744 2823/1725/566
f 3271/1875/798 2989/1799/640 2903/1615/454 3268/1618/777
f 2976/1876/799 2977/1792/631 2906/1791/630 2905/1852/796
f 2930/1628/735 3008/1741/747 2990/1806/758 2904/1629/736
f 3016/1735/576 2794/1663/502 2795/1665/504 3015/1639/478
f 2812/1740/746 2762/1674/742 2763/1677/744 2813/1812/760
f 2801/1670/511 3014/1673/741 3013/1854/700 2802/1825/672
f 2875/1855/701 2932/1782/623 2934/1877/725 2877/1878/726
f 2877/1878/726 2934/1877/725 2935/1879/727 2878/1880/728
f 2878/1880/728 2935/1879/727 2933/1612/451 2876/1769/610
f 2871/1613/452 2933/1612/451 2935/1879/727 2873/1862/707
f 2873/1862/707 2935/1879/727 2934/1877/725 2874/1860/705
f 2874/1860/705 2934/1877/725 2932/1782/623 2872/1781/622
f 3018/1747/588 2774/1802/755 2777/1830/676 3017/1808/651
f 2936/1672/513 3000/1671/512 2978/1794/635 2907/1873/720
f 3014/1673/741 2782/1744/585 2793/1807/650 3013/1854/700
f 2924/1658/497 2989/1799/640 3271/1875/798 2923/1659/780
f 2859/1758/599 2802/1825/672 3013/1854/700 2817/1759/600
f 2927/1849/696 2977/1792/631 2976/1876/799 2926/1858/797
f 2887/1642/481 2940/1648/487 2942/1881/729 2889/1872/717
f 2889/1872/717 2942/1881/729 2943/1882/730 2890/1871/716
f 2890/1871/716 2943/1882/730 2941/1767/608 2888/1770/611
f 2883/1620/459 2941/1767/608 2943/1882/730 2885/1868/713
f 2885/1868/713 2943/1882/730 2942/1881/729 2886/1866/711
f 2886/1866/711 2942/1881/729 2940/1648/487 2884/1635/474
f 2993/1745/586 2936/1672/513 2907/1873/720 2970/1874/723
f 2938/1746/587 2993/1745/586 2970/1874/723 2922/1847/694
f 2990/1806/758 3008/1741/747 2944/1804/756 2925/1666/740
f 2803/1828/673 2764/1649/488 2773/1652/491 2804/1856/702
f 2635/1579/114 2701/1517/84 2970/1874/723 2907/1873/720
f 2632/1345/457 2711/1344/456 2979/1630/469 2904/1629/736
f 2982/1779/620 2950/1780/621 2766/1706/547 2838/1713/554
f 2948/1840/764 2984/1841/765 2837/1836/763 2765/1763/751
f 2984/1841/765 2952/1843/766 2768/1835/762 2837/1836/763
f 2960/1844/691 2986/1795/636 2836/1691/532 2771/1690/531
f 2986/1795/636 2958/1796/637 2770/1684/525 2836/1691/532
f 2956/1846/693 2988/1772/752 2835/1765/606 2769/1757/598
f 2988/1772/752 2962/1773/614 2772/1743/584 2835/1765/606
f 2763/1677/744 2809/1676/517 2894/1883/732 2823/1725/566
f 2760/1664/503 2931/1688/529 2999/1793/632 2799/1822/667
f 3016/1735/576 2937/1734/575 2994/1687/528 2794/1663/502
f 3022/1805/757 2812/1740/746 2813/1812/760 3021/1811/759
f 2896/1698/539 2895/1723/564 2819/1726/567 2818/1699/540
f 2847/1681/522 2852/1680/521 2816/1656/495 2814/1696/537
f 2764/1649/488 2929/1801/642 3007/1800/641 2810/1650/489
f 2894/1883/732 2892/1729/570 2819/1726/567 2823/1725/566
f 2972/1850/795 2996/1851/698 2830/1731/572 2780/1715/556
f 2996/1851/698 2960/1844/691 2771/1690/531 2830/1731/572
f 2962/1773/614 2998/1785/626 2829/1738/579 2772/1743/584
f 2998/1785/626 2974/1786/627 2781/1739/580 2829/1738/579
f 2899/1717/558 2901/1637/476 2828/1640/479 2824/1682/523
f 2853/1750/591 2851/1709/550 2815/1710/551 2817/1759/600
f 2891/1730/571 2893/1857/703 2820/1700/541 2818/1699/540
f 2882/1720/561 2881/1752/593 2833/1749/590 2832/1721/562
f 2950/1780/621 3004/1839/686 2826/1707/548 2766/1706/547
f 3004/1839/686 2972/1850/795 2780/1715/556 2826/1707/548
f 2974/1786/627 3006/1853/768 2825/1762/750 2781/1739/580
f 3006/1853/768 2948/1840/764 2765/1763/751 2825/1762/750
f 2858/1695/536 2857/1748/589 2815/1710/551 2814/1696/537
f 2859/1758/599 2857/1748/589 2833/1749/590 2839/1753/594
f 2858/1695/536 2860/1655/494 2834/1722/563 2832/1721/562
f 2762/1674/742 2930/1628/735 3001/1627/734 2808/1675/743
f 2958/1796/637 3010/1845/692 2822/1685/526 2770/1684/525
f 3010/1845/692 2964/1819/661 2775/1693/534 2822/1685/526
f 2966/1797/638 3012/1848/695 2821/1756/597 2776/1624/463
f 3012/1848/695 2956/1846/693 2769/1757/598 2821/1756/597
f 3014/1673/741 2936/1672/513 2993/1745/586 2782/1744/585
f 2847/1681/522 2851/1709/550 2827/1718/559 2824/1682/523
f 2902/1702/543 2900/1701/542 2827/1718/559 2831/1751/592
f 3018/1747/588 2938/1746/587 2991/1803/644 2774/1802/755
f 3005/1662/739 2908/1661/500 2872/1781/622 2947/1784/754
f 3029/1884/800 3051/1885/801 3119/1886/802 3118/1887/803
f 3043/1888/804 3027/1889/805 3117/1890/806 3116/1891/807
f 3041/1892/808 3032/1893/809 3053/1894/810 3058/1895/811
f 3043/1888/804 3095/1896/812 3069/1897/813 3027/1889/805
f 3042/1898/814 3033/1899/815 3056/1900/816 3061/1901/817
f 3058/1895/811 3053/1894/810 3035/1902/818 3045/1903/819
f 3061/1901/817 3056/1900/816 3032/1893/809 3041/1892/808
f 3039/1904/820 3030/1905/821 3054/1906/822 3059/1907/823
f 3040/1908/824 3031/1909/825 3057/1910/826 3062/1911/827
f 3059/1907/823 3054/1906/822 3038/1912/828 3050/1913/829
f 3062/1911/827 3057/1910/826 3030/1905/821 3039/1904/820
f 3108/1914/830 3036/1915/831 3114/1916/832 3113/1917/833
f 3038/1912/828 3055/1918/834 3060/1919/835 3050/1913/829
f 3036/1915/831 3094/1920/836 3070/1921/837 3106/1922/838
f 3060/1919/835 3055/1918/834 3033/1899/815 3042/1898/814
f 3090/1923/839 3120/1924/840 3123/1925/841 3074/1926/842
f 3064/1927/843 3087/1928/844 3098/1929/845 3069/1897/813
f 3092/1930/846 3125/1931/847 3126/1932/848 3078/1933/849
f 3063/1934/850 3093/1935/851 3102/1936/852 3068/1937/853
f 3051/1885/801 3102/1936/852 3071/1938/854 3108/1914/830
f 3110/1939/855 3082/1940/856 3131/1941/857 3112/1942/858
f 3046/1943/859 3098/1929/845 3072/1944/860 3110/1939/855
f 3108/1914/830 3071/1938/854 3094/1920/836 3036/1915/831
f 3110/1939/855 3072/1944/860 3035/1902/818 3082/1940/856
f 3048/1945/861 3099/1946/862 3068/1937/853 3029/1884/800
f 3076/1947/863 3075/1948/864 3120/1924/840 3090/1923/839
f 3074/1926/842 3123/1925/841 3129/1949/865 3101/1950/866
f 3080/1951/867 3124/1952/868 3125/1931/847 3092/1930/846
f 3078/1933/849 3126/1932/848 3130/1953/869 3104/1954/870
f 3094/1920/836 3083/1955/871 3065/1956/872 3070/1921/837
f 3086/1957/873 3064/1927/843 3069/1897/813 3095/1896/812
f 3093/1935/851 3066/1958/874 3071/1938/854 3102/1936/852
f 3088/1959/875 3063/1934/850 3068/1937/853 3099/1946/862
f 3087/1928/844 3067/1960/876 3072/1944/860 3098/1929/845
f 3085/1961/877 3127/1962/878 3128/1963/879 3097/1964/880
f 3097/1964/880 3128/1963/879 3124/1952/868 3080/1951/867
f 3067/1960/876 3045/1903/819 3035/1902/818 3072/1944/860
f 3101/1950/866 3129/1949/865 3127/1962/878 3085/1961/877
f 3066/1958/874 3083/1955/871 3094/1920/836 3071/1938/854
f 3104/1954/870 3130/1953/869 3131/1941/857 3082/1940/856
f 3065/1956/872 3086/1957/873 3095/1896/812 3070/1921/837
f 3076/1947/863 3090/1923/839 3057/1910/826 3031/1909/825
f 3027/1889/805 3046/1943/859 3111/1965/881 3117/1890/806
f 3046/1943/859 3110/1939/855 3112/1942/858 3111/1965/881
f 3051/1885/801 3108/1914/830 3113/1917/833 3119/1886/802
f 3036/1915/831 3106/1922/838 3115/1966/882 3114/1916/832
f 3106/1922/838 3043/1888/804 3116/1891/807 3115/1966/882
f 3048/1945/861 3029/1884/800 3118/1887/803 3049/1967/883
f 3090/1923/839 3074/1926/842 3030/1905/821 3057/1910/826
f 3080/1951/867 3092/1930/846 3056/1900/816 3033/1899/815
f 3092/1930/846 3078/1933/849 3032/1893/809 3056/1900/816
f 3027/1889/805 3069/1897/813 3098/1929/845 3046/1943/859
f 3106/1922/838 3070/1921/837 3095/1896/812 3043/1888/804
f 3029/1884/800 3068/1937/853 3102/1936/852 3051/1885/801
f 3085/1961/877 3097/1964/880 3055/1918/834 3038/1912/828
f 3097/1964/880 3080/1951/867 3033/1899/815 3055/1918/834
f 3074/1926/842 3101/1950/866 3054/1906/822 3030/1905/821
f 3101/1950/866 3085/1961/877 3038/1912/828 3054/1906/822
f 3078/1933/849 3104/1954/870 3053/1894/810 3032/1893/809
f 3104/1954/870 3082/1940/856 3035/1902/818 3053/1894/810
f 3109/1968/884 3047/1969/884 3111/1965/881 3112/1942/858
f 3037/1970/885 3107/1971/885 3113/1917/833 3114/1916/832
f 3044/1972/884 3105/1973/884 3115/1966/882 3116/1891/807
f 3105/1973/884 3037/1970/885 3114/1916/832 3115/1966/882
f 3028/1974/884 3044/1972/884 3116/1891/807 3117/1890/806
f 3047/1969/884 3028/1974/884 3117/1890/806 3111/1965/881
f 3052/1975/884 3034/1976/884 3118/1887/803 3119/1886/802
f 3034/1976/884 3121/1977/886 3049/1967/883 3118/1887/803
f 3122/1978/887 3089/1979/884 3120/1924/840 3075/1948/864
f 3089/1979/884 3073/1980/884 3123/1925/841 3120/1924/840
f 3079/1981/884 3091/1982/884 3125/1931/847 3124/1952/868
f 3091/1982/884 3077/1983/884 3126/1932/848 3125/1931/847
f 3084/1984/885 3096/1985/884 3128/1963/879 3127/1962/878
f 3096/1985/884 3079/1981/884 3124/1952/868 3128/1963/879
f 3073/1980/884 3100/1986/885 3129/1949/865 3123/1925/841
f 3100/1986/885 3084/1984/885 3127/1962/878 3129/1949/865
f 3077/1983/884 3103/1987/884 3130/1953/869 3126/1932/848
f 3103/1987/884 3081/1988/884 3131/1941/857 3130/1953/869
f 3107/1971/885 3052/1975/884 3119/1886/802 3113/1917/833
f 3081/1988/884 3109/1968/884 3112/1942/858 3131/1941/857
f 3475/1989/885 3474/1990/885 3393/1991/885 3390/1992/885
f 3480/1993/449 3481/1994/449 3397/1995/449 3391/1996/884
f 3471/1997/885 3487/1998/885 3385/1999/885 3395/2000/885
f 3470/2001/884 3471/1997/885 3395/2000/885 3387/2002/884
f 3474/1990/885 3476/2003/884 3388/2004/884 3393/1991/885
f 3482/2005/449 3483/2006/449 3384/2007/884 3396/2008/449
f 3487/1998/885 3488/2009/884 3394/2010/884 3385/1999/885
f 3483/2006/449 3470/2001/884 3387/2002/884 3384/2007/884
f 3476/2003/884 3480/1993/449 3391/1996/884 3388/2004/884
f 3139/2011/884 3475/1989/885 3390/1992/885 3392/2012/884
f 3449/1994/888 3132/1994/889 3141/1993/890 3446/1993/891
f 3446/1993/891 3141/1993/890 3146/2003/892 3443/2013/893
f 3450/2014/894 3478/2015/895 3479/2016/896 3439/2017/897
f 3433/2018/898 3477/2011/899 3478/2015/895 3450/2014/894
f 2199/1063/731 2124/972/649 3063/1934/850 3088/1959/875
f 2124/972/649 3156/971/648 3093/1935/851 3063/1934/850
f 3156/971/648 2143/827/506 3066/1958/874 3093/1935/851
f 2143/827/506 2193/826/505 3083/1955/871 3066/1958/874
f 2193/826/505 2142/1053/722 3065/1956/872 3083/1955/871
f 2142/1053/722 3155/1052/721 3086/1957/873 3065/1956/872
f 3155/1052/721 2141/1050/719 3064/1927/843 3086/1957/873
f 2141/1050/719 2198/1049/718 3087/1928/844 3064/1927/843
f 2198/1049/718 3154/957/634 3067/1960/876 3087/1928/844
f 3154/957/634 3151/956/633 3045/1903/819 3067/1960/876
f 3151/956/633 3152/979/656 3058/1895/811 3045/1903/819
f 3152/979/656 1929/983/658 3041/1892/808 3058/1895/811
f 1929/983/658 1994/1003/675 3061/1901/817 3041/1892/808
f 1994/1003/675 3150/996/670 3042/1898/814 3061/1901/817
f 3150/996/670 1991/997/671 3060/1919/835 3042/1898/814
f 1991/997/671 1933/988/662 3050/1913/829 3060/1919/835
f 1933/988/662 1989/989/663 3059/1907/823 3050/1913/829
f 1989/989/663 1928/992/666 3039/1904/820 3059/1907/823
f 1928/992/666 3153/1007/678 3062/1911/827 3039/1904/820
f 3153/1007/678 3149/1010/681 3040/1908/824 3062/1911/827
f 3457/2019/900 3462/2020/901 3423/2021/902 3417/2022/903
f 3461/2023/904 3465/2024/905 3424/2006/906 3421/2001/907
f 3458/2025/908 3157/2026/909 3136/2009/910 3426/2027/911
f 3465/2024/905 3467/2005/912 3425/2005/913 3424/2006/906
f 3439/2017/897 3479/2016/896 3145/2028/914 3434/2029/915
f 3448/1994/916 3447/1993/917 3414/1993/918 3415/1994/919
f 3163/2030/920 3252/2031/921 3253/2032/922 3185/2033/923
f 3177/2034/924 3250/2035/925 3251/2036/926 3161/2037/927
f 3175/2038/928 3192/2039/929 3187/2040/930 3166/2041/931
f 3177/2034/924 3161/2037/927 3203/2042/932 3229/2043/933
f 3176/2044/934 3195/2045/935 3190/2046/936 3167/2047/937
f 3192/2039/929 3179/2048/938 3169/2049/939 3187/2040/930
f 3195/2045/935 3175/2038/928 3166/2041/931 3190/2046/936
f 3173/2050/940 3193/2051/941 3188/2052/942 3164/2053/943
f 3174/2054/944 3196/2055/945 3191/2056/946 3165/2057/947
f 3193/2051/941 3184/2058/948 3172/2059/949 3188/2052/942
f 3196/2055/945 3173/2050/940 3164/2053/943 3191/2056/946
f 3242/2060/950 3247/2061/951 3248/2062/952 3170/2063/953
f 3172/2059/949 3184/2058/948 3194/2064/954 3189/2065/955
f 3170/2063/953 3240/2066/956 3204/2067/957 3228/2068/958
f 3194/2064/954 3176/2044/934 3167/2047/937 3189/2065/955
f 3224/2069/959 3208/2070/960 3257/2071/961 3254/2072/962
f 3198/2073/963 3203/2042/932 3232/2074/964 3221/2075/965
f 3226/2076/966 3212/2077/967 3260/2078/968 3259/2079/969
f 3197/2080/970 3202/2081/971 3236/2082/972 3227/2083/973
f 3185/2033/923 3242/2060/950 3205/2084/974 3236/2082/972
f 3244/2085/975 3246/2086/976 3265/2087/977 3216/2088/978
f 3180/2089/979 3244/2085/975 3206/2090/980 3232/2074/964
f 3242/2060/950 3170/2063/953 3228/2068/958 3205/2084/974
f 3244/2085/975 3216/2088/978 3169/2049/939 3206/2090/980
f 3182/2091/981 3163/2030/920 3202/2081/971 3233/2092/982
f 3210/2093/983 3224/2069/959 3254/2072/962 3209/2094/984
f 3208/2070/960 3235/2095/985 3263/2096/986 3257/2071/961
f 3214/2097/987 3226/2076/966 3259/2079/969 3258/2098/988
f 3212/2077/967 3238/2099/989 3264/2100/990 3260/2078/968
f 3228/2068/958 3204/2067/957 3199/2101/991 3217/2102/992
f 3220/2103/993 3229/2043/933 3203/2042/932 3198/2073/963
f 3227/2083/973 3236/2082/972 3205/2084/974 3200/2104/994
f 3222/2105/995 3233/2092/982 3202/2081/971 3197/2080/970
f 3221/2075/965 3232/2074/964 3206/2090/980 3201/2106/996
f 3219/2107/997 3231/2108/998 3262/2109/999 3261/2110/1000
f 3231/2108/998 3214/2097/987 3258/2098/988 3262/2109/999
f 3201/2106/996 3206/2090/980 3169/2049/939 3179/2048/938
f 3235/2095/985 3219/2107/997 3261/2110/1000 3263/2096/986
f 3200/2104/994 3205/2084/974 3228/2068/958 3217/2102/992
f 3238/2099/989 3216/2088/978 3265/2087/977 3264/2100/990
f 3199/2101/991 3204/2067/957 3229/2043/933 3220/2103/993
f 3210/2093/983 3165/2057/947 3191/2056/946 3224/2069/959
f 3161/2037/927 3251/2036/926 3245/2111/1001 3180/2089/979
f 3180/2089/979 3245/2111/1001 3246/2086/976 3244/2085/975
f 3185/2033/923 3253/2032/922 3247/2061/951 3242/2060/950
f 3170/2063/953 3248/2062/952 3249/2112/1002 3240/2066/956
f 3240/2066/956 3249/2112/1002 3250/2035/925 3177/2034/924
f 3182/2091/981 3183/2113/1003 3252/2031/921 3163/2030/920
f 3224/2069/959 3191/2056/946 3164/2053/943 3208/2070/960
f 3214/2097/987 3167/2047/937 3190/2046/936 3226/2076/966
f 3226/2076/966 3190/2046/936 3166/2041/931 3212/2077/967
f 3161/2037/927 3180/2089/979 3232/2074/964 3203/2042/932
f 3240/2066/956 3177/2034/924 3229/2043/933 3204/2067/957
f 3163/2030/920 3185/2033/923 3236/2082/972 3202/2081/971
f 3219/2107/997 3172/2059/949 3189/2065/955 3231/2108/998
f 3231/2108/998 3189/2065/955 3167/2047/937 3214/2097/987
f 3208/2070/960 3164/2053/943 3188/2052/942 3235/2095/985
f 3235/2095/985 3188/2052/942 3172/2059/949 3219/2107/997
f 3212/2077/967 3166/2041/931 3187/2040/930 3238/2099/989
f 3238/2099/989 3187/2040/930 3169/2049/939 3216/2088/978
f 3243/2114/1004 3246/2086/976 3245/2111/1001 3181/2115/1004
f 3171/2116/1005 3248/2062/952 3247/2061/951 3241/2117/1005
f 3178/2118/1004 3250/2035/925 3249/2112/1002 3239/2119/1004
f 3239/2119/1004 3249/2112/1002 3248/2062/952 3171/2116/1005
f 3162/2120/1004 3251/2036/926 3250/2035/925 3178/2118/1004
f 3181/2115/1004 3245/2111/1001 3251/2036/926 3162/2120/1004
f 3186/2121/1004 3253/2032/922 3252/2031/921 3168/2122/1004
f 3168/2122/1004 3252/2031/921 3183/2113/1003 3255/2123/1006
f 3256/2124/1007 3209/2094/984 3254/2072/962 3223/2125/1004
f 3223/2125/1004 3254/2072/962 3257/2071/961 3207/2126/1004
f 3213/2127/1004 3258/2098/988 3259/2079/969 3225/2128/1004
f 3225/2128/1004 3259/2079/969 3260/2078/968 3211/2129/1004
f 3218/2130/1005 3261/2110/1000 3262/2109/999 3230/2131/1004
f 3230/2131/1004 3262/2109/999 3258/2098/988 3213/2127/1004
f 3207/2126/1004 3257/2071/961 3263/2096/986 3234/2132/1005
f 3234/2132/1005 3263/2096/986 3261/2110/1000 3218/2130/1005
f 3211/2129/1004 3260/2078/968 3264/2100/990 3237/2133/1004
f 3237/2133/1004 3264/2100/990 3265/2087/977 3215/2134/1004
f 3241/2117/1005 3247/2061/951 3253/2032/922 3186/2121/1004
f 3215/2134/1004 3265/2087/977 3246/2086/976 3243/2114/1004
f 3363/1993/1008 3364/1994/1009 3331/1994/1010 3330/1993/1011
f 3355/2017/1012 3350/2029/1013 3504/2028/1014 3503/2016/1015
f 3383/2005/1016 3381/2024/1017 3340/2006/1018 3341/2005/1019
f 3374/2025/1020 3342/2027/1021 3493/2009/1022 3494/2026/1023
f 3381/2024/1017 3377/2023/1024 3337/2001/1025 3340/2006/1018
f 3378/2020/1026 3373/2019/1027 3333/2022/1028 3339/2021/1029
f 3349/2018/1030 3366/2014/1031 3502/2015/1032 3292/2011/1033
f 3366/2014/1031 3355/2017/1012 3503/2016/1015 3502/2015/1032
f 3270/1617/776 3222/2105/995 3197/2080/970 3268/1618/777
f 3268/1618/777 3197/2080/970 3227/2083/973 3271/1875/798
f 3271/1875/798 3227/2083/973 3200/2104/994 2923/1659/780
f 2923/1659/780 3200/2104/994 3217/2102/992 2968/1660/781
f 2968/1660/781 3217/2102/992 3199/2101/991 2920/1789/782
f 2920/1789/782 3199/2101/991 3220/2103/993 3269/1790/783
f 3269/1790/783 3220/2103/993 3198/2073/963 2905/1852/796
f 2905/1852/796 3198/2073/963 3221/2075/965 2976/1876/799
f 2976/1876/799 3221/2075/965 3201/2106/996 2926/1858/797
f 2926/1858/797 3201/2106/996 3179/2048/938 2797/1814/784
f 2797/1814/784 3179/2048/938 3192/2039/929 2844/1815/785
f 2844/1815/785 3192/2039/929 3175/2038/928 2790/1817/786
f 2790/1817/786 3175/2038/928 3195/2045/935 2863/1831/792
f 2863/1831/792 3195/2045/935 3176/2044/934 3267/1826/790
f 3267/1826/790 3176/2044/934 3194/2064/954 2856/1827/791
f 2856/1827/791 3194/2064/954 3184/2058/948 2806/1820/787
f 2806/1820/787 3184/2058/948 3193/2051/941 2850/1821/788
f 2850/1821/788 3193/2051/941 3173/2050/940 3266/1824/789
f 3266/1824/789 3173/2050/940 3196/2055/945 2866/1833/793
f 2866/1833/793 3196/2055/945 3174/2054/944 2786/1837/794
f 3362/1993/1034 3359/2013/1035 3501/2003/1036 3500/1993/1037
f 3365/1994/1038 3362/1993/1034 3500/1993/1037 3499/1994/1039
f 3276/2135/449 3275/2136/449 3278/2137/449 3277/2138/449
f 3506/2011/1004 3308/2012/1004 3306/1992/1005 3505/1989/1005
f 3285/2003/1004 3304/2004/1004 3307/1996/1004 3290/1993/1004
f 3496/2006/1004 3300/2007/1004 3303/2002/1004 3497/2001/1004
f 3492/1998/1005 3301/1999/1005 3310/2010/1004 3295/2009/1004
f 3498/2005/446 3312/2008/446 3300/2007/1004 3496/2006/1004
f 3507/1990/1005 3309/1991/1005 3304/2004/1004 3285/2003/1004
f 3497/2001/1004 3303/2002/1004 3311/2000/1005 3491/1997/1005
f 3491/1997/1005 3311/2000/1005 3301/1999/1005 3492/1998/1005
f 3290/1993/1004 3307/1996/1004 3313/1995/446 3299/1994/446
f 3505/1989/1005 3306/1992/1005 3309/1991/1005 3507/1990/1005
f 3508/2139/1005 3509/2022/1005 3315/2140/1005 3316/2141/1005
f 3509/2022/1005 3490/2021/1005 3314/2142/1005 3315/2140/1005
f 3490/2021/1005 3489/2143/1005 3302/2144/1005 3314/2142/1005
f 3286/2028/1005 3508/2139/1005 3316/2141/1005 3305/2145/1005
f 3286/2028/1005 3305/2145/1005 3320/2146/1004 3291/2016/1004
f 3489/2143/1005 3495/2147/1004 3318/2148/1004 3302/2144/1005
f 3291/2016/1004 3320/2146/1004 3319/2149/1004 3287/2015/1004
f 3287/2015/1004 3319/2149/1004 3308/2012/1004 3506/2011/1004
f 3282/2026/1004 3295/2009/1004 3310/2010/1004 3317/2150/1004
f 3495/2147/1004 3282/2026/1004 3317/2150/1004 3318/2148/1004
f 3354/2151/1040 3367/2152/1041 3328/2015/1042 3327/2016/1043
f 3356/2153/1044 3347/2154/1045 3338/2143/1046 3334/2147/1047
f 3380/2006/1048 3382/2005/1049 3298/2005/1050 3280/2006/1051
f 3376/2001/1052 3380/2006/1048 3280/2006/1051 3284/2001/1053
f 3372/2155/1054 3379/2156/1055 3297/2021/1056 3288/2022/1057
f 3379/2156/1055 3346/2157/1058 3283/2143/1059 3297/2021/1056
f 3371/2158/1060 3352/2159/1061 3296/1997/1062 3281/1998/1063
f 3357/2160/1064 3374/2025/1020 3494/2026/1023 3279/2147/1065
f 3361/2161/1066 3372/2155/1054 3288/2022/1057 3294/2139/1067
f 3373/2019/1027 3360/2162/1068 3332/2139/1069 3333/2022/1028
f 3369/2163/1070 3344/2164/1071 3323/1990/1072 3325/1989/1073
f 3350/2029/1013 3361/2161/1066 3294/2139/1067 3504/2028/1014
f 3367/2152/1041 3348/2165/1074 3324/2011/1075 3328/2015/1042
f 3377/2023/1024 3353/2166/1076 3336/1997/1077 3337/2001/1025
f 3344/2164/1071 3358/2167/1078 3329/2003/1079 3323/1990/1072
f 3375/2168/1080 3356/2153/1044 3334/2147/1047 3335/2026/1081
f 3353/2166/1076 3370/1998/1082 3322/1998/1083 3336/1997/1077
f 3343/2169/1084 3375/2168/1080 3335/2026/1081 3321/2009/1085
f 3351/2170/1086 3354/2151/1040 3327/2016/1043 3326/2028/1087
f 3348/2165/1074 3369/2163/1070 3325/1989/1073 3324/2011/1075
f 3347/2154/1045 3378/2020/1026 3339/2021/1029 3338/2143/1046
f 3368/2171/1088 3349/2018/1030 3292/2011/1033 3289/1989/1089
f 3346/2157/1058 3357/2160/1064 3279/2147/1065 3283/2143/1059
f 3454/1998/1090 3406/1998/1091 3405/2009/1092 3427/2169/1093
f 3352/2159/1061 3376/2001/1052 3284/2001/1053 3296/1997/1062
f 3359/2013/1035 3345/2172/1094 3293/1990/1095 3501/2003/1036
f 3345/2172/1094 3368/2171/1088 3289/1989/1089 3293/1990/1095
f 3358/2167/1078 3363/1993/1008 3330/1993/1011 3329/2003/1079
f 3360/2162/1068 3351/2170/1086 3326/2028/1087 3332/2139/1069
f 3342/2027/1021 3371/2158/1060 3281/1998/1063 3493/2009/1022
f 3343/2169/1084 3370/1998/1082 3371/2158/1060 3342/2027/1021
f 3375/2168/1080 3343/2169/1084 3342/2027/1021 3374/2025/1020
f 3351/2170/1086 3360/2162/1068 3361/2161/1066 3350/2029/1013
f 3363/1993/1008 3358/2167/1078 3359/2013/1035 3362/1993/1034
f 3364/1994/1009 3363/1993/1008 3362/1993/1034 3365/1994/1038
f 3381/2024/1017 3383/2005/1016 3382/2005/1049 3380/2006/1048
f 3377/2023/1024 3381/2024/1017 3380/2006/1048 3376/2001/1052
f 3373/2019/1027 3378/2020/1026 3379/2156/1055 3372/2155/1054
f 3347/2154/1045 3356/2153/1044 3357/2160/1064 3346/2157/1058
f 3353/2166/1076 3377/2023/1024 3376/2001/1052 3352/2159/1061
f 3356/2153/1044 3375/2168/1080 3374/2025/1020 3357/2160/1064
f 3360/2162/1068 3373/2019/1027 3372/2155/1054 3361/2161/1066
f 3367/2152/1041 3354/2151/1040 3355/2017/1012 3366/2014/1031
f 3354/2151/1040 3351/2170/1086 3350/2029/1013 3355/2017/1012
f 3369/2163/1070 3348/2165/1074 3349/2018/1030 3368/2171/1088
f 3348/2165/1074 3367/2152/1041 3366/2014/1031 3349/2018/1030
f 3378/2020/1026 3347/2154/1045 3346/2157/1058 3379/2156/1055
f 3358/2167/1078 3344/2164/1071 3345/2172/1094 3359/2013/1035
f 3370/1998/1082 3353/2166/1076 3352/2159/1061 3371/2158/1060
f 3344/2164/1071 3369/2163/1070 3368/2171/1088 3345/2172/1094
f 3472/2139/885 3400/2141/885 3399/2140/885 3469/2022/885
f 3469/2022/885 3399/2140/885 3398/2142/885 3468/2021/885
f 3468/2021/885 3398/2142/885 3386/2144/885 3485/2143/885
f 3473/2028/885 3389/2145/885 3400/2141/885 3472/2139/885
f 3473/2028/885 3140/2016/884 3404/2146/884 3389/2145/885
f 3485/2143/885 3386/2144/885 3402/2148/884 3484/2147/884
f 3140/2016/884 3144/2015/884 3403/2149/884 3404/2146/884
f 3144/2015/884 3139/2011/884 3392/2012/884 3403/2149/884
f 3486/2026/884 3401/2150/884 3394/2010/884 3488/2009/884
f 3484/2147/884 3402/2148/884 3401/2150/884 3486/2026/884
f 3451/2152/1096 3438/2151/1097 3411/2016/1098 3412/2015/1099
f 3431/2154/1100 3440/2153/1101 3418/2147/1102 3422/2143/1103
f 3464/2006/1104 3159/2006/1105 3133/2005/1106 3466/2005/1107
f 3460/2001/1108 3147/2001/1109 3159/2006/1105 3464/2006/1104
f 3456/2155/1110 3143/2022/1111 3134/2021/1112 3463/2156/1113
f 3463/2156/1113 3134/2021/1112 3148/2143/1114 3430/2157/1115
f 3455/2158/1116 3158/1998/1117 3135/1997/1118 3436/2159/1119
f 3441/2160/1120 3160/2147/1121 3157/2026/909 3458/2025/908
f 3445/2161/1122 3137/2139/1123 3143/2022/1111 3456/2155/1110
f 3444/2162/1124 3457/2019/900 3417/2022/903 3416/2139/1125
f 3428/2164/1126 3453/2163/1127 3409/1989/1128 3407/1990/1129
f 3434/2029/915 3145/2028/914 3137/2139/1123 3445/2161/1122
f 3432/2165/1130 3451/2152/1096 3412/2015/1099 3408/2011/1131
f 3437/2166/1132 3461/2023/904 3421/2001/907 3420/1997/1133
f 3442/2167/1134 3428/2164/1126 3407/1990/1129 3413/2003/1135
f 3440/2153/1101 3459/2168/1136 3419/2026/1137 3418/2147/1102
f 3454/1998/1090 3437/2166/1132 3420/1997/1133 3406/1998/1091
f 3459/2168/1136 3427/2169/1093 3405/2009/1092 3419/2026/1137
f 3438/2151/1097 3435/2170/1138 3410/2028/1139 3411/2016/1098
f 3453/2163/1127 3432/2165/1130 3408/2011/1131 3409/1989/1128
f 3462/2020/901 3431/2154/1100 3422/2143/1103 3423/2021/902
f 3452/2171/1140 3142/1989/1141 3477/2011/899 3433/2018/898
f 3430/2157/1115 3148/2143/1114 3160/2147/1121 3441/2160/1120
f 3436/2159/1119 3135/1997/1118 3147/2001/1109 3460/2001/1108
f 3443/2013/893 3146/2003/892 3138/1990/1142 3429/2172/1143
f 3429/2172/1143 3138/1990/1142 3142/1989/1141 3452/2171/1140
f 3447/1993/917 3442/2167/1134 3413/2003/1135 3414/1993/918
f 3435/2170/1138 3444/2162/1124 3416/2139/1125 3410/2028/1139
f 3426/2027/911 3136/2009/910 3158/1998/1117 3455/2158/1116
f 3427/2169/1093 3426/2027/911 3455/2158/1116 3454/1998/1090
f 3459/2168/1136 3458/2025/908 3426/2027/911 3427/2169/1093
f 3435/2170/1138 3434/2029/915 3445/2161/1122 3444/2162/1124
f 3447/1993/917 3446/1993/891 3443/2013/893 3442/2167/1134
f 3448/1994/916 3449/1994/888 3446/1993/891 3447/1993/917
f 3465/2024/905 3464/2006/1104 3466/2005/1107 3467/2005/912
f 3461/2023/904 3460/2001/1108 3464/2006/1104 3465/2024/905
f 3457/2019/900 3456/2155/1110 3463/2156/1113 3462/2020/901
f 3431/2154/1100 3430/2157/1115 3441/2160/1120 3440/2153/1101
f 3437/2166/1132 3436/2159/1119 3460/2001/1108 3461/2023/904
f 3440/2153/1101 3441/2160/1120 3458/2025/908 3459/2168/1136
f 3444/2162/1124 3445/2161/1122 3456/2155/1110 3457/2019/900
f 3451/2152/1096 3450/2014/894 3439/2017/897 3438/2151/1097
f 3438/2151/1097 3439/2017/897 3434/2029/915 3435/2170/1138
f 3453/2163/1127 3452/2171/1140 3433/2018/898 3432/2165/1130
f 3432/2165/1130 3433/2018/898 3450/2014/894 3451/2152/1096
f 3462/2020/901 3463/2156/1113 3430/2157/1115 3431/2154/1100
f 3442/2167/1134 3443/2013/893 3429/2172/1143 3428/2164/1126
f 3454/1998/1090 3455/2158/1116 3436/2159/1119 3437/2166/1132
f 3428/2164/1126 3429/2172/1143 3452/2171/1140 3453/2163/1127
f 3343/2169/1084 3321/2009/1085 3322/1998/1083 3370/1998/1082
usemtl black
f 3751/1/165 3757/1/165 3754/1/165 3750/1/165
f 3755/1/165 3754/1/165 3757/1/165 3756/1/165
f 3756/1/165 3753/1/165 3752/1/165 3755/1/165
usemtl weathered_brown_planks
f 3761/2199/1 3759/2200/1 3763/2201/1 3764/2202/1
f 3762/2203/1 3765/2204/1 3764/2202/1 3763/2201/1
f 3765/2204/1 3762/2203/1 3760/2205/1 3758/2206/1
f 3765/2204/446 3768/2207/446 3769/2208/446 3764/2202/446
f 3763/2201/449 3766/2209/449 3767/2210/449 3762/2203/449
l 1769 1768
l 1873 1768
l 1874 1873
l 1756 1753
l 1750 1756
l 1751 1750
l 3272 3273
l 3273 3274
