<?xml version="1.0" encoding="utf-8"?>
<COLLADA xmlns="http://www.collada.org/2005/11/COLLADASchema" version="1.4.1" xmlns:xsi="http://www.w3.org/2001/XMLSchema-instance">
  <asset>
    <contributor>
      <author>Blender User</author>
      <authoring_tool>Blender 4.5.3 LTS commit date:2025-09-08, commit time:12:46, hash:67807e1800cc</authoring_tool>
    </contributor>
    <created>2025-09-13T15:15:33</created>
    <modified>2025-09-13T15:15:33</modified>
    <unit name="meter" meter="1"/>
    <up_axis>Z_UP</up_axis>
  </asset>
  <library_effects>
    <effect id="MI_KB3D_MTM_PlantsHTC-effect">
      <profile_COMMON>
        <newparam sid="MI_KB3D_MTM_PlantsHTC_BaseColor-surface">
          <surface type="2D">
            <init_from>MI_KB3D_MTM_PlantsHTC_BaseColor</init_from>
          </surface>
        </newparam>
        <newparam sid="MI_KB3D_MTM_PlantsHTC_BaseColor-sampler">
          <sampler2D>
            <source>MI_KB3D_MTM_PlantsHTC_BaseColor-surface</source>
          </sampler2D>
        </newparam>
        <technique sid="common">
          <lambert>
            <emission>
              <color sid="emission">0 0 0 1</color>
            </emission>
            <diffuse>
              <texture texture="MI_KB3D_MTM_PlantsHTC_BaseColor-sampler" texcoord="UVMap"/>
            </diffuse>
            <index_of_refraction>
              <float sid="ior">1.5</float>
            </index_of_refraction>
          </lambert>
        </technique>
      </profile_COMMON>
    </effect>
    <effect id="MI_KB3D_MTM_WoodOldD-effect">
      <profile_COMMON>
        <newparam sid="MI_KB3D_MTM_WoodOldD_BaseColor-surface">
          <surface type="2D">
            <init_from>MI_KB3D_MTM_WoodOldD_BaseColor</init_from>
          </surface>
        </newparam>
        <newparam sid="MI_KB3D_MTM_WoodOldD_BaseColor-sampler">
          <sampler2D>
            <source>MI_KB3D_MTM_WoodOldD_BaseColor-surface</source>
          </sampler2D>
        </newparam>
        <technique sid="common">
          <lambert>
            <emission>
              <color sid="emission">0 0 0 1</color>
            </emission>
            <diffuse>
              <texture texture="MI_KB3D_MTM_WoodOldD_BaseColor-sampler" texcoord="UVMap"/>
            </diffuse>
            <index_of_refraction>
              <float sid="ior">1.5</float>
            </index_of_refraction>
          </lambert>
        </technique>
      </profile_COMMON>
    </effect>
  </library_effects>
  <library_images>
    <image id="MI_KB3D_MTM_PlantsHTC_BaseColor" name="MI_KB3D_MTM_PlantsHTC_BaseColor">
      <init_from>MI_KB3D_MTM_PlantsHTC_BaseColor.png</init_from>
    </image>
    <image id="MI_KB3D_MTM_WoodOldD_BaseColor" name="MI_KB3D_MTM_WoodOldD_BaseColor">
      <init_from>MI_KB3D_MTM_WoodOldD_BaseColor.jpg</init_from>
    </image>
  </library_images>
  <library_materials>
    <material id="MI_KB3D_MTM_PlantsHTC-material" name="MI_KB3D_MTM_PlantsHTC">
      <instance_effect url="#MI_KB3D_MTM_PlantsHTC-effect"/>
    </material>
    <material id="MI_KB3D_MTM_WoodOldD-material" name="MI_KB3D_MTM_WoodOldD">
      <instance_effect url="#MI_KB3D_MTM_WoodOldD-effect"/>
    </material>
  </library_materials>
  <library_geometries>
    <geometry id="SM_KB3D_MTM_PropCropTomatoes_A_Main-mesh" name="SM_KB3D_MTM_PropCropTomatoes_A_Main">
      <mesh>
        <source id="SM_KB3D_MTM_PropCropTomatoes_A_Main-mesh-positions">
          <float_array id="SM_KB3D_MTM_PropCropTomatoes_A_Main-mesh-positions-array" count="7185">-0.06765174 0.01582634 0.1164472 -0.07760906 0.006273746 0.1122266 -0.0803337 -0.007499992 0.1545104 -0.06869029 0.003566443 0.1594467 -0.07273483 -0.03268039 0.1871129 -0.05948543 -0.02016371 0.192727 -0.05931371 -0.05789452 0.1973477 -0.04413318 -0.04363048 0.2037782 -0.03034204 -0.1095182 0.2130154 -0.01105493 -0.09156203 0.2211838 -0.008089005 -0.1494554 0.2266914 0.01636981 -0.1269868 0.2365597 0.02537727 -0.1600568 0.2264487 -0.01981252 -0.1844087 0.2397605 0.04872035 -0.1215118 0.2557393 -0.001077592 -0.1989535 0.2470518 0.05856132 -0.1458652 0.2612314 0.03857994 -0.1775863 0.2315103 0.09090518 -0.1837402 0.2685514 0.07650756 -0.2123686 0.2094247 0.03487491 -0.2377474 0.2439836 0.1104441 -0.2483955 0.1878388 -0.04692453 -0.05354577 0.1967773 -0.05125236 -0.04926526 0.1996151 -0.05298423 -0.05270105 0.202144 -0.04797452 -0.05770045 0.198868 -0.05841439 -0.07213681 0.2197363 -0.05169671 -0.07859081 0.2167566 -0.06440639 -0.08760255 0.2203807 -0.07367604 -0.07282942 0.2395682 -0.04219144 -0.1037756 0.2188944 -0.08388036 -0.07964068 0.2499527 -0.04247945 -0.1225011 0.2232362 -0.0719366 -0.1001055 0.2245535 -0.05179208 -0.1526531 0.2379382 -0.08628076 -0.1293051 0.2376747 -0.0983743 -0.1080005 0.2687787 -0.1064605 -0.1725228 0.2646989 -0.04911893 -0.05934685 0.199432 -0.04404443 -0.06525766 0.2022305 -0.04084199 -0.06166279 0.204793 -0.04671281 -0.05477583 0.20156 -0.02896499 -0.04313421 0.2260203 -0.03605175 -0.03458833 0.2216434 -0.01651382 -0.02730417 0.2185663 -0.004761695 -0.04731887 0.2413136 -0.04173374 -0.004556894 0.2210211 0.01090621 -0.04164338 0.2488752 -0.03723526 0.01710218 0.2252756 -0.004066467 -0.01413905 0.2212557 -0.01770401 0.05003917 0.2397186 0.02140516 0.01694339 0.2303016 0.0372467 -0.01190912 0.2550923 0.05889409 0.06266969 0.2552371 -0.01395601 -0.09970617 0.2176933 -0.02095025 -0.09698462 0.21496 -0.03052324 -0.1119805 0.2186552 -0.01812928 -0.116501 0.2193662 -0.04542917 -0.1295703 0.2354192 -0.0320453 -0.1344227 0.2375482 -0.0460233 -0.1566059 0.2247444 -0.08204549 -0.1389 0.2337676 -0.01798909 -0.1611846 0.2534476 -0.1033945 -0.1540165 0.2374505 -0.01833242 -0.1855102 0.2602041 -0.05563157 -0.1790254 0.2249517 -0.03499978 -0.2330098 0.2712684 -0.07795614 -0.2293192 0.234033 -0.1334457 -0.2023763 0.2561417 -0.1180019 -0.3043179 0.2628369 -0.02167314 -0.09693795 0.2135049 -0.02022737 -0.1072438 0.2154448 -0.01513952 -0.1058297 0.2202675 -0.0167331 -0.09392589 0.2180937 0.007944107 -0.09760618 0.2498349 0.006187438 -0.08322834 0.2479546 0.0328722 -0.08655828 0.2440614 0.0285263 -0.1184693 0.2598749 0.01850986 -0.04661649 0.2522112 0.0473566 -0.1229096 0.2644265 0.03547191 -0.02659136 0.2566086 0.05400085 -0.08062064 0.2482542 0.07399749 -0.006937742 0.276642 0.09600067 -0.06849724 0.2626799 0.09192466 -0.1127843 0.282295 0.1367874 -0.06813752 0.2717815 -0.08447647 0.0107845 0.187328 -0.07893562 0.01739668 0.1865645 -0.07857227 0.02043336 0.2292906 -0.0850687 0.01276814 0.2302003 -0.08771038 0.03276729 0.2627101 -0.09510898 0.02410203 0.2637535 -0.1014118 0.04850697 0.2738559 -0.1099053 0.03862857 0.2750612 -0.1302137 0.08108717 0.2897771 -0.1411972 0.06890678 0.2916985 -0.150279 0.1038606 0.2950913 -0.1646004 0.08893269 0.2976973 -0.1734476 0.1132498 0.2858551 -0.1317597 0.1366207 0.3033684 -0.1975813 0.07223588 0.3146699 -0.1335297 0.1503965 0.3148671 -0.2140942 0.07387804 0.3299896 -0.1836987 0.1225255 0.287417 -0.2413449 0.09448719 0.3349714 -0.2027654 0.134155 0.2810065 -0.1640043 0.1759248 0.3135582 -0.2337656 0.1615242 0.2758613 -0.1099978 0.04570579 0.2704782 -0.106247 0.04216468 0.2733157 -0.1048241 0.04484426 0.2764489 -0.1091681 0.04897922 0.2731782 -0.1009293 0.05845892 0.2966606 -0.1068363 0.06346499 0.2935999 -0.09552001 0.07264298 0.3001263 -0.08826828 0.05725902 0.3181236 -0.1151905 0.08245837 0.2960162 -0.0796318 0.06256163 0.3305268 -0.114419 0.0967701 0.2997646 -0.08883285 0.08364713 0.3064671 -0.1053648 0.119283 0.3135127 -0.07616424 0.1078222 0.3233843 -0.06758594 0.08517241 0.3544123 -0.06145 0.1404381 0.3537332 -0.1063538 0.04293149 0.2732158 -0.1095343 0.04831194 0.2749576 -0.1119452 0.0461471 0.2793332 -0.1082687 0.03988629 0.2773398 -0.1174851 0.03941261 0.3065647 -0.1132755 0.03101766 0.304135 -0.1321287 0.02760338 0.3068652 -0.1337967 0.0511527 0.321575 -0.1109161 0.008251309 0.3119933 -0.1448631 0.0540961 0.3329877 -0.1153545 -0.005605638 0.3232485 -0.1432437 0.02194327 0.3145552 -0.1308898 -0.02288454 0.349709 -0.1645812 0.008465468 0.3370796 -0.1640444 0.04591929 0.3607507 -0.194374 -0.02402186 0.3870922 -0.140708 0.07417142 0.2898328 -0.1343498 0.07386821 0.2886147 -0.1254168 0.08710098 0.2938293 -0.1364126 0.08828836 0.2920061 -0.1120415 0.1001353 0.3112554 -0.123786 0.1008595 0.3099423 -0.1097918 0.1240791 0.2997452 -0.07945537 0.1157054 0.3188765 -0.1352768 0.1153235 0.3180112 -0.06146526 0.1307768 0.3294829 -0.1337967 0.1329837 0.3219441 -0.1027012 0.140501 0.3032508 -0.1238537 0.1664602 0.3358327 -0.1021071 0.1669488 0.3017832 -0.05145168 0.1609204 0.3310468 -0.1017618 0.2108139 0.2929361 -0.1336269 0.07431173 0.287412 -0.1347237 0.08210289 0.289119 -0.1395693 0.07881528 0.2924332 -0.1383743 0.06977373 0.2905322 -0.1616125 0.06294739 0.3128405 -0.1601658 0.05372077 0.3110141 -0.1835213 0.05507999 0.3025702 -0.1797514 0.07230812 0.3194636 -0.17171 0.02978175 0.3147425 -0.196805 0.07139182 0.3242635 -0.1876478 0.01515299 0.3238401 -0.202661 0.04955148 0.3053674 -0.2092652 -0.001817882 0.3208212 -0.2308106 0.03805935 0.3001339 -0.2336669 0.0571624 0.3358271 -0.2580819 0.02124094 0.2825285 -0.05016702 -0.06970602 -0.302706 -0.06138318 -0.05878221 -0.2994906 -0.06618118 -0.07298153 -0.2603473 -0.05316156 -0.08576989 -0.2640784 -0.08283323 -0.09583425 -0.2300396 -0.06810855 -0.1103758 -0.2342615 -0.1035232 -0.1166289 -0.2201736 -0.08671373 -0.1333138 -0.2249954 -0.1468067 -0.1588521 -0.2048584 -0.125617 -0.1800628 -0.2109377 -0.1799821 -0.1919242 -0.1916883 -0.1534471 -0.2187768 -0.1994878 -0.1899909 -0.2248315 -0.2013902 -0.2080268 -0.1934449 -0.1680148 -0.1480913 -0.2525885 -0.1867848 -0.2267494 -0.2042756 -0.1510513 -0.1549692 -0.2785389 -0.1719413 -0.2051539 -0.2418164 -0.1975229 -0.189114 -0.3164869 -0.164938 -0.2418255 -0.274885 -0.220231 -0.2632031 -0.2453921 -0.1490802 -0.3099507 -0.3290611 -0.2574692 -0.1042289 -0.1374299 -0.2241423 -0.09883111 -0.1332857 -0.2245606 -0.09996122 -0.1306935 -0.2215802 -0.1062364 -0.135486 -0.2210739 -0.1056146 -0.1197205 -0.2011041 -0.113182 -0.1259255 -0.1993963 -0.116065 -0.1116863 -0.1958476 -0.09407037 -0.1012743 -0.1884987 -0.1332025 -0.1314557 -0.1855642 -0.09256356 -0.08858728 -0.1798531 -0.1454572 -0.127907 -0.1747651 -0.1223115 -0.1019314 -0.1892967 -0.1599626 -0.1122138 -0.1532491 -0.1354503 -0.08635389 -0.1699092 -0.1027288 -0.06828576 -0.1568053 -0.1500482 -0.07789689 -0.1327863 -0.1025342 -0.1291663 -0.2224105 -0.1074495 -0.1358376 -0.2204432 -0.1038084 -0.1389242 -0.2204338 -0.09807485 -0.1312018 -0.2227196 -0.08333486 -0.1534839 -0.2121969 -0.0762977 -0.1439513 -0.2154018 -0.0708999 -0.1590703 -0.226817 -0.08479017 -0.1814269 -0.2073039 -0.04923909 -0.132893 -0.2215757 -0.07813256 -0.1980118 -0.2060918 -0.02905172 -0.1342945 -0.2252979 -0.0588836 -0.1687002 -0.2324957 0.002845764 -0.1506286 -0.2290427 -0.02943509 -0.1896401 -0.2404572 -0.04851907 -0.2225009 -0.2081576 0.01581954 -0.2239221 -0.2440895 -0.1362848 -0.1748715 -0.2098476 -0.1341695 -0.1671069 -0.2102519 -0.1466693 -0.1626394 -0.1999423 -0.1509513 -0.1749011 -0.2026675 -0.1588077 -0.158421 -0.1764064 -0.1631383 -0.172132 -0.1782491 -0.185194 -0.1593214 -0.1779358 -0.1664867 -0.1266703 -0.1621596 -0.1845154 -0.1954292 -0.1634978 -0.1787633 -0.1116235 -0.1475855 -0.2050762 -0.2021126 -0.1516246 -0.2050538 -0.1550198 -0.1685445 -0.2451844 -0.2000261 -0.1244094 -0.2479028 -0.1476826 -0.1401869 -0.2177801 -0.1003138 -0.1091184 -0.3086347 -0.1359808 -0.0830428 -0.1343908 -0.1659406 -0.211188 -0.1433258 -0.1698821 -0.207482 -0.1412582 -0.1758729 -0.2057532 -0.130928 -0.1714092 -0.2100059 -0.1286745 -0.2055264 -0.1917838 -0.1161241 -0.2004253 -0.1966606 -0.1201457 -0.224593 -0.2065593 -0.1450213 -0.2334074 -0.1812794 -0.08190053 -0.2074549 -0.2036951 -0.1472606 -0.2552945 -0.1773773 -0.06171792 -0.223631 -0.2039239 -0.1137037 -0.2455134 -0.2086154 -0.03875821 -0.265905 -0.1967735 -0.0968284 -0.2929712 -0.206594 -0.1327905 -0.3051199 -0.170726 -0.07285398 -0.3677215 -0.1901447 -0.06201744 -0.01204437 0.405923 -0.06303024 -0.01093167 0.4046726 -0.06415271 -0.01095694 0.4055503 -0.06298542 -0.01224982 0.4070093 -0.06956481 -0.009931623 0.4114204 -0.06810569 -0.01125878 0.4134718 -0.07308959 -0.01269698 0.4144238 -0.07585716 -0.006012082 0.4118428 -0.06846427 -0.01408284 0.4208906 -0.0805149 -0.005161643 0.4133227 -0.07108306 -0.01600295 0.4257875 -0.0770483 -0.01418119 0.4169147 -0.07854652 -0.01773881 0.4334077 -0.08568763 -0.01653772 0.4235062 -0.08963871 -0.005915284 0.4203188 -0.09889125 -0.0179792 0.4342243 -0.0635519 -0.0124526 0.4073198 -0.06304264 -0.01231402 0.4096676 -0.06196403 -0.01083737 0.409492 -0.06254768 -0.01098853 0.4067648 -0.05847644 -0.001483678 0.4088849 -0.05910968 -0.001751482 0.4054856 -0.05242919 4.46551e-5 0.4058588 -0.05351352 0.003585934 0.4145912 -0.05725574 0.00252515 0.3975564 -0.04936981 0.008286416 0.4163157 -0.05391311 0.007451713 0.393427 -0.0476427 0.003770351 0.4045749 -0.04596996 0.01792973 0.3896054 -0.03792381 0.01356655 0.4015952 -0.04023456 0.01979476 0.4145524 -0.02455615 0.03055328 0.3982991 -0.05984973 -0.011689 0.423322 -0.06127357 -0.01246494 0.4215007 -0.06605148 -0.01462364 0.4242775 -0.06310367 -0.0142706 0.4269816 -0.07387447 -0.01420205 0.4284325 -0.07081604 -0.01346343 0.4314944 -0.07611083 -0.0213772 0.4336292 -0.08520412 -0.01879239 0.4258937 -0.07135486 -0.01264661 0.4413613 -0.09334754 -0.02182787 0.4272249 -0.07485389 -0.01484954 0.4478483 -0.08141422 -0.02564114 0.4377881 -0.08604145 -0.02086293 0.4582817 -0.09434312 -0.03302979 0.4479627 -0.1091613 -0.02697479 0.4370224 -0.1169824 -0.04058367 0.4639574 -0.06133651 -0.01288682 0.4212402 -0.0622797 -0.01394373 0.4240868 -0.0611248 -0.01209676 0.4249134 -0.06002044 -0.01085317 0.4216423 -0.05644321 -0.001329064 0.4291172 -0.05509948 2.87425e-4 0.4252302 -0.04774761 0.001323819 0.429208 -0.05440902 7.93157e-4 0.4383447 -0.04821777 0.009263038 0.4189687 -0.05065727 0.004481494 0.4430384 -0.04238796 0.01723939 0.4178024 -0.04187679 0.006071209 0.4313876 -0.03215026 0.03157347 0.4214487 -0.02990341 0.01867896 0.4365972 -0.03950595 0.01768946 0.4496292 -0.01447105 0.04029077 0.4467264 -0.0626583 -0.009795308 0.3961461 -0.0654602 -0.0124576 0.3965784 -0.06510925 -0.01256084 0.4053246 -0.06190109 -0.009518265 0.4048467 -0.06342029 -0.01398932 0.4228343 -0.05935287 -0.01014113 0.422265 -0.06233596 -0.01473307 0.4365349 -0.057168 -0.009933829 0.4358575 -0.0563364 -0.01631444 0.4435675 -0.07322406 -0.02007573 0.4451677 -0.04911994 0.002082169 0.4417276 -0.07680511 -0.02017307 0.4525607 -0.04754352 0.007217466 0.4492114 -0.05504703 -0.01687651 0.4499455 -0.04430675 0.005584418 0.4633402 -0.04612159 -0.02546525 0.4605583 -0.07190704 -0.02283459 0.4671653 -0.03234481 -0.04168868 0.4795273 -0.07236194 -0.004152536 0.01664036 -0.05709743 -0.009202778 0.01985752 -0.05768299 0.008183181 0.05799353 -0.07544898 0.01414448 0.05425459 -0.0514307 0.03781974 0.0862956 -0.0715599 0.04463291 0.08206087 -0.04120349 0.06597614 0.09409415 -0.06421756 0.07382929 0.08925396 -0.01941871 0.1233813 0.1051555 -0.04850387 0.1334419 0.09904468 -0.002989768 0.1681162 0.115027 -0.03954887 0.1809689 0.1071732 -0.008605957 0.2015998 0.1031888 0.02192968 0.1829674 0.1370229 -0.0579071 0.2099888 0.1186265 0.03474897 0.2017511 0.152464 -0.06227684 0.2373192 0.1318562 -0.001972198 0.2236039 0.105461 -0.04725748 0.2864885 0.1352857 0.01659768 0.2675064 0.07935053 0.05037969 0.2544349 0.1506049 0.05430406 0.3428205 0.03612101 -0.04982471 0.08492434 0.08905333 -0.05296611 0.07887363 0.08911108 -0.05076313 0.07719796 0.0921474 -0.04710006 0.08421033 0.09210151 -0.04043865 0.07097786 0.1127961 -0.03617095 0.0798906 0.1138151 -0.02743053 0.06845492 0.1178754 -0.04273128 0.05024069 0.1268371 -0.02001571 0.09422445 0.1263146 -0.03848361 0.03868836 0.1361365 -0.007123947 0.09687745 0.1366182 -0.01746368 0.06268745 0.124545 0.0132417 0.09018588 0.1580672 0.001559197 0.05538737 0.143936 -0.02005195 0.02609813 0.1595552 0.01936525 0.05628794 0.1806083 -0.04780864 0.07684743 0.09125751 -0.04613304 0.08508056 0.09265118 -0.05073738 0.0863384 0.09270417 -0.0527172 0.07678908 0.09108477 -0.0752201 0.09141016 0.1012982 -0.07763767 0.07961457 0.0989148 -0.08924102 0.09027796 0.08709633 -0.08561325 0.1176148 0.1047893 -0.09761619 0.05780798 0.09467995 -0.09863567 0.1298882 0.1055637 -0.1165867 0.05032622 0.09194827 -0.1043558 0.09355658 0.08160197 -0.1524897 0.05141395 0.08909928 -0.1401072 0.09957051 0.07420295 -0.1358814 0.1394236 0.1038874 -0.1957063 0.1112696 0.07131487 -0.03628349 0.1332262 0.09988856 -0.03491878 0.1252853 0.0999602 -0.02142906 0.1271789 0.1098062 -0.02282333 0.1398987 0.1062887 -0.008013725 0.1299993 0.132853 -0.009954452 0.1441077 0.1301451 0.01545137 0.141837 0.1299161 0.01278012 0.1054365 0.14816 -7.44238e-5 0.1751438 0.1426552 0.03066724 0.09794229 0.1627691 0.01602929 0.1906223 0.1531182 0.03550904 0.1469235 0.1384562 0.05396264 0.2073981 0.1782839 0.07817929 0.1601792 0.1648664 0.07182687 0.1066425 0.1996496 0.1396713 0.1788836 0.2192697 -0.03425025 0.1242629 0.09906989 -0.02772998 0.1318339 0.1021178 -0.032094 0.1364929 0.1036678 -0.03966999 0.1278262 0.1001714 -0.0556755 0.158913 0.1168609 -0.06500911 0.1486937 0.1128872 -0.07187843 0.1716099 0.1016673 -0.05240821 0.1917006 0.12518 -0.09916305 0.1401724 0.1073148 -0.05955219 0.2126936 0.1279268 -0.1242972 0.1462824 0.1073728 -0.08663368 0.187685 0.0989663 -0.1628056 0.1753045 0.1137083 -0.1219702 0.2236292 0.099626 -0.09358882 0.2520925 0.1329687 -0.1749096 0.2821996 0.1137626 -0.05602544 -0.05388647 -0.2621864 -0.04629129 -0.058887 -0.2637731 -0.03056716 -0.04768753 -0.2175897 -0.04185104 -0.04176861 -0.2157095 -0.005350112 -0.01798486 -0.1790477 -0.01810455 -0.01120603 -0.1768956 0.01817888 0.01582229 -0.1634396 0.003633439 0.02364742 -0.1609568 0.0659303 0.08601629 -0.1406663 0.04761022 0.09605067 -0.1354194 0.1029701 0.1339499 -0.1302849 0.0800113 0.1485521 -0.1201062 0.1134271 0.1723876 -0.1299556 0.1607036 0.1272463 -0.1291475 0.05334848 0.1980251 -0.08162778 0.1859149 0.1369778 -0.1174707 0.05944722 0.2322779 -0.05483973 0.1295347 0.1966531 -0.1219531 0.09517949 0.2956612 -0.03695476 0.1591424 0.2683999 -0.1259579 0.2239322 0.2032753 -0.08977013 0.2184361 0.3835958 -0.1504296 0.01929944 0.03932559 -0.1574956 0.01316827 0.03225171 -0.1601915 0.01659482 0.02791333 -0.1595449 0.02373784 0.03609395 -0.1564116 0.03514862 0.005449652 -0.1502224 0.04403203 0.01555383 -0.1460837 0.05365365 -0.001514673 -0.1540108 0.02997684 -0.02932757 -0.1505281 0.07435125 0.02512603 -0.1381796 0.03507614 -0.05016523 -0.1517891 0.09592723 0.02284824 -0.138432 0.06750869 -0.01293766 -0.15725 0.1282529 0.005461513 -0.140784 0.09899425 -0.03805005 -0.1599256 0.06392097 -0.08403974 -0.1479481 0.1434669 -0.08401823 -0.1532849 0.02434724 0.03388065 -0.1606172 0.02542489 0.03888082 -0.1556137 0.01884168 0.03843468 -0.1542976 0.01754659 0.03262555 -0.1600996 -0.01297569 0.02982753 -0.1409641 -0.01467037 0.02289777 -0.1484634 -0.03690338 0.0341351 -0.1517208 -0.03153419 0.04209679 -0.1236186 -0.03909778 0.005802214 -0.1599841 -0.05174732 0.04617953 -0.1150783 -0.06459808 -0.002536058 -0.1633178 -0.06027507 0.03563553 -0.152683 -0.1152191 -0.009727895 -0.160145 -0.1132698 0.03455424 -0.1510141 -0.1055737 0.04345363 -0.106557 -0.1932344 0.02906203 -0.1398692 0.05491822 0.09823936 -0.1377483 0.05453199 0.08741718 -0.1406024 0.07668298 0.08381044 -0.1285617 0.07729333 0.1015672 -0.1280286 0.1032314 0.07747513 -0.1254612 0.1037521 0.09585356 -0.1237301 0.1377773 0.08798384 -0.1399517 0.1295423 0.04211854 -0.1356534 0.1301717 0.1237097 -0.1125005 0.1565456 0.02993661 -0.1366103 0.1599884 0.1316542 -0.1085547 0.1687593 0.08741593 -0.14288 0.2064514 0.1241144 -0.1131057 0.204832 0.08608752 -0.1619924 0.2109613 0.03611689 -0.1328814 0.252595 0.08261531 -0.1757656 0.05486768 0.08621287 -0.1420491 0.06693261 0.0937547 -0.1404176 0.06279653 0.1002678 -0.1354893 0.04882806 0.09174472 -0.1374566 0.04119771 0.1307246 -0.1039067 0.02422803 0.1209179 -0.1070517 0.01780027 0.1570674 -0.107295 0.05773061 0.1691351 -0.08594805 -0.02671623 0.1185311 -0.1045725 0.05485624 0.1987525 -0.07059931 -0.05932426 0.1320009 -0.09408783 0.001360833 0.1827844 -0.0991699 -0.1016464 0.1770642 -0.06412655 -0.03645992 0.2384192 -0.07344788 0.02120965 0.2597244 -0.03745961 -0.08755117 0.3237365 -0.0195809 0.01334476 -0.1136398 0.01574057 0.007008552 -0.1024065 0.01089376 0.001730918 -0.1023256 0.009990274 0.009201049 -0.1154752 0.01559174 -0.02028268 -0.106235 0.01174533 -0.01057618 -0.1233511 0.01949691 -0.0230531 -0.1242416 0.01542627 -0.04439061 -0.09765928 0.01744097 -0.006839692 -0.1502234 0.03799766 -0.06098741 -0.09610635 0.01667106 -0.009788453 -0.1687125 0.04159742 -0.03028482 -0.1324117 0.01199221 -0.02408689 -0.1918793 0.0427038 -0.04479593 -0.1514172 0.008430063 -0.08287042 -0.1119045 0.01829451 -0.08561795 -0.1808332 0.01167887 9.96597e-4 -0.09953337 0.003891766 0.01238441 -0.1093671 0.01064968 0.01786899 -0.1057644 0.01212871 0.004415512 -0.09431183 0.004276573 0.0461626 -0.08937662 0.02687823 0.02911949 -0.07485467 0.01685255 0.06059169 -0.06707847 0.008460283 0.08089351 -0.08986634 0.03977328 0.01896858 -0.03948897 0.009475171 0.1055984 -0.08238261 0.04729753 0.0230627 -0.01221054 0.009416818 0.08099746 -0.05185025 0.004338204 0.04663366 0.03144615 0.01870745 0.1166534 -0.01201438 0.006505489 0.1437959 -0.04429984 0.05696469 0.1444759 0.06118899 0.04255247 0.04437065 -0.1434452 0.03268307 0.04690551 -0.1551706 0.03722888 0.05473232 -0.1530004 0.04171705 0.05222034 -0.1396321 0.03633147 0.09335041 -0.142552 0.06894916 0.09158039 -0.1269477 0.06226408 0.1257495 -0.1250025 0.06013816 0.1256189 -0.1638943 0.08491355 0.1155776 -0.08659142 0.05487805 0.1547117 -0.1665273 0.09281522 0.1410007 -0.06144738 0.06217491 0.1546401 -0.1143161 0.06674295 0.1843147 -0.02576476 0.1008641 0.2138576 -0.08814251 0.09397953 0.2228441 -0.1488206 0.1175553 0.3118019 -0.06224465 0.1476457 -0.05077362 -0.0291832 -0.04822808 -0.06373405 -0.04096889 -0.0500127 -0.03928089 -0.07323485 -0.01125675 -0.02547645 -0.06100291 -0.009780824 -0.01119607 -0.1033844 0.003313481 0.004759788 -0.08987498 0.004637479 0.03378677 -0.1596512 0.0350129 0.05539703 -0.1404691 0.03814715 0.0819025 -0.193158 0.05267202 0.09759712 -0.1760408 0.05709809 0.1127949 -0.1990977 0.0460931 0.08532714 -0.2304461 0.05974125 0.1363154 -0.1709313 0.07489925 0.09889984 -0.2551849 0.06566905 0.1627131 -0.1843872 0.0859555 0.1309853 -0.2132596 0.04215604 0.2068577 -0.218216 0.07436704 0.1637363 -0.227703 0.002075135 0.1462402 -0.2879533 0.04768991 0.2142172 -0.2526849 -0.07321298 -0.1599292 -0.01779341 0.02243131 -0.1491556 -0.0200833 0.02066427 -0.146409 -0.0176317 0.01964974 -0.1590347 -0.01503252 0.02165341 -0.1387395 -0.002523243 0.01938045 -0.1552658 0.001194596 0.0224111 -0.1489725 0.005876302 0.01795244 -0.123559 0.01370757 0.02590769 -0.1772308 0.01827335 0.03253453 -0.114624 0.02257877 0.02495729 -0.1876502 0.02683228 0.0308991 -0.1496305 0.009604036 0.01238328 -0.1949152 0.04139983 0.0253092 -0.1532621 0.02003842 0.003583967 -0.1140509 0.04027068 0.02146929 -0.1522092 0.0531857 -0.002706468 -0.13661 -0.0190441 0.0160523 -0.1491556 -0.02008336 0.02066427 -0.1498813 -0.02377796 0.02203673 -0.1351823 -0.02245324 0.01671242 -0.1569309 -0.0397464 0.03148788 -0.1375141 -0.03801298 0.02992206 -0.1468915 -0.06119775 0.02013599 -0.1788778 -0.05214124 0.03806978 -0.1101045 -0.0457623 0.02790635 -0.1896691 -0.06168466 0.03728282 -0.09566211 -0.0565083 0.03096711 -0.1470479 -0.07887637 0.01960754 -0.08233731 -0.08004099 0.04395228 -0.1411342 -0.1106534 0.0331006 -0.191926 -0.08823013 0.03615069 -0.1184768 -0.1365147 0.01930713 -0.1828608 -0.0201593 0.03052335 -0.1918373 -0.01623409 0.03365737 -0.1950039 -0.01935064 0.03769659 -0.1850018 -0.0241838 0.03372943 -0.2066893 -0.0349999 0.04444098 -0.1963586 -0.04108595 0.04440188 -0.2168893 -0.05034387 0.04161238 -0.2422389 -0.03402066 0.07068777 -0.192552 -0.06262719 0.03710669 -0.257844 -0.04421484 0.07563996 -0.1946029 -0.07939535 0.0364083 -0.2259125 -0.06237101 0.04191887 -0.2064657 -0.09791469 0.04706734 -0.2420387 -0.08454227 0.04816561 -0.2823052 -0.06974971 0.07544076 -0.2782378 -0.1162815 0.05116957 -0.05447292 -0.03447991 -0.03045225 -0.05510902 -0.02108734 -0.03254777 -0.09160327 0.001945018 5.37842e-4 -0.09104728 -0.01236784 0.002252697 -0.1270589 -0.01113277 0.01092249 -0.1267299 -0.02758133 0.01239019 -0.1879687 -0.007335186 0.03227782 -0.1872358 -0.0286324 0.03542006 -0.2327046 -0.01738315 0.04083639 -0.230256 -0.03017777 0.04583841 -0.2480373 -0.03004789 0.02839612 -0.2503891 -0.006717503 0.03530967 -0.2474985 -0.03822642 0.05829113 -0.267129 -0.005292177 0.03040611 -0.2686124 -0.04518103 0.06684303 -0.2645559 -0.03677254 0.01974546 -0.2908707 -0.07301449 0.02197295 -0.2938929 -0.06179529 -0.01164925 -0.3038187 -0.03774601 -0.009558618 -0.3052435 -0.08177453 -0.0505293 0.05878734 -0.1493335 0.03623026 0.04019737 -0.1460792 0.03438574 0.0302124 -0.1781716 0.05570065 0.04939079 -0.1827071 0.05924749 0.03409767 -0.2174717 0.04387813 -0.005090653 -0.1967418 0.04962313 0.08473396 -0.2219049 0.07506316 -0.02214044 -0.2227282 0.05238854 0.096282 -0.2604854 0.07772666 0.02812576 -0.2543303 0.04336476 0.09927368 -0.3302763 0.07239371 0.02632808 -0.3100733 0.02068346 -0.045062 -0.2888204 0.05653226 0.02433687 -0.3835652 -0.00169903 -0.1936984 -0.02436447 0.03149229 -0.1827569 -0.01646739 0.03263866 -0.2008666 0.006555497 0.04287803 -0.2134022 -0.001572191 0.04355162 -0.2243647 0.01232349 0.03439223 -0.194004 0.03011983 0.04905718 -0.2480335 -0.004063069 0.05383819 -0.201889 0.04874777 0.05099153 -0.2682891 0.001973569 0.03986316 -0.2427062 0.02681571 0.0288735 -0.3063864 0.02885228 0.006370902 -0.2723661 0.03712487 -0.002916216 -0.2313032 0.08354419 0.04984521 -0.3118019 0.05305117 -0.03753477 -0.02524089 -0.002542495 0.02937227 -0.02022266 -0.002960562 0.03052449 -0.02345848 -0.009072065 0.03017294 -0.0270853 0.003393709 0.03043562 -0.01774692 0.002724528 0.03255885 -0.02881336 0.007965147 0.03378534 -0.01721954 -0.00693947 0.03190022 -0.02345848 -0.009072065 0.03017294 -0.01681804 0.006727635 0.03659254 -0.03032398 0.01040178 0.03926765 -0.01226234 -0.004733502 0.03510719 -0.01794242 -0.01205247 0.03268712 -0.02345848 -0.009072065 0.03017294 -0.01786613 0.008139252 0.04238545 -0.03161716 0.01105755 0.04574447 -0.009449958 -0.002648532 0.03988808 -0.01364421 -0.01425397 0.03656518 -0.02194499 -0.01526629 0.03242182 -0.02345848 -0.009072065 0.03017294 -0.01977157 0.008376419 0.04882055 -0.03199386 0.009594023 0.05111014 -0.009359359 -0.001093029 0.04587411 -0.01133537 -0.01523107 0.04180228 -0.0210247 -0.02019494 0.03601831 -0.02691936 -0.01477956 0.03123891 -0.02345848 -0.009072065 0.03017294 -0.01142978 -0.01476663 0.04794633 -0.0209465 -0.02302807 0.04094791 -0.03011608 -0.0193805 0.03335595 -0.02996635 -0.01086997 0.02989393 -0.02345848 -0.009072065 0.03017294 -0.02928733 -0.005833745 0.02911192 -0.02345848 -0.009072065 0.03017294 -0.03584766 -0.01206803 0.03134691 -0.03269577 -0.02207601 0.03686773 -0.02524089 -0.002542495 0.02937227 -0.02345848 -0.009072065 0.03017294 -0.03460311 -0.002765893 0.02995973 -0.0270853 0.003393709 0.03043562 -0.04031467 -0.01240992 0.03484433 -0.03871822 -2.24028e-4 0.03317213 -0.02881336 0.007965147 0.03378534 -0.0344839 -0.02226066 0.0422033 -0.04107379 0.001482844 0.03860408 -0.03032398 0.01040178 0.03926765 -0.04279518 -0.01174533 0.04032999 -0.04202365 0.002475321 0.04508763 -0.03161716 0.01105755 0.04574447 -0.04375171 -0.01041311 0.04691725 -0.0408926 0.00224024 0.05055224 -0.03199386 0.009594023 0.05111014 -0.04242229 -0.008776545 0.05223768 -0.03574562 -0.02057653 0.04913866 -0.03571891 -0.01733702 0.05470246 -0.03695487 4.40611e-4 0.05551511 -0.03132724 0.005166769 0.05585128 -0.02888679 -0.003825724 0.05652493 -0.03798198 -0.006545782 0.05658251 -0.02888679 -0.003825724 0.05652493 -0.03388023 -0.01183825 0.0584287 -0.02888679 -0.003825724 0.05652493 -0.02714443 -0.01248306 0.05999821 -0.02888679 -0.003825724 0.05652493 -0.02503013 -0.01831203 0.05771821 -0.02162456 -0.007960557 0.0603463 -0.02888679 -0.003825724 0.05652493 -0.02334403 -0.02159953 0.05334848 -0.01629829 -0.0112437 0.05830281 -0.02049064 -7.70925e-4 0.0592671 -0.02888679 -0.003825724 0.05652493 -0.02183246 -0.023238 0.04693633 -0.01316547 -0.01334303 0.05418258 -0.01120758 -1.32767e-4 0.05217647 -0.01460742 6.44941e-5 0.05658966 -0.0218029 0.007481515 0.0537163 -0.03132724 0.005166769 0.05585128 -0.02472019 0.004301249 0.05743736 -0.02888679 -0.003825724 0.05652493 -0.02888679 -0.003825724 0.05652493 -0.03048324 0.03192532 -0.009409129 -0.02675247 0.0385518 -0.009812533 -0.02054786 0.03045564 -0.009598135 -0.03919029 0.03354942 -0.006611824 -0.03240871 0.04594123 -0.007381558 -0.04544734 0.03521788 -7.51555e-4 -0.01938152 0.04043197 -0.009432792 -0.02054786 0.03045564 -0.009598135 -0.03621673 0.05092668 -0.001662194 -0.04819297 0.036538 0.007840633 -0.01867771 0.04926776 -0.006655633 -0.01278114 0.03658252 -0.008511841 -0.02054786 0.03045564 -0.009598135 -0.03726005 0.05231159 0.007090389 -0.04819297 0.03735971 0.01758766 -0.01864528 0.05575489 -8.08716e-4 -0.006403923 0.04205387 -0.00493735 -0.01085853 0.02931332 -0.00759834 -0.02054786 0.03045564 -0.009598135 -0.03705215 0.05206793 0.01698106 -0.04512119 0.03769886 0.02519744 -0.01918315 0.05876725 0.007778704 -0.002462387 0.04613924 0.001467764 -0.002850532 0.02862161 -0.003335833 -0.01465892 0.02277648 -0.007249653 -0.02054786 0.03045564 -0.009598135 -0.001612663 0.04828822 0.01024949 0.002199113 0.02856194 0.00334692 -0.009816169 0.01646733 -0.00341463 -0.02196025 0.02080661 -0.007574558 -0.02054786 0.03045564 -0.009598135 -0.02848052 0.02455228 -0.008478343 -0.02054786 0.03045564 -0.009598135 -0.02336311 0.01290333 -0.003292143 -0.006829261 0.01258575 0.002330243 -0.03048324 0.03192532 -0.009409129 -0.02054786 0.03045564 -0.009598135 -0.03541374 0.0198248 -0.004875361 -0.03919029 0.03354942 -0.006611824 -0.02460193 0.00802505 0.00340414 -0.04036521 0.01709568 0.001548588 -0.04544734 0.03521788 -7.51555e-4 -0.006268501 0.01187664 0.01057821 -0.04263877 0.0168516 0.01033705 -0.04819297 0.036538 0.007840633 -0.02554225 0.00699073 0.01222014 -0.04288864 0.01832818 0.01998853 -0.04819297 0.03735971 0.01758766 -0.02622604 0.008703291 0.02205324 -0.04055404 0.0214197 0.02725338 -0.04512119 0.03769886 0.02519744 -0.02631187 0.01316249 0.02921158 -0.007508277 0.01352357 0.02105873 -0.01043128 0.01736086 0.02923119 -0.03466415 0.02701932 0.03254628 -0.03765487 0.0373553 0.03123003 -0.02408123 0.03517794 0.03036636 -0.02565956 0.02170866 0.03380882 -0.02408123 0.03517794 0.03036636 -0.01577854 0.02435421 0.03429383 -0.02408123 0.03517794 0.03036636 -0.0106554 0.03320562 0.03377676 -0.02408123 0.03517794 0.03036636 -0.002245903 0.03160279 0.0291602 -0.0134449 0.04327845 0.03250104 -0.02408123 0.03517794 0.03036636 0.002017915 0.0303449 0.02199292 -0.006520271 0.04749828 0.02718079 -0.02265071 0.04885226 0.03119796 -0.02408123 0.03517794 0.03036636 0.0034675 0.02921974 0.01215827 -0.002947807 0.04893404 0.01990336 -0.01994991 0.05900126 0.0175274 -0.02105617 0.05613917 0.02514612 -0.03580284 0.05046004 0.02463692 -0.03765487 0.0373553 0.03123003 -0.03230381 0.04590922 0.03076642 -0.02408123 0.03517794 0.03036636 -0.02408123 0.03517794 0.03036636 -0.03697872 0.04621797 0.04455924 -0.03328132 0.04360276 0.04683363 -0.03820419 0.03964966 0.04433554 -0.03664207 0.05212384 0.04635268 -0.02971363 0.04736238 0.0505892 -0.03747367 0.05658698 0.04998201 -0.03270053 0.03870785 0.04801279 -0.03820419 0.03964966 0.04433554 -0.02874183 0.05013483 0.05541467 -0.03962516 0.05889141 0.05516493 -0.02873802 0.03824734 0.05273395 -0.03550052 0.03445786 0.04743337 -0.03820419 0.03964966 0.04433554 -0.03099346 0.05131942 0.06077986 -0.042593 0.05945432 0.06093126 -0.02714443 0.03845602 0.05831962 -0.03397655 0.03034573 0.05164015 -0.04000377 0.03336834 0.04544746 -0.03820419 0.03964966 0.04433554 -0.03462123 0.05177193 0.06625777 -0.04522323 0.05786395 0.06545096 -0.02844619 0.03926676 0.06418949 -0.03411483 0.02804064 0.05684643 -0.04226684 0.02832752 0.04792177 -0.04362773 0.03602451 0.04317134 -0.03820419 0.03964966 0.04433554 -0.03603553 0.02795881 0.06257575 -0.04488849 0.02537786 0.05185961 -0.04875564 0.03315621 0.04328536 -0.04428195 0.04087841 0.04199385 -0.03820419 0.03964966 0.04433554 -0.04155063 0.04507875 0.04254937 -0.03820419 0.03964966 0.04433554 -0.05017185 0.04220402 0.04154038 -0.05310153 0.0315873 0.0452575 -0.03697872 0.04621797 0.04455924 -0.03820419 0.03964966 0.04433554 -0.04515552 0.04997044 0.04261559 -0.03664207 0.05212384 0.04635268 -0.05521583 0.04350882 0.04352194 -0.04872131 0.05368173 0.04505527 -0.03747367 0.05658698 0.04998201 -0.05642986 0.03171718 0.04966193 -0.05184555 0.0557124 0.04981315 -0.03962516 0.05889141 0.05516493 -0.05885696 0.04467308 0.04806917 -0.05439853 0.0564236 0.05574786 -0.042593 0.05945432 0.06093126 -0.06132125 0.04567736 0.05417191 -0.05532455 0.05525112 0.06101959 -0.04522323 0.05786395 0.06545096 -0.06132602 0.0460785 0.0597704 -0.05913257 0.03312963 0.05608254 -0.0597124 0.03548169 0.06191492 -0.05430984 0.05156147 0.06621718 -0.04788875 0.05327963 0.06902092 -0.04944419 0.04427385 0.0683152 -0.05816459 0.04576551 0.06540924 -0.04944419 0.04427385 0.0683152 -0.05730724 0.0391997 0.06702095 -0.04944419 0.04427385 0.0683152 -0.05238246 0.03561538 0.07007682 -0.04944419 0.04427385 0.0683152 -0.05205249 0.02979856 0.06725686 -0.04613304 0.03720706 0.07281816 -0.04944419 0.04427385 0.0683152 -0.05043792 0.02657139 0.06295806 -0.04220867 0.03222793 0.07160705 -0.04210662 0.0431295 0.07368838 -0.04944419 0.04427385 0.0683152 -0.04767799 0.02504837 0.05709367 -0.03900623 0.02940338 0.06817334 -0.03170967 0.04034835 0.06971734 -0.0359497 0.04158377 0.0729373 -0.03827857 0.05142712 0.07003873 -0.04788875 0.05327963 0.06902092 -0.04316043 0.04955267 0.07201057 -0.04944419 0.04427385 0.0683152 -0.04944419 0.04427385 0.0683152 0.009594857 0.004368424 -0.1995444 0.01181024 0.008876979 -0.1994572 0.01569455 0.003967404 -0.1969869 0.003555238 0.005142986 -0.2002352 0.007583558 0.01356136 -0.2001313 -0.001798629 0.006324768 -0.1984639 0.01613229 0.01055806 -0.1975261 0.01569455 0.003967404 -0.1969869 0.003674447 0.01703798 -0.1981316 -0.005728721 0.007692992 -0.1941224 0.01563638 0.01657992 -0.1965059 0.0199775 0.008497714 -0.1949284 0.01569455 0.003967404 -0.1969869 7.32414e-4 0.01855909 -0.1932656 -0.008285522 0.008983433 -0.18834 0.01398652 0.02126789 -0.1935913 0.02278703 0.01271259 -0.1916667 0.02106946 0.003935217 -0.193207 0.01569455 0.003967404 -0.1969869 -0.001711845 0.01917743 -0.1872438 -0.008414268 0.009970784 -0.1830139 0.01135629 0.0238673 -0.1888484 0.02341264 0.01610159 -0.1871947 0.02482509 0.004275321 -0.188538 0.01882451 -5.22811e-4 -0.1933531 0.01569455 0.003967404 -0.1969869 0.02159303 0.01823264 -0.1819001 0.02614498 0.005044698 -0.1832271 0.02090162 -0.004064321 -0.189221 0.01453107 -0.002254366 -0.1952252 0.01569455 0.003967404 -0.1969869 0.01073259 -2.5571e-4 -0.1977827 0.01569455 0.003967404 -0.1969869 0.01274484 -0.007161617 -0.1922672 0.02130216 -0.00598073 -0.1846418 0.009594857 0.004368424 -0.1995444 0.01569455 0.003967404 -0.1969869 0.005701959 -0.003461658 -0.1969407 0.003555238 0.005142986 -0.2002352 0.01036065 -0.009898304 -0.1880998 0.00108999 -0.005031049 -0.1940855 -0.001798629 0.006324768 -0.1984639 0.0195102 -0.005772829 -0.1794739 -0.002569198 -0.004641175 -0.1893587 -0.005728721 0.007692992 -0.1941224 0.007518708 -0.009945392 -0.1829427 -0.005267143 -0.002945125 -0.1837589 -0.008285522 0.008983433 -0.18834 0.004506051 -0.008106172 -0.1773661 -0.005814552 -2.30722e-4 -0.1790861 -0.008414268 0.009970784 -0.1830139 0.002488076 -0.004647076 -0.1735031 0.01599305 -0.003958463 -0.1736438 0.01200765 -9.9032e-4 -0.169836 -0.003752708 0.004172682 -0.1749277 -0.00545597 0.01064378 -0.1774512 0.003040254 0.009938418 -0.1743053 0.00149244 0.00132364 -0.1713748 0.003040254 0.009938418 -0.1743053 0.007291734 0.003657162 -0.1688121 0.003040254 0.009938418 -0.1743053 0.01032918 0.009689092 -0.168647 0.003040254 0.009938418 -0.1743053 0.01666158 0.008770465 -0.1691279 0.008743226 0.01600319 -0.17107 0.003040254 0.009938418 -0.1743053 0.02113908 0.007640659 -0.1722314 0.0142278 0.01874458 -0.1728987 0.003381669 0.01900917 -0.1747234 0.003040254 0.009938418 -0.1743053 0.02460378 0.006228864 -0.1776686 0.01825517 0.0193243 -0.1764973 0.008347451 0.02473032 -0.1832054 0.005758225 0.02338838 -0.1786387 -0.002913475 0.01879251 -0.1821721 -0.00545597 0.01064378 -0.1774512 -0.002286911 0.0164988 -0.1771679 0.003040254 0.009938418 -0.1743053 0.003040254 0.009938418 -0.1743053 0.01778119 0.04843372 -0.193921 0.02306455 0.05171561 -0.191809 0.0249738 0.04370361 -0.1949099 0.01121133 0.05187916 -0.1908918 0.02094358 0.05809623 -0.1869486 0.006106317 0.05333757 -0.1855475 0.0293731 0.05006694 -0.1910068 0.0249738 0.04370361 -0.1949099 0.01892369 0.06095433 -0.1805164 0.003195703 0.05225181 -0.1783239 0.03263181 0.05489701 -0.1855069 0.03298467 0.04457694 -0.1919515 0.0249738 0.04370361 -0.1949099 0.01732915 0.05920755 -0.1731925 0.002061784 0.04936826 -0.170476 0.03409284 0.0572806 -0.1785117 0.0393266 0.04464769 -0.1872806 0.0317716 0.03851795 -0.1940749 0.0249738 0.04370361 -0.1949099 0.01596063 0.05546069 -0.165646 0.003446519 0.04573851 -0.1645512 0.03348726 0.05651968 -0.1707085 0.04288095 0.04369145 -0.1808817 0.03709787 0.03348267 -0.1912712 0.02647393 0.03534364 -0.196193 0.0249738 0.04370361 -0.1949099 0.04301637 0.04173886 -0.1732972 0.04000657 0.02915263 -0.1862713 0.02743142 0.0277993 -0.1957744 0.02017873 0.03688472 -0.1969892 0.0249738 0.04370361 -0.1949099 0.01659005 0.0422672 -0.1960729 0.0249738 0.04370361 -0.1949099 0.01567739 0.03046476 -0.1966561 0.02753156 0.02195703 -0.1929001 0.01778119 0.04843372 -0.193921 0.0249738 0.04370361 -0.1949099 0.009034097 0.04037976 -0.194896 0.01121133 0.05187916 -0.1908918 0.01202005 0.0252096 -0.1933071 0.003302514 0.0381152 -0.1908317 0.006106317 0.05333757 -0.1855475 0.02651113 0.01833677 -0.1868111 1.75461e-4 0.03570324 -0.184067 0.003195703 0.05225181 -0.1783239 0.009640634 0.0217365 -0.1868605 -9.06005e-4 0.03339952 -0.1760357 0.002061784 0.04936826 -0.170476 0.008281648 0.01969581 -0.1785866 9.31725e-4 0.0320667 -0.169306 0.003446519 0.04573851 -0.1645512 0.00874418 0.0202645 -0.1713485 0.02460378 0.01623374 -0.1780459 0.02250474 0.01709628 -0.1701809 0.006690919 0.03180336 -0.163244 0.008218705 0.04052227 -0.1602311 0.01807302 0.03415793 -0.1621146 0.01159471 0.02427113 -0.1645508 0.01807302 0.03415793 -0.1621146 0.02009862 0.02215558 -0.1634461 0.01807302 0.03415793 -0.1621146 0.02726262 0.02647846 -0.1606121 0.01807302 0.03415793 -0.1621146 0.03387254 0.02380496 -0.165031 0.02884763 0.03492504 -0.1576738 0.01807302 0.03415793 -0.1621146 0.03777307 0.02385079 -0.1711724 0.03646939 0.03707367 -0.1603718 0.02388662 0.04272967 -0.1562923 0.01807302 0.03415793 -0.1621146 0.03993314 0.02600437 -0.1792451 0.04080194 0.0392757 -0.1655505 0.0315532 0.0535233 -0.1630619 0.02857583 0.04927897 -0.1582338 0.01523965 0.05116921 -0.1603773 0.008218705 0.04052227 -0.1602311 0.01544469 0.04453468 -0.1574757 0.01807302 0.03415793 -0.1621146 0.01807302 0.03415793 -0.1621146 -0.04104703 -0.05972105 0.1675814 -0.03577423 -0.05708235 0.1687378 -0.03551387 -0.06510162 0.169382 -0.04635906 -0.05469119 0.1680203 -0.03661632 -0.04967039 0.1701301 -0.050848 -0.05061054 0.171288 -0.03050041 -0.05912202 0.1707677 -0.03551387 -0.06510162 0.169382 -0.03812217 -0.04452514 0.1741449 -0.05395317 -0.04821825 0.177318 -0.02687072 -0.05358421 0.1739079 -0.02831357 -0.06452804 0.17246 -0.03551387 -0.06510162 0.169382 -0.04018592 -0.04284203 0.1806612 -0.05584907 -0.04732894 0.1847456 -0.02538394 -0.04916429 0.1789805 -0.02283 -0.06367307 0.1770536 -0.03049558 -0.07008022 0.1728136 -0.03551387 -0.06510162 0.169382 -0.04244995 -0.04273325 0.1881325 -0.05556577 -0.04819703 0.191161 -0.02639198 -0.04665273 0.1856443 -0.02010536 -0.06253355 0.1831256 -0.02684211 -0.07393544 0.1776415 -0.03575897 -0.07263165 0.1716104 -0.03551387 -0.06510162 0.169382 -0.02067661 -0.06119382 0.1901402 -0.0252971 -0.07597649 0.1837345 -0.03639888 -0.07875078 0.1748778 -0.04104322 -0.07067924 0.1696273 -0.03551387 -0.06510162 0.169382 -0.04322904 -0.06537526 0.1679539 -0.03551387 -0.06510162 0.169382 -0.04633134 -0.07504236 0.1717538 -0.03756994 -0.08239555 0.1794404 -0.04104703 -0.05972105 0.1675814 -0.03551387 -0.06510162 0.169382 -0.05039113 -0.06523853 0.1687273 -0.04635906 -0.05469119 0.1680203 -0.0507602 -0.07742279 0.176042 -0.05611604 -0.06457895 0.1722466 -0.050848 -0.05061054 0.171288 -0.03943818 -0.08280628 0.185701 -0.05965417 -0.06340765 0.178365 -0.05395317 -0.04821825 0.177318 -0.05382722 -0.07735687 0.1823811 -0.06139844 -0.06198441 0.1857348 -0.05584907 -0.04732894 0.1847456 -0.05577749 -0.07558119 0.1898205 -0.06029409 -0.06074655 0.1920152 -0.05556577 -0.04819703 0.191161 -0.0555486 -0.07238072 0.1956499 -0.04191011 -0.08080232 0.1935044 -0.04393476 -0.07670855 0.1994371 -0.05545133 -0.05952894 0.1978139 -0.05250352 -0.05152106 0.1972441 -0.04487699 -0.05900394 0.1992308 -0.05249685 -0.06694191 0.200121 -0.04487699 -0.05900394 0.1992308 -0.04536527 -0.06959575 0.2028369 -0.04487699 -0.05900394 0.1992308 -0.03824138 -0.0661323 0.2044275 -0.04487699 -0.05900394 0.1992308 -0.03268527 -0.07108205 0.202557 -0.03529256 -0.05838394 0.2039041 -0.04487699 -0.05900394 0.1992308 -0.0289449 -0.07405716 0.1979268 -0.02795982 -0.05891001 0.2017835 -0.03824806 -0.05071145 0.2015507 -0.04487699 -0.05900394 0.1992308 -0.02626699 -0.07579147 0.1907075 -0.02345085 -0.05982905 0.1971988 -0.02901649 -0.04580485 0.192852 -0.03270244 -0.04689836 0.1980682 -0.04414653 -0.04405611 0.1940003 -0.05250352 -0.05152106 0.1972441 -0.04538053 -0.04835069 0.1988927 -0.04487699 -0.05900394 0.1992308 -0.04487699 -0.05900394 0.1992308 -0.09003156 -0.1216273 -0.3727393 -0.0981664 -0.1302644 -0.3710951 -0.1046762 -0.115696 -0.3727949 -0.07695478 -0.1265975 -0.3685314 -0.09186929 -0.1428273 -0.3654938 -0.06720441 -0.1298497 -0.3594192 -0.1100292 -0.1301765 -0.3694337 -0.1046762 -0.115696 -0.3727949 -0.08706849 -0.1501645 -0.3554247 -0.06230157 -0.1304835 -0.34596 -0.1139039 -0.1423945 -0.3624233 -0.118577 -0.1216338 -0.3687287 -0.1046762 -0.115696 -0.3727949 -0.08476346 -0.1502033 -0.3415817 -0.0612449 -0.1290036 -0.3306832 -0.1154804 -0.1504895 -0.3514386 -0.1297769 -0.1264234 -0.3611202 -0.1187601 -0.1097401 -0.3693933 -0.1046762 -0.115696 -0.3727949 -0.08361905 -0.1470058 -0.3263923 -0.06499379 -0.1262266 -0.318637 -0.1145553 -0.1528239 -0.3373219 -0.1363687 -0.1292725 -0.3497354 -0.1301279 -0.1044706 -0.3624821 -0.1105594 -0.1012795 -0.3710994 -0.1046762 -0.115696 -0.3727949 -0.1372222 -0.1297297 -0.3354857 -0.136878 -0.1006005 -0.3518503 -0.1151351 -0.08890324 -0.3667684 -0.09876245 -0.1011909 -0.372699 -0.1046762 -0.115696 -0.3727949 -0.09029668 -0.1095433 -0.3734036 -0.1046762 -0.115696 -0.3727949 -0.09317773 -0.08867359 -0.3685901 -0.1174907 -0.08034402 -0.3588836 -0.09003156 -0.1216273 -0.3727393 -0.1046762 -0.115696 -0.3727949 -0.07752221 -0.1040831 -0.3697584 -0.07695478 -0.1265975 -0.3685314 -0.08860105 -0.0799607 -0.3598309 -0.06809616 -0.1000835 -0.3610216 -0.06720441 -0.1298497 -0.3594192 -0.1169452 -0.07677125 -0.3463439 -0.06332397 -0.0981357 -0.3477019 -0.06230157 -0.1304835 -0.34596 -0.08557027 -0.07631272 -0.3466169 -0.06213372 -0.09776037 -0.3323907 -0.0612449 -0.1290036 -0.3306832 -0.08378118 -0.07640552 -0.330984 -0.06580162 -0.09948927 -0.320092 -0.06499379 -0.1262266 -0.318637 -0.08426469 -0.08113729 -0.3186007 -0.1141948 -0.07679694 -0.3297709 -0.1099882 -0.08139187 -0.3162073 -0.07606595 -0.1041786 -0.3098289 -0.0754165 -0.121192 -0.3089282 -0.09544461 -0.1130032 -0.3099889 -0.08770364 -0.09243404 -0.3088757 -0.09544461 -0.1130032 -0.3099889 -0.1036539 -0.09251087 -0.3066475 -0.09544461 -0.1130032 -0.3099889 -0.1147289 -0.1039885 -0.304408 -0.09544461 -0.1130032 -0.3099889 -0.127613 -0.09966993 -0.3114349 -0.1142864 -0.1205191 -0.3035107 -0.09544461 -0.1130032 -0.3099889 -0.1346549 -0.09815543 -0.3225742 -0.1271038 -0.1256985 -0.309958 -0.1024427 -0.1327465 -0.3044605 -0.09544461 -0.1130032 -0.3099889 -0.137824 -0.09865301 -0.3379788 -0.1340799 -0.1285194 -0.3204974 -0.1121177 -0.1507536 -0.3222734 -0.1083421 -0.1447592 -0.3114712 -0.08388036 -0.1419875 -0.3149909 -0.0754165 -0.121192 -0.3089282 -0.08672422 -0.1321216 -0.3066809 -0.09544461 -0.1130032 -0.3099889 -0.09544461 -0.1130032 -0.3099889 -0.03621762 -0.1453858 -0.4067661 -0.031475 -0.1563845 -0.4067661 -0.04742521 -0.1563845 -0.4085147 -0.0265178 -0.1360615 -0.4010747 -0.0174579 -0.1563845 -0.4010747 -0.01971238 -0.1298313 -0.3908984 -0.03621762 -0.1673833 -0.4067661 -0.04742521 -0.1563845 -0.4085147 -0.008842408 -0.1563845 -0.3908741 -0.01722806 -0.1276435 -0.3769475 -0.0265178 -0.1767075 -0.4010747 -0.04743283 -0.1719391 -0.4067661 -0.04742521 -0.1563845 -0.4085147 -0.007926881 -0.1563845 -0.3768703 -0.01820176 -0.128403 -0.3616123 -0.01971238 -0.1829378 -0.3908984 -0.04744237 -0.1851255 -0.4010747 -0.0584411 -0.1673832 -0.4067661 -0.04742521 -0.1563845 -0.4085147 -0.01044458 -0.1563845 -0.3615111 -0.02225011 -0.132542 -0.3500643 -0.01722806 -0.1851255 -0.3769475 -0.04743283 -0.1939365 -0.3908984 -0.06776517 -0.1767075 -0.40121 -0.0629968 -0.1563845 -0.4068284 -0.04742521 -0.1563845 -0.4085147 -0.04737371 -0.1970305 -0.3769551 -0.07399648 -0.1829378 -0.3914144 -0.07618325 -0.1563845 -0.4024718 -0.0584411 -0.1453858 -0.4067661 -0.04742521 -0.1563845 -0.4085147 -0.04743283 -0.14083 -0.4067661 -0.04742521 -0.1563845 -0.4085147 -0.06776517 -0.1360615 -0.40121 -0.08499425 -0.1563845 -0.3945127 -0.03621762 -0.1453858 -0.4067661 -0.04742521 -0.1563845 -0.4085147 -0.04744237 -0.1276435 -0.4010747 -0.0265178 -0.1360615 -0.4010747 -0.07399648 -0.1298313 -0.3914144 -0.04743283 -0.1188325 -0.3908984 -0.01971238 -0.1298313 -0.3908984 -0.08808892 -0.1563845 -0.3818346 -0.04737371 -0.1157385 -0.3769551 -0.01722806 -0.1276435 -0.3769475 -0.07618325 -0.1276435 -0.3777202 -0.04727929 -0.1168127 -0.3616312 -0.01820176 -0.128403 -0.3616123 -0.07542413 -0.128403 -0.3620217 -0.04715245 -0.1226662 -0.3500807 -0.02225011 -0.132542 -0.3500643 -0.07128518 -0.1325421 -0.3501177 -0.08701413 -0.1563845 -0.3650692 -0.08116048 -0.1563845 -0.351339 -0.04689115 -0.1353622 -0.341629 -0.03099149 -0.1415195 -0.3416246 -0.04638952 -0.1563845 -0.3449852 -0.06226533 -0.1415196 -0.341629 -0.04638952 -0.1563845 -0.3449852 -0.06846421 -0.1563845 -0.3416461 -0.04638952 -0.1563845 -0.3449852 -0.06226533 -0.1712495 -0.341629 -0.04638952 -0.1563845 -0.3449852 -0.07128518 -0.180227 -0.3501178 -0.04689115 -0.1774069 -0.341629 -0.04638952 -0.1563845 -0.3449852 -0.07542413 -0.1843661 -0.3620218 -0.04715245 -0.1901029 -0.3500807 -0.03099149 -0.1712495 -0.3416247 -0.04638952 -0.1563845 -0.3449852 -0.07618325 -0.1851255 -0.3777202 -0.04727929 -0.1959564 -0.3616312 -0.01820176 -0.1843661 -0.3616123 -0.02225011 -0.180227 -0.3500643 -0.01518243 -0.1563845 -0.3499874 -0.03099149 -0.1415195 -0.3416246 -0.02538865 -0.1563845 -0.3416007 -0.04638952 -0.1563845 -0.3449852 -0.04638952 -0.1563845 -0.3449852 -0.02235883 -0.1520535 -0.3412323 -0.02906125 -0.1607713 -0.3364828 -0.0374059 -0.1474628 -0.3397616 -0.008284509 -0.1549551 -0.3386014 -0.02052396 -0.1713181 -0.3297946 0.003127098 -0.1554129 -0.3309697 -0.04042524 -0.1612861 -0.3327305 -0.0374059 -0.1474628 -0.3397616 -0.0133323 -0.1759494 -0.3195424 0.01019096 -0.1527892 -0.3187711 -0.04166501 -0.1720147 -0.3228922 -0.04967683 -0.1535016 -0.3321484 -0.0374059 -0.1474628 -0.3397616 -0.008820474 -0.1728733 -0.3066148 0.01353645 -0.1480306 -0.3045286 -0.04048722 -0.1777024 -0.3104446 -0.05885976 -0.1574559 -0.3218381 -0.05134385 -0.1420718 -0.3350663 -0.0374059 -0.1474628 -0.3397616 -0.005602777 -0.1664533 -0.292806 0.01149845 -0.1430777 -0.2927732 -0.0370168 -0.1769152 -0.2965549 -0.06313985 -0.1583514 -0.3091074 -0.06197065 -0.1363888 -0.3273516 -0.04456704 -0.1335336 -0.3398531 -0.0374059 -0.1474628 -0.3397616 -0.0616073 -0.1558501 -0.2951293 -0.06730741 -0.1309112 -0.316623 -0.04978269 -0.1209291 -0.3372474 -0.0332784 -0.1328392 -0.3435681 -0.0374059 -0.1474628 -0.3397616 -0.0241279 -0.1404448 -0.3441718 -0.0374059 -0.1474628 -0.3397616 -0.02859014 -0.1193291 -0.3430609 -0.05180352 -0.1111127 -0.3308805 -0.02235883 -0.1520535 -0.3412323 -0.0374059 -0.1474628 -0.3397616 -0.01165193 -0.13333 -0.3440543 -0.008284509 -0.1549551 -0.3386014 -0.02369302 -0.1086218 -0.3371481 -0.001460015 -0.1268293 -0.3381342 0.003127098 -0.1554129 -0.3309697 -0.04964631 -0.1049357 -0.319589 0.005154609 -0.1217308 -0.3265478 0.01019096 -0.1527892 -0.3187711 -0.01899999 -0.1020294 -0.3256758 0.008763313 -0.1180304 -0.3120817 0.01353645 -0.1480306 -0.3045286 -0.01469701 -0.09866875 -0.3109182 0.007369041 -0.1174066 -0.2992225 0.01149845 -0.1430777 -0.2927732 -0.01261037 -0.1006965 -0.297976 -0.04425615 -0.1012336 -0.3041142 -0.03739732 -0.1025021 -0.2909182 -4.7873e-4 -0.1206265 -0.286544 0.002277374 -0.1369559 -0.2824891 -0.01846975 -0.1308109 -0.2814416 -0.01308816 -0.1099186 -0.2857801 -0.01846975 -0.1308109 -0.2814416 -0.0283479 -0.1108019 -0.2807022 -0.01846975 -0.1308109 -0.2814416 -0.03750509 -0.1223967 -0.2742898 -0.01846975 -0.1308109 -0.2814416 -0.05177205 -0.1207105 -0.2795462 -0.03500837 -0.1382731 -0.2702941 -0.01846975 -0.1308109 -0.2814416 -0.06065648 -0.1221572 -0.289289 -0.04801362 -0.1457107 -0.2731589 -0.02213853 -0.149434 -0.2709988 -0.01846975 -0.1308109 -0.2814416 -0.06620782 -0.1261553 -0.3034596 -0.0562343 -0.151248 -0.2814935 -0.03242295 -0.171519 -0.2828994 -0.02766412 -0.1630917 -0.2743434 -0.004588067 -0.1591738 -0.282745 0.002277374 -0.1369559 -0.2824891 -0.007169663 -0.1480339 -0.276133 -0.01846975 -0.1308109 -0.2814416 -0.01846975 -0.1308109 -0.2814416 -0.01511281 -0.1166408 -0.06448644 -0.01492112 -0.1244695 -0.06652814 -0.02467817 -0.121183 -0.06313115 -0.005865037 -0.1134741 -0.0631175 -0.005337655 -0.1279953 -0.06697243 0.002052307 -0.1123973 -0.05839616 -0.02027982 -0.1305032 -0.06591337 -0.02467817 -0.121183 -0.06313115 0.002181053 -0.1311911 -0.06314736 0.007409095 -0.1136301 -0.05041939 -0.01541131 -0.1390882 -0.06575417 -0.02791112 -0.1312522 -0.06306886 -0.02467817 -0.121183 -0.06313115 0.006119728 -0.1335141 -0.05484116 0.01038646 -0.1162785 -0.0408194 -0.01041978 -0.1458638 -0.06184113 -0.0296306 -0.1404337 -0.06044155 -0.03328126 -0.1262983 -0.05969125 -0.02467817 -0.121183 -0.06313115 0.008378028 -0.135395 -0.04474443 0.009852409 -0.1198934 -0.03289324 -0.006091058 -0.1498541 -0.05414825 -0.02922147 -0.14755 -0.05479329 -0.03957551 -0.1312629 -0.05428802 -0.03337854 -0.1184955 -0.05774021 -0.02467817 -0.121183 -0.06313115 -0.02652448 -0.1516512 -0.046485 -0.04230397 -0.1355136 -0.0469582 -0.04003518 -0.1166693 -0.05138438 -0.02811521 -0.1124359 -0.05826425 -0.02467817 -0.121183 -0.06313115 -0.02060502 -0.1116479 -0.06105083 -0.02467817 -0.121183 -0.06313115 -0.03003019 -0.1056486 -0.05165135 -0.0432567 -0.1162238 -0.04405069 -0.01511281 -0.1166408 -0.06448644 -0.02467817 -0.121183 -0.06313115 -0.01613038 -0.10421 -0.05671268 -0.005865037 -0.1134741 -0.0631175 -0.02983182 -0.1020471 -0.04351323 -0.01158326 -0.1002213 -0.04992139 0.002052307 -0.1123973 -0.05839616 -0.04198545 -0.1175843 -0.03543227 -0.007433831 -0.1004231 -0.04121166 0.007409095 -0.1136301 -0.05041939 -0.02727121 -0.1023566 -0.03438526 -0.003907144 -0.1034698 -0.03193771 0.01038646 -0.1162785 -0.0408194 -0.02319043 -0.1053885 -0.02504825 -0.002401292 -0.1089556 -0.02529031 0.009852409 -0.1198934 -0.03289324 -0.01884835 -0.1106072 -0.0191968 -0.03728383 -0.1203611 -0.0254817 -0.03052228 -0.123576 -0.01872509 -0.003176629 -0.118303 -0.0210191 0.004679679 -0.1251921 -0.0258674 -0.008635461 -0.1311306 -0.02457559 -0.01361745 -0.1192743 -0.01711416 -0.008635461 -0.1311306 -0.02457559 -0.02073949 -0.1274661 -0.01635295 -0.008635461 -0.1311306 -0.02457559 -0.0205993 -0.1380093 -0.01904267 -0.008635461 -0.1311306 -0.02457559 -0.03004735 -0.1406572 -0.02229005 -0.01305097 -0.1447985 -0.02374655 -0.008635461 -0.1311306 -0.02457559 -0.03633397 -0.1406552 -0.02867853 -0.01823896 -0.1514524 -0.02966493 -0.00230211 -0.1439272 -0.02779591 -0.008635461 -0.1311306 -0.02457559 -0.04077047 -0.1385803 -0.03811413 -0.02249425 -0.1533443 -0.0370717 -0.002756059 -0.151545 -0.04444968 -0.001346528 -0.1499434 -0.03598648 0.008406639 -0.1362672 -0.03637158 0.004679679 -0.1251921 -0.0258674 0.004473686 -0.1356238 -0.02838617 -0.008635461 -0.1311306 -0.02457559 -0.008635461 -0.1311306 -0.02457559 0.01390647 -0.0923295 -0.09046697 0.02092933 -0.09457665 -0.09380125 0.01296329 -0.1017581 -0.09538298 0.01565933 -0.08527714 -0.08378708 0.02877712 -0.08928841 -0.08993804 0.01828384 -0.08197939 -0.07551884 0.023427 -0.1013509 -0.09745723 0.01296329 -0.1017581 -0.09538298 0.03496646 -0.08768749 -0.08357381 0.02136611 -0.08333009 -0.06643474 0.0332508 -0.1019463 -0.09670335 0.02004814 -0.1085712 -0.09928518 0.01296329 -0.1017581 -0.09538298 0.03825855 -0.09069681 -0.07520669 0.02435684 -0.08787989 -0.05758053 0.04126739 -0.1037587 -0.09239476 0.02691078 -0.1153843 -0.1000879 0.01282501 -0.111956 -0.09821069 0.01296329 -0.1017581 -0.09538298 0.04018878 -0.09567874 -0.06614911 0.02657127 -0.09435147 -0.05215883 0.04624462 -0.1069036 -0.08470112 0.03280353 -0.1214977 -0.09682977 0.01354408 -0.121597 -0.09818238 0.005878448 -0.109604 -0.09490716 0.01296329 -0.1017581 -0.09538298 0.03701305 -0.1261697 -0.08951085 0.01526546 -0.129536 -0.0945425 4.74945e-4 -0.116969 -0.09276086 0.003303527 -0.1029347 -0.09122049 0.01296329 -0.1017581 -0.09538298 0.006584167 -0.09581321 -0.08939951 0.01296329 -0.1017581 -0.09538298 -0.004047334 -0.1049278 -0.08526611 -0.002105653 -0.1231324 -0.08832174 0.01390647 -0.0923295 -0.09046697 0.01296329 -0.1017581 -0.09538298 0.002032279 -0.09181052 -0.08182156 0.01565933 -0.08527714 -0.08378708 -0.00771898 -0.1077567 -0.07766658 2.98508e-4 -0.0906971 -0.07296359 0.01828384 -0.08197939 -0.07551884 -9.97528e-4 -0.1277291 -0.08087968 0.001830101 -0.09283131 -0.06367826 0.02136611 -0.08333009 -0.06643474 -0.006917893 -0.1112737 -0.06889361 0.005464553 -0.09699815 -0.0548945 0.02435684 -0.08787989 -0.05758053 -0.003026902 -0.1150861 -0.05976438 0.01041316 -0.1021808 -0.04987454 0.02657127 -0.09435147 -0.05215883 0.003166198 -0.1177381 -0.05385315 0.002933502 -0.1313426 -0.07086324 0.008524894 -0.1319282 -0.06249153 0.01775455 -0.109343 -0.04886913 0.02800559 -0.104282 -0.05028408 0.02640914 -0.1168987 -0.05753034 0.01308536 -0.1192046 -0.05134701 0.02640914 -0.1168987 -0.05753034 0.01655769 -0.1282551 -0.0562911 0.02640914 -0.1168987 -0.05753034 0.02595233 -0.1313971 -0.06079441 0.02640914 -0.1168987 -0.05753034 0.02380371 -0.137294 -0.0690062 0.03595161 -0.1265858 -0.06222981 0.02640914 -0.1168987 -0.05753034 0.02119445 -0.138037 -0.07754802 0.03959941 -0.129837 -0.07130426 0.04087352 -0.1164745 -0.05973154 0.02640914 -0.1168987 -0.05753034 0.01795959 -0.1348475 -0.08715999 0.03971767 -0.1294555 -0.08004438 0.0485773 -0.1108307 -0.07536417 0.04720878 -0.1139074 -0.06731194 0.04027652 -0.1007757 -0.05944997 0.02800559 -0.104282 -0.05028408 0.03711795 -0.1077098 -0.05480355 0.02640914 -0.1168987 -0.05753034 0.02640914 -0.1168987 -0.05753034 0.03676414 -0.1045787 -0.05310529 0.03830814 -0.1125212 -0.05327558 0.02789878 -0.1102384 -0.05128115 0.04527091 -0.09969985 -0.05198407 0.04830932 -0.1144183 -0.05235624 0.05246829 -0.09631997 -0.0471996 0.03387451 -0.1190786 -0.05159074 0.02789878 -0.1102384 -0.05128115 0.05583381 -0.115409 -0.04748123 0.05718994 -0.09487521 -0.03886485 0.03993129 -0.1264918 -0.04918557 0.02620983 -0.1204446 -0.04908436 0.02789878 -0.1102384 -0.05128115 0.05929088 -0.1151759 -0.03865528 0.05963039 -0.0948323 -0.02876102 0.04549312 -0.1313254 -0.04354327 0.02564239 -0.128986 -0.04451471 0.01987266 -0.1158343 -0.04724562 0.02789878 -0.1102384 -0.05128115 0.06086254 -0.1144062 -0.02828603 0.05891132 -0.09666711 -0.02025848 0.04963874 -0.1327649 -0.03490734 0.02658271 -0.1345287 -0.03736603 0.01391601 -0.1204738 -0.04120761 0.01843452 -0.1079211 -0.0471521 0.02789878 -0.1102384 -0.05128115 0.02908134 -0.1362116 -0.02819848 0.01118659 -0.1234146 -0.03326153 0.01102256 -0.1058819 -0.04177236 0.02276229 -0.1013346 -0.04876011 0.02789878 -0.1102384 -0.05128115 0.03029632 -0.09993857 -0.05122613 0.02789878 -0.1102384 -0.05128115 0.01925563 -0.09368193 -0.04400604 0.007107734 -0.1043875 -0.03493154 0.03676414 -0.1045787 -0.05310529 0.02789878 -0.1102384 -0.05128115 0.03319358 -0.09109628 -0.04847222 0.04527091 -0.09969985 -0.05198407 0.01816272 -0.08840918 -0.0369178 0.03644847 -0.0850234 -0.04253685 0.05246829 -0.09631997 -0.0471996 0.007765769 -0.1036037 -0.02617388 0.03975963 -0.08262753 -0.03379535 0.05718994 -0.09487521 -0.03886485 0.01988792 -0.08628916 -0.02783459 0.04282951 -0.08294814 -0.02388572 0.05963039 -0.0948323 -0.02876102 0.02349472 -0.08648955 -0.01783597 0.0445156 -0.08652263 -0.01608002 0.05891132 -0.09666711 -0.02025848 0.02800655 -0.0895102 -0.01070535 0.01188945 -0.1033216 -0.01560288 0.01840114 -0.1038165 -0.007918298 0.04475021 -0.09470796 -0.00982201 0.05395889 -0.1010875 -0.01250398 0.04161453 -0.1087261 -0.01063114 0.03425598 -0.09652227 -0.00639224 0.04161453 -0.1087261 -0.01063114 0.02839374 -0.1054159 -0.004167497 0.04161453 -0.1087261 -0.01063114 0.03034973 -0.1161191 -0.004345357 0.04161453 -0.1087261 -0.01063114 0.02174282 -0.1209422 -0.007422327 0.03922748 -0.122422 -0.006927371 0.04161453 -0.1087261 -0.01063114 0.01614284 -0.1233779 -0.01398295 0.03565692 -0.1309738 -0.01143711 0.05005359 -0.1206843 -0.01045709 0.04161453 -0.1087261 -0.01063114 0.01233673 -0.1241788 -0.02387702 0.03243255 -0.1351161 -0.01843678 0.05227947 -0.1317206 -0.024908 0.05264663 -0.128099 -0.01697552 0.06024742 -0.1134127 -0.01994931 0.05395889 -0.1010875 -0.01250398 0.05554199 -0.1117033 -0.0125609 0.04161453 -0.1087261 -0.01063114 0.04161453 -0.1087261 -0.01063114 -0.01115512 3.33132e-4 0.06018108 -0.01134681 7.277e-4 0.0597549 -0.0146532 -0.001558542 0.06149643 -0.0140953 -0.002693474 0.06274539 -0.01945877 -0.004340708 0.0626598 -0.01404476 -0.004033863 0.06151479 -0.01113796 -1.18269e-4 0.05976659 -0.0113306 2.76254e-4 0.05934041 -0.01878833 -0.005698323 0.06416589 -0.03188705 3.29554e-4 0.05834931 -0.01872825 -0.007299363 0.06269592 -0.01460266 -0.002898931 0.06026589 -0.0146532 -0.001558542 0.06149643 -0.01134681 7.277e-4 0.0597549 -0.01945877 -0.004340708 0.0626598 -0.01939868 -0.005941689 0.06118971 -0.03188705 3.29554e-4 0.05834931 -0.03083038 -0.003959596 0.05839389 -0.03180217 -0.001931011 0.05627334 -0.04669857 0.01220571 0.0643987 -0.03091526 -0.001699268 0.06046885 -0.04669857 0.01220571 0.0643987 -0.04534244 0.006773889 0.06453567 -0.04658985 0.009294867 0.06172621 -0.05264949 0.01322549 0.06527203 -0.04545116 0.009684681 0.06720811 -0.05264949 0.01322549 0.06527203 -0.051198 0.007377266 0.06538373 -0.05253219 0.01008069 0.06238478 -0.06797409 0.003520309 0.06528419 -0.06785011 2.22081e-4 0.06225603 -0.06644821 -0.002618193 0.06540673 -0.05131435 0.010522 0.0682711 -0.06657218 6.80054e-4 0.06843489 -0.06797409 0.003520309 0.06528419 -0.0484476 0.04779678 0.06701558 -0.0498743 0.04476892 0.06935685 -0.04882049 0.04808074 0.06740897 -0.05079841 0.04546982 0.07034295 -0.05227947 0.04234927 0.07339829 -0.04991531 0.04501056 0.07154184 -0.04847335 0.04790019 0.06788069 -0.04810047 0.04761624 0.06748729 -0.05337142 0.04317921 0.07452929 -0.05463504 0.03897202 0.07530778 -0.0498743 0.04476892 0.06935685 -0.0484476 0.04779678 0.06701558 -0.0489912 0.04430967 0.07055574 -0.05227947 0.04234927 0.07339829 -0.0523405 0.04264259 0.0759297 -0.05124855 0.04181289 0.07479864 -0.05463504 0.03897202 0.07530778 -0.05471897 0.0393306 0.07833319 -0.05340194 0.03833115 0.07698065 -0.05814552 0.03178125 0.07209628 -0.05595111 0.03997123 0.07666045 -0.05814552 0.03178125 0.07209628 -0.05855941 0.03182232 0.0756821 -0.05649566 0.03061729 0.07435125 -0.05805397 0.02498567 0.06347769 -0.06022548 0.03293073 0.07341271 -0.05805397 0.02498567 0.06347769 -0.05869388 0.02362513 0.06937712 -0.05607891 0.02261543 0.06655806 -0.05975914 0.02179354 0.06200343 -0.0606594 0.02604842 0.06628602 -0.05975914 0.02179354 0.06200343 -0.06059837 0.01944315 0.06823092 -0.05774688 0.01868516 0.06517463 -0.06555747 0.005156695 0.062213 -0.06364345 0.001651942 0.06424123 -0.06674194 0.001819729 0.0674557 -0.0625925 0.02265524 0.06504708 -0.06865596 0.005324721 0.06542742 -0.06555747 0.005156695 0.062213 -0.02468967 0.03562629 0.0307604 -0.03204536 0.02134341 0.03667759 -0.02324199 0.03562325 0.03179246 -0.03027248 0.02145254 0.03846645 -0.04272842 0.02113819 0.03546196 -0.02963352 0.0196011 0.03781962 -0.02271938 0.03403764 0.03106707 -0.02416706 0.03404068 0.03003495 -0.04140281 0.01927793 0.03998917 -0.05896854 0.02326053 0.03535896 -0.03204536 0.02134341 0.03667759 -0.02468967 0.03562629 0.0307604 -0.03140163 0.01950687 0.03610879 -0.04272842 0.02113819 0.03546196 -0.04055976 0.01649439 0.03819948 -0.0428524 0.01804006 0.03312289 -0.05896854 0.02326053 0.03535896 -0.05393028 0.0173068 0.03528326 -0.0582571 0.02052181 0.03013455 -0.06486034 0.02085375 0.04610234 -0.05564785 0.02121108 0.03932535 -0.06486034 0.02085375 0.04610234 -0.05936908 0.01657021 0.04368162 -0.06270217 0.01643234 0.0407167 -0.07277393 0.004358589 0.0650205 -0.07148838 4.56952e-4 0.06323534 -0.06785583 4.64449e-4 0.06583601 -0.06151294 0.0209859 0.04904556 -0.06914234 0.004366099 0.06762117 -0.07277393 0.004358589 0.0650205 -0.0628786 -0.01183545 0.4059423 -0.06830883 -0.006837546 0.3415508 -0.06231403 -0.009770154 0.4059423 -0.06693553 -0.001690924 0.341489 -0.07377147 0.005323529 0.2740239 -0.07217788 -1.87831e-4 0.3414889 -0.06437587 -0.009178757 0.4059439 -0.06494045 -0.01124405 0.4059439 -0.07207965 0.01130902 0.2740239 -0.0765295 0.01004868 0.1955947 -0.06830883 -0.006837546 0.3415508 -0.0628786 -0.01183545 0.4059423 -0.07355022 -0.005334377 0.3415507 -0.07377147 0.005323529 0.2740239 -0.07820224 0.01306486 0.2740238 -0.07989406 0.007079303 0.2740238 -0.0765295 0.01004868 0.1955947 -0.08178329 0.01932936 0.1955946 -0.08384323 0.01214605 0.1955946 -0.07221984 0.00501585 0.1150964 -0.07446956 0.01723194 0.1955947 -0.07221984 0.00501585 0.1150964 -0.07845973 0.01627463 0.1150963 -0.08096885 0.007524967 0.1150963 -0.06376361 -0.01281791 0.03459805 -0.06970977 0.01376545 0.1150964 -0.06376361 -0.01281791 0.03459805 -0.0714035 6.19844e-4 0.03459787 -0.07409191 -0.009857773 0.03459787 -0.05244731 -0.04019856 -0.0459004 -0.06107997 -0.002340793 0.03459805 -0.05244731 -0.04019856 -0.0459004 -0.06123065 -0.02463197 -0.04590046 -0.06436061 -0.03679019 -0.04590046 -0.0462808 -0.06357246 -0.1263988 -0.0493164 -0.02804023 -0.04590034 -0.0462808 -0.06357246 -0.1263988 -0.05571365 -0.04639565 -0.1263989 -0.05957788 -0.05975931 -0.1263989 -0.0430507 -0.07141453 -0.2068971 -0.04241752 -0.0502088 -0.1263988 -0.0430507 -0.07141453 -0.2068971 -0.05331319 -0.05299115 -0.2068972 -0.0574159 -0.06729501 -0.2068972 -0.04751008 -0.07111704 -0.2873955 -0.03894901 -0.05711066 -0.2068971 -0.04751008 -0.07111704 -0.2873955 -0.05820173 -0.05192017 -0.2873956 -0.06247609 -0.06682527 -0.2873956 -0.05689805 -0.06569474 -0.3678939 -0.04323577 -0.05621194 -0.2873955 -0.05689805 -0.06569474 -0.3678939 -0.06765842 -0.04635876 -0.3678939 -0.07196426 -0.06137418 -0.3678939 -0.06432056 -0.06033003 -0.4795272 -0.07938671 -0.05600941 -0.4795272 -0.07507801 -0.04098212 -0.4795272 -0.05259126 -0.05067932 -0.3678938 -0.0600118 -0.04530274 -0.4795272 -0.06432056 -0.06033003 -0.4795272 -0.1041812 -0.1495811 -0.3059468 -0.1042966 -0.1418145 -0.3054225 -0.1049394 -0.1494424 -0.3053703 -0.1061868 -0.1414573 -0.3039972 -0.1071596 -0.132929 -0.3036026 -0.1074323 -0.1404159 -0.3058332 -0.1054296 -0.1490328 -0.3060926 -0.1046714 -0.1491716 -0.3066692 -0.1093492 -0.1325365 -0.3019088 -0.1062803 -0.1242642 -0.301657 -0.1042966 -0.1418145 -0.3054225 -0.1041812 -0.1495811 -0.3059468 -0.1055421 -0.1407731 -0.3072586 -0.1071596 -0.132929 -0.3036026 -0.1108036 -0.1313201 -0.3040534 -0.1086149 -0.1317126 -0.3057473 -0.1062803 -0.1242642 -0.301657 -0.1106424 -0.122345 -0.3021743 -0.1080188 -0.1228111 -0.3042189 -0.08917039 -0.1132101 -0.295852 -0.1089048 -0.1237981 -0.2996124 -0.08917039 -0.1132101 -0.295852 -0.09549039 -0.110426 -0.2966137 -0.09162324 -0.1111584 -0.2994697 -0.06031125 -0.1060812 -0.2929103 -0.09303563 -0.112477 -0.2929974 -0.06031125 -0.1060812 -0.2929103 -0.06834888 -0.1025776 -0.2937516 -0.06347084 -0.1034395 -0.2975679 -0.05358117 -0.09962522 -0.2906548 -0.0651884 -0.1052193 -0.2890941 -0.05358117 -0.09962522 -0.2906548 -0.06221956 -0.09584313 -0.2916151 -0.05699533 -0.09677129 -0.2956866 -0.05105584 -0.07120901 -0.2903533 -0.05463594 -0.06821578 -0.2956306 -0.06012529 -0.06724071 -0.2913533 -0.0588054 -0.09869706 -0.2865834 -0.05654424 -0.07023394 -0.2860759 -0.05105584 -0.07120901 -0.2903533 -0.0151357 -0.1379378 -0.2827894 -0.01800817 -0.1332543 -0.2794596 -0.01451104 -0.1377431 -0.2820839 -0.01646512 -0.1327689 -0.2776943 -0.01954549 -0.1279257 -0.2732594 -0.01811689 -0.1334289 -0.2760077 -0.0151605 -0.1380029 -0.2814202 -0.01578515 -0.1381976 -0.2821258 -0.01771348 -0.1273533 -0.2712264 -0.02188104 -0.1217498 -0.2705468 -0.01800817 -0.1332543 -0.2794596 -0.0151357 -0.1379378 -0.2827894 -0.01965993 -0.1339144 -0.277773 -0.01954549 -0.1279257 -0.2732594 -0.01964277 -0.1281243 -0.2692564 -0.02147382 -0.1286967 -0.2712894 -0.02188104 -0.1217498 -0.2705468 -0.02197545 -0.1219797 -0.2657597 -0.02418512 -0.1226708 -0.2681934 -0.02679437 -0.1104967 -0.2763036 -0.01967138 -0.1210587 -0.2681131 -0.02679437 -0.1104967 -0.2763036 -0.02708333 -0.1100097 -0.2706543 -0.03026098 -0.111437 -0.2731789 -0.03353112 -0.1041329 -0.290868 -0.02366727 -0.1089961 -0.2738085 -0.03353112 -0.1041329 -0.290868 -0.03581327 -0.1020166 -0.2818124 -0.03896802 -0.1043229 -0.2866934 -0.03556245 -0.09895348 -0.2934813 -0.0303182 -0.1018896 -0.2859963 -0.03556245 -0.09895348 -0.2934813 -0.03894799 -0.09564185 -0.284052 -0.04196733 -0.09848368 -0.2892904 -0.05069535 -0.07579863 -0.29517 -0.05726331 -0.07483041 -0.2928144 -0.05477231 -0.07111454 -0.2873957 -0.03242963 -0.09623312 -0.2882477 -0.0482034 -0.07208281 -0.2897511 -0.05069535 -0.07579863 -0.29517 -0.04193967 -0.1474491 -0.3497162 -0.04640096 -0.1425316 -0.345553 -0.0424928 -0.1480665 -0.3492276 -0.04779046 -0.1440583 -0.3443401 -0.05339521 -0.1390947 -0.3400197 -0.04976648 -0.14332 -0.3455855 -0.043271 -0.1477761 -0.3497177 -0.04271692 -0.1471588 -0.3502064 -0.05498212 -0.1408959 -0.3385874 -0.05724328 -0.1331899 -0.3364351 -0.04640096 -0.1425316 -0.345553 -0.04193967 -0.1474491 -0.3497162 -0.04837793 -0.1417933 -0.3467984 -0.05339521 -0.1390947 -0.3400197 -0.05729287 -0.1400334 -0.340042 -0.05570501 -0.1382322 -0.3414743 -0.05724328 -0.1331899 -0.3364351 -0.06192201 -0.1345309 -0.3352338 -0.06001275 -0.1322388 -0.3377014 -0.04711335 -0.1196599 -0.33706 -0.05915635 -0.1355028 -0.333844 -0.04711335 -0.1196599 -0.33706 -0.05547803 -0.117918 -0.3338158 -0.05035299 -0.1165474 -0.3411998 -0.02905648 -0.1014153 -0.3348901 -0.05159753 -0.1195228 -0.330466 -0.02905648 -0.1014153 -0.3348901 -0.04119008 -0.1020094 -0.3365979 -0.03205484 -0.09969747 -0.3435728 -0.02863973 -0.09172898 -0.3178102 -0.03555387 -0.1035898 -0.3294455 -0.02863973 -0.09172898 -0.3178102 -0.03865712 -0.09449344 -0.3229572 -0.03505986 -0.09020841 -0.3271966 -0.04541009 -0.06601881 -0.2900411 -0.05109399 -0.06389653 -0.2936208 -0.05506223 -0.06843173 -0.2900072 -0.0322532 -0.09602743 -0.3136075 -0.04937738 -0.07055401 -0.2864276 -0.04541009 -0.06601881 -0.2900411 0.003850936 -0.1512953 -0.03408926 5.41702e-4 -0.1482939 -0.03131306 0.003547668 -0.1517419 -0.0337277 -2.23145e-4 -0.1494003 -0.03041511 -0.004299104 -0.1464642 -0.02750325 -0.001643121 -0.1491156 -0.03121936 0.002988815 -0.1516301 -0.0340442 0.003293037 -0.1511835 -0.03440576 -0.005166947 -0.1477648 -0.02644437 -0.007232606 -0.14297 -0.02356171 5.41702e-4 -0.1482939 -0.03131306 0.003850936 -0.1512953 -0.03408926 -8.77365e-4 -0.1480095 -0.03211724 -0.004299104 -0.1464642 -0.02750325 -0.006825387 -0.1474326 -0.02738386 -0.00595659 -0.146132 -0.02844262 -0.007232606 -0.14297 -0.02356171 -0.01025003 -0.1441371 -0.02340763 -0.009212434 -0.142573 -0.02468395 -0.002670228 -0.1316999 -0.01601326 -0.00826925 -0.1445341 -0.0222854 -0.002670228 -0.1316999 -0.01601326 -0.007045686 -0.1333867 -0.01579624 -0.005466401 -0.1311392 -0.01759809 0.008611679 -0.1157287 -0.01101833 -0.004249513 -0.1339467 -0.01421213 0.008611679 -0.1157287 -0.01101833 0.003089904 -0.1179203 -0.01067829 0.005011558 -0.1150071 -0.01305848 0.009488105 -0.1104246 -0.007395982 0.006690025 -0.1186419 -0.008638024 0.009488105 -0.1104246 -0.007395982 0.003534317 -0.1127597 -0.00705868 0.005599021 -0.109645 -0.009600102 -0.001542985 -0.09763967 0.001899123 -0.005622804 -0.09682214 -4.12613e-4 -0.007791459 -0.1000944 0.002257347 0.007424354 -0.1135392 -0.0048545 -0.003712594 -0.1009119 0.004569053 -0.001542985 -0.09763967 0.001899123 0.04601573 -0.109726 -0.01358515 0.04329681 -0.1099955 -0.01021206 0.04637336 -0.1095218 -0.01308208 0.04418277 -0.1094948 -0.008954644 0.04152107 -0.1100699 -0.00488007 0.04402446 -0.1109685 -0.008216381 0.04631042 -0.1101015 -0.01279163 0.04595279 -0.1103059 -0.01329469 0.04256248 -0.1094611 -0.003425836 0.03828716 -0.1093192 -0.001381993 0.04329681 -0.1099955 -0.01021206 0.04601573 -0.109726 -0.01358515 0.0431385 -0.1114693 -0.00947386 0.04152107 -0.1100699 -0.00488007 0.04237747 -0.1111827 -0.002563536 0.04133605 -0.1117913 -0.00401777 0.03828716 -0.1093192 -0.001381993 0.03931713 -0.1106367 0.00139141 0.03806591 -0.1113757 -3.51846e-4 0.02989959 -0.105632 -0.001399517 0.03953742 -0.1085804 3.61294e-4 0.02989959 -0.105632 -0.001399517 0.03070259 -0.1069604 0.002108335 0.02928924 -0.1084409 4.4167e-5 0.0209608 -0.1026529 -0.008275508 0.03125 -0.1041383 6.68675e-4 0.0209608 -0.1026529 -0.008275508 0.02080345 -0.1051023 -0.002289772 0.01930141 -0.1063525 -0.006035089 0.01721763 -0.100855 -0.00825411 0.0225172 -0.1013983 -0.004553616 0.01721763 -0.100855 -0.00825411 0.01609134 -0.103433 -0.0017035 0.01481342 -0.1047498 -0.005827188 -3.67157e-4 -0.09816461 -0.002414345 -0.003439843 -0.1014817 -9.2724e-4 -0.002754151 -0.1001027 0.003563642 0.01860237 -0.09953242 -0.004168033 3.17581e-4 -0.09678548 0.002076566 -3.67157e-4 -0.09816461 -0.002414345 0.02369976 -0.1099466 -0.05735629 0.02029228 -0.1110833 -0.05346661 0.02380275 -0.110584 -0.05728036 0.02053737 -0.1126709 -0.05327683 0.01659584 -0.1143732 -0.04931771 0.01902103 -0.1130052 -0.05385059 0.02320575 -0.1107156 -0.0575062 0.02310371 -0.1100782 -0.05758213 0.01691055 -0.116222 -0.04909127 0.01293468 -0.1146707 -0.04543799 0.02029228 -0.1110833 -0.05346661 0.02369976 -0.1099466 -0.05735629 0.01877593 -0.1114176 -0.05404031 0.01659584 -0.1143732 -0.04931771 0.01513862 -0.1166127 -0.04976147 0.01482391 -0.1147639 -0.04998791 0.01293468 -0.1146707 -0.04543799 0.01152801 -0.1177486 -0.04530763 0.01094436 -0.1152899 -0.04598343 0.01178455 -0.1041339 -0.04116708 0.01355171 -0.1171694 -0.04469537 0.01178455 -0.1041339 -0.04116708 0.007701873 -0.1082095 -0.03896594 0.008049011 -0.1033843 -0.04275208 0.01294517 -0.0885688 -0.03346544 0.01093006 -0.1078405 -0.03735035 0.01294517 -0.0885688 -0.03346544 0.007065773 -0.09418219 -0.03508222 0.009001731 -0.08715802 -0.03818982 0.01243495 -0.08860075 -0.02020603 0.01189708 -0.09390109 -0.03113573 0.01243495 -0.08860075 -0.02020603 0.007802009 -0.09324818 -0.02448803 0.006799697 -0.08873093 -0.02552801 -0.001031816 -0.09289371 0.003925621 -0.005392968 -0.09385508 0.00227642 -0.00458616 -0.09849804 0.002851724 0.01342678 -0.09312248 -0.01919269 -2.26013e-4 -0.09753668 0.004500985 -0.001031816 -0.09289371 0.003925621 -0.03331947 -0.009739339 0.07216614 -0.01883697 -0.004494726 0.06734877 -0.03030204 -0.008133947 0.06016987 -0.04239559 -0.01002252 0.06168264 -0.02448368 -0.004349827 0.06103324 -0.02438831 0.005149602 0.06538337 -0.03599643 -0.007034301 0.05921226 -0.02660369 -1.59889e-5 0.0598194 -0.029006 -0.004321873 0.05637592 -0.031497 0.002943277 0.05828553 -0.03246498 0.01005691 0.05809217 -0.04087734 0.002901673 0.06217175 -0.03469276 -6.89434e-4 0.05754274 -0.01362228 0.006363928 0.05786359 -0.03799915 0.02039432 0.04310548 -0.02017688 0.003776609 0.06051534 -0.002057075 -0.01564782 0.05580383 -0.03574562 0.01070797 0.05621832 -0.0488491 -6.58635e-4 0.04566055 -0.0150156 -0.00944519 0.06452077 -0.04197978 -1.1635e-4 0.05691593 -0.02907943 -0.004258394 0.0567196 -0.04170322 -0.01473665 0.05972808 -0.04794025 -0.02445513 0.04558187 -0.02479362 -0.02528774 0.05978566 -0.02985763 -0.01671648 0.0619021 -0.01780223 0.03222215 0.04621303 -0.01772689 0.04612219 0.03801172 -0.02011394 0.03292191 0.03397536 -0.02285766 0.02181059 0.03857105 -0.0211277 0.03982424 0.03347665 -0.02895259 0.04485219 0.03823667 -0.02348899 0.02815878 0.03466176 -0.02608203 0.03951138 0.03315889 -0.02370357 0.03483194 0.03022378 -0.03092765 0.03610795 0.03319442 -0.03777694 0.03820037 0.03372389 -0.03388404 0.02868217 0.03945654 -0.02900886 0.03160494 0.03311109 -0.02713489 0.05319279 0.02818483 -0.05183124 0.03437954 0.02147775 -0.02689552 0.04691648 0.03233563 -0.003051757 0.05368292 0.02167999 -0.03996181 0.03517299 0.03285044 -0.03656387 0.01654458 0.02551591 -0.01223659 0.04678779 0.03394764 -0.03247165 0.02529042 0.03451156 -0.02373218 0.03486907 0.03057789 -0.01865196 0.02001184 0.03620547 -0.0146799 0.007334947 0.02367597 -0.002504348 0.03048563 0.03102469 -0.01187705 0.03008925 0.03497183 -0.05837059 0.03712946 0.0823732 -0.04388236 0.04413884 0.08118039 -0.05260181 0.0390312 0.07147854 -0.06435871 0.0356335 0.0699529 -0.04769992 0.0435276 0.07364064 -0.04987049 0.05298918 0.07750612 -0.05795097 0.03939378 0.06906968 -0.04994678 0.04755032 0.07176488 -0.05084896 0.04295372 0.06799286 -0.05460548 0.049856 0.06893032 -0.05634498 0.0567879 0.06822603 -0.0645914 0.04864871 0.07031494 -0.05704116 0.04584252 0.06754273 -0.03776836 0.05551296 0.07291477 -0.05906963 0.06624817 0.05194205 -0.04441928 0.05213153 0.07391864 -0.02348423 0.0351333 0.07469338 -0.05909156 0.05700612 0.06555932 -0.06758213 0.04400539 0.05247271 -0.03889465 0.03969573 0.07960301 -0.06394004 0.04548293 0.06507056 -0.0510149 0.04300922 0.06830412 -0.06262397 0.03103315 0.06841915 -0.06381034 0.02051597 0.0535382 -0.04514312 0.02271229 0.0731582 -0.05157947 0.03058487 0.07359439 0.002783715 0.009597718 -0.1629007 0.00465101 0.01803874 -0.1691157 0.004553735 0.008974134 -0.1709127 0.001947343 0.001920282 -0.1678071 0.003914773 0.0133816 -0.1721184 -0.002178192 0.01658016 -0.1717236 0.002439439 0.005724072 -0.1709138 0.001003205 0.01286721 -0.1735433 0.003313958 0.009723186 -0.1742624 -0.001863479 0.01036959 -0.1744381 -0.006197929 0.0113812 -0.1760625 -0.005117416 0.005837619 -0.1707307 -5.77934e-4 0.007534921 -0.1735765 0.00135225 0.02135038 -0.1780853 -0.0114355 0.007129907 -0.1866494 5.57892e-4 0.01758927 -0.1749401 0.01762098 0.02255493 -0.1759015 -0.00722599 0.009211897 -0.1768607 -0.002836227 -0.00331676 -0.1786561 0.009019792 0.01847493 -0.1702215 -0.002898216 0.00332278 -0.1730253 0.003204286 0.009773254 -0.1740601 0.005150735 8.05613e-4 -0.167988 0.01110738 -0.008208036 -0.1733186 0.01604455 0.008170843 -0.167968 0.009347856 0.007677376 -0.1679478 0.01957219 0.0241239 -0.1511717 0.02573579 0.03656369 -0.1522071 0.01981729 0.0298168 -0.1602987 0.01310247 0.02158862 -0.1609101 0.02154344 0.03512978 -0.1580204 0.01657289 0.03988718 -0.1521997 0.01542562 0.02758163 -0.1614907 0.01764863 0.03691464 -0.158245 0.01826375 0.03382635 -0.1623677 0.01269429 0.03640574 -0.1593794 0.008058488 0.04026812 -0.1579772 0.006871163 0.03020554 -0.1572898 0.01259988 0.03260505 -0.1612173 0.02239125 0.04849183 -0.1568373 -0.002371788 0.04732674 -0.1685034 0.01975435 0.04261201 -0.1560316 0.04213804 0.04195535 -0.1623613 0.0054273 0.03932607 -0.1597462 0.002549111 0.02780628 -0.1726233 0.03081029 0.03636795 -0.1552503 0.007488191 0.02908319 -0.1624471 0.01820367 0.03373718 -0.162079 0.01606553 0.01958513 -0.1635447 0.01648992 0.01378118 -0.1781818 0.03300756 0.02247464 -0.1640089 0.02504152 0.02437645 -0.1608433 -0.04595082 -0.06314241 0.2121924 -0.03797149 -0.05442911 0.2074437 -0.0442447 -0.0621044 0.202556 -0.05182451 -0.0679481 0.2043099 -0.04175657 -0.0571804 0.2026693 -0.04549974 -0.05025637 0.2051196 -0.04855436 -0.06367844 0.2018774 -0.04487514 -0.05519276 0.2013545 -0.04476255 -0.05940222 0.1991677 -0.04934972 -0.05525207 0.2000142 -0.05278867 -0.05082595 0.1991834 -0.05584615 -0.05854207 0.2033541 -0.05010312 -0.0590384 0.1998972 -0.03843307 -0.04600274 0.1987776 -0.06028646 -0.04750925 0.1866071 -0.04197025 -0.05004262 0.2013167 -0.02186393 -0.05662745 0.1989988 -0.05524826 -0.05185639 0.197757 -0.05954831 -0.06575596 0.1910501 -0.03335762 -0.05658495 0.2056058 -0.05530542 -0.06155675 0.1995803 -0.04484552 -0.05935281 0.1994324 -0.04946511 -0.07107472 0.2032302 -0.04962629 -0.08154541 0.1933357 -0.03375911 -0.07162648 0.203794 -0.04062551 -0.06757348 0.2047533 -0.1017522 -0.1017696 -0.2860229 -0.1080188 -0.1248812 -0.2944456 -0.1001787 -0.1071048 -0.3048369 -0.09135049 -0.09019601 -0.3013103 -0.1011924 -0.1179863 -0.3035814 -0.09041398 -0.1271822 -0.2952542 -0.09321874 -0.1010499 -0.305455 -0.09356969 -0.1194896 -0.3045062 -0.09591573 -0.1123799 -0.3102878 -0.08495038 -0.1162153 -0.3058163 -0.07518762 -0.1218127 -0.3048352 -0.07689565 -0.1044541 -0.2986171 -0.08626264 -0.1087518 -0.3071791 -0.09759038 -0.1418041 -0.308097 -0.05408281 -0.1248328 -0.3258392 -0.0951156 -0.1311395 -0.3035849 -0.1353864 -0.1351909 -0.3163249 -0.07088655 -0.118344 -0.3072502 -0.0703659 -0.09114027 -0.323976 -0.1171941 -0.1249228 -0.3001329 -0.07851117 -0.1002039 -0.3071731 -0.09583753 -0.1123476 -0.3097324 -0.09744256 -0.08655536 -0.3052146 -0.100665 -0.06951004 -0.328105 -0.1265573 -0.09757292 -0.3089169 -0.111576 -0.09944444 -0.3035947 -0.05924123 -0.1613533 -0.3215229 -0.04043382 -0.1747667 -0.3320467 -0.05368226 -0.1591693 -0.3402107 -0.06577008 -0.1451025 -0.3345277 -0.0440759 -0.1645082 -0.3397349 -0.03140062 -0.159536 -0.3305329 -0.05651468 -0.1503967 -0.3395078 -0.03969758 -0.1580242 -0.3396766 -0.04714673 -0.1565248 -0.3453104 -0.03931993 -0.1487194 -0.3395867 -0.03033918 -0.1421682 -0.3375821 -0.04698461 -0.1379079 -0.3306754 -0.0466966 -0.1468069 -0.340688 -0.02074998 -0.169812 -0.3450655 -0.01923269 -0.1209999 -0.3555893 -0.0295934 -0.1640955 -0.339649 -0.04166501 -0.2003638 -0.3580703 -0.03183454 -0.1365467 -0.3391731 -0.05661672 -0.1229879 -0.3540756 -0.04399007 -0.1822685 -0.3389461 -0.0515117 -0.1364389 -0.3391148 -0.04714673 -0.1565247 -0.3447487 -0.07150357 -0.1486387 -0.3390249 -0.08840364 -0.1415032 -0.3611248 -0.07280343 -0.1788313 -0.3473614 -0.06520742 -0.1667397 -0.3401262 -0.02206033 -0.1153042 -0.2593738 -0.02688783 -0.1401012 -0.2618557 -0.02295583 -0.1243553 -0.2767571 -0.0156936 -0.1064305 -0.2782569 -0.02248281 -0.1347703 -0.2732479 -0.009501397 -0.141101 -0.2654057 -0.01693814 -0.1180299 -0.2798013 -0.01498883 -0.1358186 -0.2752402 -0.01905149 -0.1303048 -0.2817649 -0.007135331 -0.1322149 -0.2787144 0.003238677 -0.1366761 -0.2784656 5.62683e-4 -0.1185892 -0.2755333 -0.009509027 -0.1253386 -0.281238 -0.01692289 -0.1586366 -0.2736307 0.02085781 -0.1423684 -0.3019794 -0.01500219 -0.1470955 -0.2718064 -0.05606263 -0.1569685 -0.2759371 0.006658554 -0.1334632 -0.2822533 0.001296043 -0.1104622 -0.3037534 -0.03679651 -0.1420811 -0.2656518 -0.002903878 -0.1163891 -0.2843098 -0.01888841 -0.1301496 -0.2812502 -0.02272027 -0.1041992 -0.2816137 -0.03157323 -0.09269767 -0.3063975 -0.05057233 -0.1180505 -0.2777197 -0.03481096 -0.1175454 -0.274965 -0.01162046 -0.1354314 -0.006953358 -0.006324708 -0.1458274 -0.01952397 -0.01239675 -0.1322383 -0.01979488 -0.01478379 -0.121959 -0.01202309 -0.007914483 -0.1374934 -0.02253979 0.002904891 -0.1381708 -0.02013963 -0.01182264 -0.1262819 -0.01800286 -0.003815591 -0.1342447 -0.02330952 -0.009190499 -0.1310259 -0.02457147 -0.00138849 -0.1284666 -0.02275669 0.005891799 -0.1263449 -0.02362042 -0.001167237 -0.1215709 -0.01446062 -0.005521714 -0.1256963 -0.02124071 0.003191947 -0.1444312 -0.03267437 0.01298618 -0.1123426 -0.03636771 6.77124e-4 -0.139987 -0.02651554 -0.01937955 -0.1577306 -0.03675222 0.005950927 -0.1222752 -0.0238099 -0.008984506 -0.1067544 -0.02510404 -0.01184362 -0.148823 -0.02323371 -0.005521714 -0.1184931 -0.01825803 -0.009054124 -0.1311119 -0.02422797 -0.02006143 -0.1224122 -0.01339685 -0.0336427 -0.1113259 -0.0217157 -0.02993863 -0.1399133 -0.02008908 -0.02089589 -0.1348415 -0.01700764 0.02721118 -0.1308437 -0.04557847 0.03984355 -0.1247799 -0.05546784 0.02510833 -0.1226962 -0.0558204 0.01441192 -0.1240943 -0.04837715 0.03209877 -0.1204187 -0.05690801 0.0378704 -0.1145954 -0.04942047 0.02010345 -0.1206232 -0.05271029 0.03139305 -0.1156843 -0.05466437 0.02604198 -0.1172376 -0.05779415 0.027565 -0.1117103 -0.05164128 0.02942276 -0.1052314 -0.0480616 0.02104568 -0.113127 -0.04316091 0.02299308 -0.1141751 -0.05193918 0.0444355 -0.1101506 -0.06097573 0.02188873 -0.08681815 -0.05167764 0.03884792 -0.1133591 -0.05623465 0.04502868 -0.1294603 -0.07913494 0.02595233 -0.103248 -0.04727303 0.00522232 -0.105846 -0.05267572 0.03998756 -0.1278553 -0.06207925 0.01652908 -0.1126081 -0.04787129 0.02615642 -0.1173758 -0.05745977 0.01229 -0.1271739 -0.05237239 -0.00336641 -0.1268731 -0.06383341 0.02303791 -0.1381247 -0.06697344 0.02290344 -0.1313213 -0.05856657 0.0376892 -0.1095108 0.007311165 0.04561233 -0.1213735 -0.002209782 0.0376358 -0.109372 -0.005943179 0.03303718 -0.09818637 -8.93742e-4 0.04308414 -0.1142812 -0.007147848 0.05361652 -0.112613 -0.004051148 0.03714847 -0.1031575 -0.005541265 0.04670715 -0.1106448 -0.008412897 0.04105281 -0.1087164 -0.01068246 0.0481863 -0.1045642 -0.009069561 0.05511665 -0.1015045 -0.009987413 0.04660987 -0.09608554 -0.002584993 0.04356288 -0.1022556 -0.008467137 0.05598831 -0.1213219 -0.0147714 0.06119251 -0.08964419 -0.02519601 0.05228137 -0.1161212 -0.009952783 0.03612327 -0.1387476 -0.01694124 0.05458641 -0.09762239 -0.01110512 0.0376892 -0.0854575 -0.01677632 0.04096889 -0.1259798 -0.005434572 0.04221439 -0.09467744 -0.007227778 0.04116821 -0.1087018 -0.01032119 0.02803516 -0.09979814 -0.00242114 0.01378059 -0.09320658 -0.01381957 0.02153587 -0.1197282 -0.005449116 0.02939796 -0.1126777 -0.003114342 -0.09169578 -0.01397401 -0.4746434 -0.09054851 -0.02457159 -0.1622993 -0.08728122 -0.0246334 -0.4746434 -0.08565711 -0.03637975 -0.1622993 -0.07754135 -0.0122444 0.119226 -0.09169667 -0.03529286 -0.4746434 -0.07240867 -0.02463346 0.119226 -0.08850955 -0.0107873 0.4007514 -0.08277511 -0.02463352 0.4007514 -0.09054565 -0.0481925 -0.1622993 -0.1023559 -0.03970801 -0.4746434 -0.07754129 -0.03702247 0.119226 -0.08851051 -0.03847968 0.4007514 -0.1023559 -0.05308449 -0.1622993 -0.1130161 -0.03529274 -0.4746434 -0.08992958 -0.04215419 0.119226 -0.1023559 -0.04421508 0.4007514 -0.1141672 -0.0481925 -0.1622993 -0.1174306 -0.0246334 -0.4746434 -0.1023187 -0.03702247 0.119226 -0.1162023 -0.03847968 0.4007514 -0.1190557 -0.03637975 -0.1622993 -0.1130161 -0.01397401 -0.4746434 -0.1074504 -0.02463346 0.119226 -0.1219377 -0.02463352 0.4007514 -0.1141643 -0.02457159 -0.1622993 -0.102356 -0.009558737 -0.4746434 -0.1023188 -0.0122444 0.119226 -0.1162024 -0.0107873 0.4007514 -0.102356 -0.0196805 -0.1622993 -0.09169578 -0.01397401 -0.4746434 -0.09054851 -0.02457159 -0.1622993 -0.08992958 -0.007112741 0.119226 -0.102356 -0.00505203 0.4007514 -0.07754135 -0.0122444 0.119226 -0.08850955 -0.0107873 0.4007514 -0.102356 -0.009558737 -0.4746434 -0.09169578 -0.01397401 -0.4746434 -0.1023559 -0.0246334 -0.4746434 -0.1130161 -0.01397401 -0.4746434 -0.08728122 -0.0246334 -0.4746434 -0.1174306 -0.0246334 -0.4746434 -0.09169667 -0.03529286 -0.4746434 -0.1130161 -0.03529274 -0.4746434 -0.1023559 -0.03970801 -0.4746434 -0.08850955 -0.0107873 0.4007514 -0.102356 -0.00505203 0.4007514 -0.1023559 -0.02463352 0.4007514 -0.08277511 -0.02463352 0.4007514 -0.1162024 -0.0107873 0.4007514 -0.08851051 -0.03847968 0.4007514 -0.1219377 -0.02463352 0.4007514 -0.1023559 -0.04421508 0.4007514 -0.1162023 -0.03847968 0.4007514</float_array>
          <technique_common>
            <accessor source="#SM_KB3D_MTM_PropCropTomatoes_A_Main-mesh-positions-array" count="2395" stride="3">
              <param name="X" type="float"/>
              <param name="Y" type="float"/>
              <param name="Z" type="float"/>
            </accessor>
          </technique_common>
        </source>
        <source id="SM_KB3D_MTM_PropCropTomatoes_A_Main-mesh-normals">
          <float_array id="SM_KB3D_MTM_PropCropTomatoes_A_Main-mesh-normals-array" count="7149">-0.7158327 0.6764869 0.1730579 -0.7158454 0.676474 0.1730558 -0.7189325 0.5925133 0.3634064 -0.7189169 0.5925102 0.3634423 -0.6068707 0.3073816 0.7329561 -0.6068798 0.3073545 0.7329599 -0.4492568 0.07093769 0.890582 -0.4492419 0.07092761 0.8905902 -0.4243881 0.05501836 0.9038074 -0.4243943 0.05501645 0.9038047 -0.1490671 0.02354431 0.9885467 -0.3301622 -0.2122507 0.9197514 -0.2276328 -0.03137779 0.9732414 0.09450644 0.3708331 0.9238785 -0.5588956 -0.2833822 0.7793141 0.2756315 0.2992421 0.9134997 -0.604942 -0.4085013 0.6834998 -0.204706 -0.070899 0.9762524 -0.4961122 -0.6772259 0.543358 0.02362525 -0.369948 0.928752 0.5264965 0.1257679 0.8408234 0.08658498 -0.4486848 0.8894859 0.6654839 0.1957108 0.7202976 0.6654936 0.1957852 0.7202683 0.6843264 0.29102 0.6685842 0.6843372 0.2910242 0.6685713 0.6455673 0.007877588 0.7636627 0.425769 0.1577097 0.8909818 0.486691 -0.06279516 0.8713143 0.7691061 -0.2668408 0.5807511 0.1883838 0.1805334 0.9653596 0.8178932 -0.2123289 0.5347591 0.228142 0.2674785 0.9361659 0.5831726 0.03151369 0.8117369 0.2603378 0.3708006 0.8914771 0.6358792 0.1256056 0.7614992 0.8731086 -0.1494467 0.4640552 0.6536199 0.1575036 0.7402525 -0.5580427 -0.08642458 0.8252996 -0.5580504 -0.08645117 0.8252915 -0.6417814 -0.1878381 0.7435278 -0.6417856 -0.1878491 0.7435213 -0.4088817 0.2909473 0.8649656 -0.2287572 0.07889074 0.9702817 -0.181092 0.2991512 0.9368641 -0.456632 0.5274773 0.7164182 0.04706567 -0.06282532 0.9969142 -0.5821646 0.3854616 0.7158937 -0.06320673 -0.2290369 0.9713636 -0.3550027 0.08676421 0.9308303 -0.1026833 -0.3475152 0.9320351 -0.4182397 -0.03945583 0.9074795 -0.6568648 0.2690864 0.7043586 -0.4570219 -0.1103433 0.8825845 -0.09429997 0.2043095 0.9743538 -0.09433847 0.2043375 0.9743441 0.02369964 0.4344077 0.9004045 0.02369683 0.4343978 0.9004095 -0.03146499 -0.03146117 0.9990096 -0.3301699 0.1258223 0.9354981 -0.3072 -0.1102452 0.9452376 0.1335703 -0.2199451 0.9663246 -0.6879426 0.1423259 0.7116729 0.2830259 9.69158e-6 0.9591124 -0.6269512 0.3134912 0.7132009 -0.1974191 0.1816142 0.9633494 -0.5617552 0.4589147 0.6883519 -0.1025008 0.331074 0.9380211 0.3842793 0.1019513 0.9175704 -0.06293791 0.3855186 0.9205511 -0.6946304 0.03947329 0.7182831 -0.6946138 0.03946489 0.7182995 -0.7416312 0.01578235 0.6706222 -0.7416324 0.01577985 0.670621 -0.2365748 0.2207736 0.9461985 -0.1961082 -0.007842719 0.9805509 -3.06502e-5 0.1337075 0.9910209 -0.1021612 0.4322581 0.8959443 0.0235995 -0.1809054 0.9832174 -0.3082947 0.4031524 0.8616395 -0.1811279 -0.2440773 0.9526904 -0.2601186 0.08671027 0.9616755 -0.2437296 -0.2830022 0.9276345 -0.2918405 0.06310331 0.9543831 -0.3083033 0.4031507 0.8616372 -0.2197161 0.07060796 0.9730053 0.7669397 -0.6404988 0.03955715 0.7669819 -0.64045 0.03952914 0.7556256 -0.6139447 0.2282586 0.7556201 -0.613932 0.2283104 0.5971719 -0.4321728 0.6757311 0.5971479 -0.4321739 0.6757516 0.3770806 -0.2042358 0.9033815 0.3770602 -0.2042577 0.903385 0.2763838 -0.1026368 0.955551 0.276394 -0.1026799 0.9555435 -0.1339369 0.1103 0.9848324 0.07111185 0.2844448 0.9560515 0.01574945 0.1259249 0.9919148 -0.2596669 -0.2912287 0.9207383 0.4014654 0.3777633 0.8343383 -0.2435815 -0.4242835 0.8721535 0.4788857 0.4082054 0.7771981 0.1413818 -0.007855951 0.9899241 0.3778619 0.5667861 0.7321025 -0.007892727 0.1656975 0.986145 -0.3853688 -0.2988943 0.8730138 -0.007872283 0.1809535 0.9834602 -0.7400348 -0.307099 0.5983633 -0.7400616 -0.3070547 0.598353 -0.7393683 -0.4089958 0.534843 -0.7393695 -0.408985 0.5348496 -0.7404327 -0.1181589 0.6616629 -0.5423344 -0.2751107 0.7938435 -0.6059755 -0.03147834 0.7948603 -0.8401265 0.2041478 0.502505 -0.3312316 -0.260255 0.906947 -0.872934 0.1730132 0.4561281 -0.3777419 -0.3069249 0.8735606 -0.6849517 -0.07873028 0.7243222 -0.4328926 -0.4250137 0.7949637 -0.7466201 -0.1650596 0.6444484 -0.921427 0.1181315 0.3701586 -0.768509 -0.2117007 0.6038019 0.7775682 0.2749549 0.5654978 0.7775719 0.2749341 0.5655027 0.835138 0.338785 0.4333235 0.8351373 0.3387928 0.4333189 0.5747029 -0.1102272 0.8109048 0.4495303 0.2129312 0.8675154 0.3535421 -0.03141009 0.9348911 0.5170239 -0.4229936 0.7441524 0.1882649 0.4392455 0.8784189 0.7219352 -0.3370184 0.604341 0.3297257 0.5888035 0.7379645 0.6119415 0.1490669 0.7767282 0.3717134 0.6484795 0.6643069 0.7242295 0.2204259 0.653379 0.8501542 -0.2755097 0.4487008 0.7564322 0.2442848 0.6067416 -0.05517059 -0.2366247 0.9700335 -0.05517905 -0.2365989 0.9700393 -0.1104 -0.5125229 0.8515469 -0.1103866 -0.5124869 0.8515703 -0.2514967 0.04718065 0.9667075 0.1490986 -0.1255594 0.9808183 0.03925788 0.14129 0.9891896 -0.4719492 0.2359215 0.8494734 0.589504 -0.1493195 0.7938444 -0.5146219 0.06334823 0.8550739 0.6458388 -0.2835552 0.7088644 0.0789206 -0.1420763 0.9867046 0.786048 -0.07864987 0.6131417 0.1884172 0.03926986 0.9813036 -0.4899336 0.1343379 0.8613469 0.2437013 0.1886926 0.9513174 0.6039913 -0.08634519 0.7922999 0.6040029 -0.08632057 0.7922937 0.6527343 -0.06291568 0.75497 0.6527431 -0.06291592 0.7549623 0.102258 -0.3775621 0.9203207 0.01574528 0.007870733 0.9998451 -0.1098026 -0.2039759 0.9727987 0.08657854 -0.7005045 0.7083768 -0.1414606 0.3852282 0.9119146 0.3076438 -0.7257573 0.6153305 -0.1497975 0.3942286 0.906722 0.1026511 -0.2132611 0.9715875 -0.4650977 0.2128577 0.8592879 -0.109813 -0.4000534 0.9098892 0.2907154 -0.8091713 0.510614 -0.2373518 -0.490442 0.8385289 0.7092671 0.6305145 0.3152645 0.7093162 0.6304726 0.3152379 0.6772271 0.5433569 0.4961116 0.6772188 0.5433446 0.4961365 0.501636 0.2664935 0.8230084 0.5016276 0.2664913 0.8230141 0.329704 0.06283462 0.9419911 0.3296994 0.06284177 0.9419922 0.315979 0.0395019 0.9479436 0.3159651 0.03952515 0.9479472 0.3296276 -0.2197314 0.918185 0.07843589 0.03922683 0.9961471 0.2587395 -0.05488169 0.9643868 0.6451079 -0.3697265 0.6686838 -0.09415334 0.3846053 0.9182669 0.6042717 -0.5100899 0.612098 -0.27574 0.3624204 0.8902915 0.2132148 -0.1027045 0.9715921 -0.5356147 0.2599497 0.8034571 -0.06311595 -0.3391715 0.9386049 0.4507422 -0.7353589 0.5060424 -0.157113 -0.4163408 0.8955311 0.482491 -0.5615342 0.6722216 0.4824387 -0.5615322 0.6722608 0.5426797 -0.6056084 0.5820115 0.5426871 -0.605603 0.5820101 0.3319423 -0.4899819 0.8060597 0.5338882 -0.3140378 0.7850757 0.32281 -0.3228341 0.8897033 -0.007904291 -0.560141 0.8283596 0.6063816 -0.1102646 0.7874917 0.05535942 -0.6484873 0.7592099 0.6702736 -0.1892647 0.7175738 0.3920201 -0.4547348 0.7997104 0.7534981 -0.3610454 0.5494422 0.5284633 -0.6310132 0.5679341 0.2366271 -0.8203417 0.5206221 0.5888112 -0.7065516 0.3925381 0.1489763 0.1803451 0.972256 0.1489683 0.1803165 0.9722626 0.02360492 0.2756855 0.9609581 0.02362394 0.2756878 0.9609569 0.5203939 0.06310236 0.8515916 0.3621878 -0.1417147 0.9212692 0.5520566 -0.1498295 0.8202346 0.6915106 0.1807518 0.6993868 0.2681378 -0.4022036 0.8754053 0.5279179 0.3703343 0.7643005 0.09417343 -0.2982647 0.9498261 0.3395705 0.0394898 0.9397513 -0.03155922 -0.2368417 0.9710356 0.2368731 0.1263173 0.9632939 0.4486806 0.4644162 0.7635465 0.1966959 0.1573543 0.9677553 0.4945568 -0.2511693 0.8320624 0.4945623 -0.2511481 0.8320653 0.6752355 -0.314094 0.6673846 0.6752358 -0.314072 0.6673946 0.2761247 -0.3392082 0.8992737 0.3860278 -0.0393992 0.9216455 0.1816946 -0.08689022 0.9795087 0.117978 -0.4875903 0.8650647 0.3295517 0.345239 0.8787524 0.338654 -0.5906667 0.7324114 0.4945353 0.2983074 0.8163624 0.4629324 -0.1647633 0.8709459 0.6213317 0.2595465 0.7393122 0.589073 -0.2199219 0.7775779 0.4177265 -0.6541734 0.6305251 0.6369627 -0.2437845 0.7313328 0.2282236 0.3384215 0.9128992 0.2282156 0.3384515 0.9128901 0.1894388 0.4104838 0.8919731 0.1894577 0.4104229 0.8919971 0.5024915 -0.03923952 0.8636913 0.2686077 -0.118503 0.9559326 0.4179171 -0.2128821 0.8831911 0.7104905 -0.03947728 0.7025987 0.03150016 -0.244231 0.9692054 0.6547954 0.1814801 0.7336948 -0.09476327 -0.0315926 0.9949985 0.3078985 0.08684659 0.9474473 -0.1892949 0.08675885 0.97808 0.236545 0.2207725 0.9462061 0.6153311 0.3076849 0.7257394 0.2051505 0.2761642 0.9389605 0.3395937 0.8214908 0.458071 0.3395916 0.8215022 0.4580521 0.4103794 0.8365408 0.3630267 0.4103839 0.836537 0.3630304 0.2516756 0.7549859 0.605521 0.05501872 0.903809 0.4243847 0.04708898 0.7769308 0.6278226 0.3396391 0.4581158 0.8214471 -0.1734218 0.9302969 0.3232222 0.4167577 0.4560697 0.7863293 -0.11029 0.9613804 0.2521585 0.1730414 0.7944899 0.5821017 -0.03941488 0.9854152 0.16554 0.2750713 0.8094947 0.5187044 0.5182819 0.4318876 0.7381443 0.3085576 0.8149668 0.4905318 -0.7919189 0.5959031 0.1332809 -0.7919164 0.5959135 0.1332501 -0.8647256 0.4795159 0.14938 -0.8647247 0.4795207 0.1493696 -0.5897641 0.8020456 -0.09434723 -0.5356743 0.819213 0.2048005 -0.4407078 0.8970984 0.03148341 -0.5206667 0.765196 -0.3786571 -0.3626838 0.8120132 0.4572691 -0.6859892 0.6307663 -0.3627021 -0.4949644 0.6913394 0.5263652 -0.6637929 0.7428463 0.0869404 -0.5506832 0.6057666 0.5742776 -0.7410891 0.6622678 0.1104009 -0.7489411 0.5439571 -0.3784149 -0.7692748 0.6279779 0.1177293 -0.4027205 0.900179 0.1658131 -0.4027295 0.9001774 0.1658008 -0.2127389 0.9771091 2.29105e-6 -0.2127591 0.9771047 1.57282e-5 -0.409446 0.8267444 0.3858081 -0.5808733 0.8085263 0.09418874 -0.6351982 0.7057837 0.3136761 -0.3147509 0.7240098 0.6137928 -0.7928982 0.5887721 -0.1570351 -0.1419042 0.8515906 0.5046352 -0.6930233 0.6693519 -0.267744 -0.4806041 0.8666493 0.1339355 -0.5958933 0.7135136 -0.3685234 -0.3557789 0.9329298 0.05534642 -0.01579046 0.8846359 0.4660152 -0.3066754 0.9515213 0.02360862 -0.8323792 0.549682 -0.07067334 -0.8324013 0.5496484 -0.07067334 -0.8632263 0.4944018 -0.1020163 -0.8632348 0.4943851 -0.1020246 -0.5363892 0.8439708 -1.54153e-5 -0.5842745 0.7658753 0.2684372 -0.4634785 0.8640755 0.1963705 -0.400559 0.8875089 -0.2277733 -0.5436684 0.6460576 0.5357559 -0.5521484 0.7651038 -0.3312832 -0.7102919 0.5208533 0.4734947 -0.700966 0.7088304 0.07877945 -0.7837457 0.4231973 0.4545842 -0.7881064 0.6147304 0.03154444 -0.6170148 0.6803199 -0.3955473 -0.8183952 0.5744393 0.01577532 -0.6865519 0.7260096 0.03945642 -0.6865467 0.7260152 0.03944069 -0.6768377 0.7319116 0.07871544 -0.6768527 0.7318984 0.07871043 -0.6748414 0.7297503 0.1097897 -0.6747479 0.7298346 0.1098039 -0.4725683 0.8033869 0.3622827 -0.7062806 0.6042597 0.3688331 -0.5988495 0.7328194 0.3230402 -0.1805151 0.9653735 0.1883302 -0.9032202 0.3534475 0.2434507 -0.06299501 0.976778 0.2047836 -0.9272964 0.2357817 0.2907379 -0.5997729 0.7418237 0.2999502 -0.8423233 0.06299728 0.5352783 -0.4582887 0.6083967 0.6479392 0.1417653 0.8741129 0.4645743 -0.3934436 0.5351167 0.7475642 -0.3616172 -0.8490228 0.3852186 -0.36162 -0.8490144 0.3852347 -0.3705624 -0.7411425 0.5598137 -0.3705743 -0.7411463 0.5598007 -0.3154227 -0.4021732 0.8595147 -0.3154234 -0.4021278 0.8595356 -0.2440482 -0.1338444 0.9604824 -0.2440663 -0.1338327 0.9604794 -0.2447426 -0.1105354 0.9632669 -0.2447737 -0.110543 0.9632581 -0.3701654 0.1181101 0.921427 -0.02360928 -2.44728e-5 0.9997213 -0.2277333 2.07368e-5 0.9737237 -0.7227762 0.1021314 0.6834938 0.2752028 -0.2516514 0.9278659 -0.7494125 0.2445372 0.6152906 0.4327011 -0.149501 0.8890553 -0.204788 0.06305783 0.9767732 0.61432 0.04723334 0.7876421 -0.06318771 0.3950616 0.9164789 -0.7078898 0.5033591 0.4955015 -0.007864177 0.5028841 0.8643182 -0.6551477 0.3473079 0.6709387 -0.655155 0.3473091 0.670931 -0.729738 0.3609765 0.5806707 -0.7297544 0.3609526 0.580665 -0.4890745 0.3549823 0.7967394 -0.5975992 0.110095 0.7942005 -0.4085251 0.2121153 0.8877581 -0.2051647 0.5681074 0.7969703 -0.5752109 -0.1024228 0.8115677 -0.3059003 0.6118041 0.7294661 -0.6693783 -0.0629971 0.740246 -0.52748 0.2991638 0.7951516 -0.8212573 0.04737144 0.5685881 -0.7298991 0.3845815 0.5651057 -0.548857 0.6743274 0.4940027 -0.8215264 0.418658 0.3870656 -0.03159993 -0.1579514 0.9869411 -0.03159081 -0.1579353 0.986944 0.1177523 -0.1962623 0.9734556 0.1177636 -0.196262 0.9734542 -0.4172075 -0.2204267 0.8816746 -0.3630089 0.03156572 0.9312509 -0.5451 -0.03950512 0.8374398 -0.5291769 -0.4107334 0.7424756 -0.3937604 0.3071559 0.8663763 -0.306181 -0.5024222 0.8085945 -0.1814849 0.2919682 0.9390516 -0.2686218 -0.1184883 0.9559305 -0.04734951 0.2920981 0.9552156 -0.134284 -0.1500893 0.9795106 -0.1896019 -0.5609471 0.8058472 -0.08656984 -0.1573976 0.9837335 -0.5347116 0.07860481 0.8413708 -0.534709 0.07858765 0.841374 -0.7260081 0.03945678 0.6865534 -0.7260068 0.03946071 0.6865546 -0.3696642 0.2438142 0.8966065 -0.3391587 -0.06310045 0.9386106 -0.1730049 0.0629003 0.9829104 -0.289994 0.4467055 0.8463792 -0.1256577 -0.3926861 0.9110478 -0.5338543 0.4396531 0.7222914 -0.2981798 -0.4237273 0.8553035 -0.466048 0.007891356 0.8847242 -0.4337905 -0.4495703 0.7808409 -0.6062772 1.10997e-5 0.7952535 -0.6370705 0.4561761 0.6213248 -0.6624051 2.05748e-5 0.7491459 -0.03938049 -0.3465324 0.937211 -0.03940659 -0.3465366 0.9372084 0.02357029 -0.3928602 0.9192962 0.02352929 -0.3928778 0.9192897 -0.4503545 -0.1185291 0.8849474 -0.2680256 0.05516517 0.9618312 -0.4428905 0.07115536 0.8937478 -0.6462062 -0.2127851 0.7328985 -0.1107012 0.2688489 0.9567996 -0.4939095 -0.391991 0.7761421 0.1025224 0.1340197 0.9856612 -0.2122376 -0.1414965 0.9669199 0.2364842 0.06306308 0.9695867 -0.09435629 -0.2358951 0.9671869 -0.4025855 -0.4894155 0.7735615 -0.04720503 -0.2754383 0.9601591 -0.3858041 -0.858213 0.3385639 -0.3857742 -0.8582004 0.3386304 -0.3224233 -0.7863802 0.5269246 -0.3224247 -0.7864027 0.5268901 -0.1498485 -0.5520753 0.8202185 -0.1498878 -0.552038 0.8202365 -0.007914245 -0.3631815 0.9316848 -0.007904291 -0.36319 0.9316816 0.09441238 -0.3383166 0.9362843 0.09441989 -0.338325 0.9362805 0.157442 -0.1495706 0.9761356 0.3305562 -0.2676049 0.9050527 0.1965336 -0.2672814 0.9433638 -0.1493799 -0.1100698 0.9826344 0.4317165 -0.4710019 0.7692712 -0.300032 -0.1105267 0.9475045 0.5044026 -0.4807871 0.7172321 0.1180509 -0.3304631 0.936407 0.6865462 -0.3156614 0.6549903 0.2523973 -0.1025152 0.9621779 -0.2675092 0.1494529 0.9518943 0.3301987 0.0314337 0.943388 -0.3076823 -0.09468877 0.9467659 -0.3076832 -0.09468781 0.9467657 -0.3697471 -0.03935819 0.9282985 -0.3697508 -0.03931784 0.9282987 -0.07103067 -0.1498783 0.9861497 -0.1662046 -0.2927618 0.9416298 0.04711252 -0.2827109 0.9580476 0.1884532 -0.03140425 0.98158 -0.08657443 -0.4486957 0.8894814 0.1423614 0.04747438 0.9886756 -0.1182704 -0.3864138 0.9147112 0.01575571 -0.1733251 0.9847387 -0.2434573 -0.2592036 0.9346348 -0.07902044 -0.04741513 0.9957448 0.08645892 0.1650583 0.982487 -0.1337056 0.007865846 0.9909899 0.1806447 -0.7148312 0.6755619 0.1806717 -0.7148311 0.6755548 0.3063941 -0.7149268 0.6284921 0.3064128 -0.7149092 0.6285031 -0.1106923 -0.814567 0.56941 -0.09479868 -0.5845802 0.8057786 -0.2442315 -0.6697505 0.701274 -0.1886837 -0.9354979 0.2987341 -0.1574577 -0.2598368 0.9527287 -0.007868289 -0.9677559 0.2517673 0.007868707 -0.2517749 0.967754 -1.51945e-5 -0.7070946 0.7071191 0.1102902 -0.2206106 0.9691063 0.1105301 -0.7106154 0.6948445 0.07097566 -0.9778048 0.1971299 0.1423317 -0.7116781 0.6879361 -0.4389544 -0.09407353 0.893571 -0.4389592 -0.0940954 0.8935665 -0.2986837 -0.07859486 0.9511104 -0.2986969 -0.07861232 0.9511048 0.2200214 -0.04714375 0.9743553 0.1807302 -0.251458 0.9508447 0.2518069 -0.2439777 0.9365193 0.2365809 0.05520176 0.9700424 0.1577098 -0.5836234 0.7965621 0.1177503 0.1962627 0.9734557 0.09466987 -0.6549723 0.7496993 0.1178647 -0.259305 0.9585765 0.1258146 -0.7470681 0.6527327 0.2052769 -0.2131679 0.9552072 0.2120807 0.4085469 0.8877563 0.2607438 -0.1817201 0.9481512 0.1965699 -0.5032883 0.8414637 0.196597 -0.5032963 0.8414526 0.2123262 -0.5582705 0.8020299 0.2123013 -0.5582772 0.8020316 -0.1177686 -0.3140191 0.9420843 0.03930449 -0.220098 0.9746857 -0.1256803 -0.1885122 0.9739958 -0.3540933 -0.354108 0.8655782 0.1343511 -0.07903265 0.9877771 -0.2906664 -0.5106477 0.8091676 0.2757108 -0.2126924 0.9374142 -0.007874786 -0.386259 0.9223568 0.3624284 -0.2757599 0.8902822 0.06307828 -0.4651267 0.882994 -0.2525088 -0.5918582 0.7654694 0.08647429 -0.495114 0.864514 -0.1653968 0.3071213 0.9371876 -0.1653684 0.3071582 0.9371805 -0.07871282 0.3620818 0.928817 -0.07871788 0.3620752 0.9288192 -0.007870912 0.2757518 0.9611967 -0.2044423 0.3931932 0.8964388 -0.2355963 0.2041499 0.950167 0.08622473 -0.02354824 0.9959974 -0.4743736 0.3873418 0.7905291 -0.02366232 -0.1656301 0.9859041 -0.5925484 0.2923559 0.7506093 -0.338999 0.07093483 0.9381088 -0.4405053 0.4326463 0.7866209 -0.1734088 0.1733969 0.9694653 0.1106157 -0.1106212 0.9876878 -0.08672499 0.2286227 0.9696445 -0.3782278 0.1890984 0.906193 -0.378235 0.1891162 0.9061861 -0.425468 0.1103137 0.8982249 -0.4254738 0.1102981 0.8982241 -0.2357434 0.4872499 0.8408405 -0.08643168 0.3220897 0.9427555 -0.05518752 0.4808802 0.8750479 -0.3069717 0.669018 0.6768924 0.1420214 0.1499124 0.9784459 -0.4884871 0.5593752 0.6696863 0.06275027 -0.05495095 0.9965154 -0.23681 0.276274 0.9314471 -0.03143179 -0.2828724 0.9586425 -0.4471991 -0.007846891 0.8944001 -0.7487761 0.2837411 0.5990204 -0.5519291 -0.18924 0.8121346 -0.5133223 0.2211377 0.8292155 -0.5133307 0.2211184 0.8292155 -0.5563538 0.2272437 0.799269 -0.5563331 0.2272425 0.7992836 -0.2196176 0.4078348 0.8862499 -0.1809618 0.2753748 0.9441513 -0.1102572 0.3307917 0.9372407 -0.1737715 0.5055001 0.8451469 -0.1099594 0.09422904 0.9894595 -0.3617883 0.401124 0.8415516 -0.3621259 -0.07870662 0.9288004 -0.3771321 0.1649851 0.911346 -0.4250928 -0.236159 0.8737992 -0.4720791 0.0235905 0.8812405 -0.4816118 0.2842285 0.829014 -0.4720903 -0.02360528 0.8812342 -0.5121875 0.4727646 0.7170479 -0.5121806 0.4727748 0.7170462 -0.3940764 0.3467667 0.8511502 -0.3940124 0.3468332 0.8511528 -0.2984485 0.2277967 0.9268426 -0.2984649 0.2277885 0.9268393 -0.3156976 0.1815435 0.9313309 -0.3156955 0.1815253 0.931335 0.02360892 -0.01574057 0.9995974 -0.1653115 -0.2833939 0.9446482 -0.02358931 -0.2202264 0.9751635 0.2527728 0.2290823 0.9400145 -0.3620045 -0.5350732 0.7633149 0.4635152 0.2278419 0.8562953 -0.3551663 -0.7102861 0.6077423 0.07904565 -0.3081676 0.9480425 -0.197163 -0.9227178 0.331238 0.410768 -0.5608836 0.7188041 0.7538202 0.1649164 0.6360485 0.5341181 -0.6283919 0.5655454 0.1968253 0.1968033 0.9604834 0.1968185 0.1968008 0.9604853 0.1729978 0.06291586 0.9829106 0.1729994 0.06292796 0.9829096 0.05523431 0.08678889 0.9946944 0.3157009 0.1815276 0.9313328 0.1417839 0.4332535 0.8900499 -0.3775659 0.2596153 0.8888443 0.5597214 0.4651471 0.6858209 -0.4648916 0.4727497 0.7485878 0.5579429 0.6601067 0.5029501 0.06298792 0.6693897 0.7402364 0.5668137 0.3778846 0.7320694 0.03945529 0.3629436 0.9309755 -0.4802888 0.2440781 0.8424658 0.01571357 0.1885274 0.9819423 0.3072306 0.2914514 0.9059059 0.3072217 0.2914573 0.905907 0.2129902 0.4337714 0.8754872 0.2129583 0.4337949 0.8754832 0.2366895 -0.04734057 0.9704313 0.07091456 -0.09453058 0.9929931 0.1340277 -0.2680352 0.9540408 0.3939207 -0.2285285 0.8902815 -0.1264688 -0.1975528 0.9721001 0.339779 0.01576989 0.9403731 -0.2747642 0.1491763 0.949869 0.0316447 0.08695423 0.9957097 -0.1499724 -0.06311506 0.9866737 -0.05492901 -0.1412379 0.9884507 0.04713648 -0.2200073 0.9743588 -0.07842725 -0.5255442 0.8471438 0.4786615 0.4237121 0.7689936 0.4786598 0.4237251 0.7689876 0.4006832 0.3456776 0.8485046 0.4007068 0.345656 0.8485023 0.2756246 -0.1259908 0.952973 0.0946182 -0.06307756 0.9935134 0.2443915 -0.2995395 0.9222521 0.5263708 -0.4477943 0.7227822 0.07880723 -0.1970172 0.9772276 0.5279159 -0.3861047 0.7564575 0.1739178 0.09486657 0.9801801 0.370819 -0.1577938 0.9152019 0.1255786 0.1491068 0.9808146 0.3140232 -0.1177574 0.9420843 0.4634497 -0.3613498 0.8090987 0.244092 -0.1811128 0.9526895 0.7054339 0.1254156 0.6975916 0.7054263 0.1253962 0.6976027 0.487591 0.1179568 0.8650671 0.4875655 0.1179689 0.8650799 0.2903865 0.1177212 0.9496408 0.2903921 0.1176966 0.949642 0.2607418 0.1817253 0.9481506 0.2607298 0.1817097 0.948157 -0.3535277 0.03144133 0.9348956 -0.3159579 0.5371911 0.7820462 -0.5351036 0.3619787 0.7633057 -0.37774 -0.3069189 0.8735636 -0.2917875 0.9306378 0.2208471 -0.4401929 -0.3144177 0.841054 -0.5916831 0.7889662 0.1656613 -0.6785174 0.2997983 0.670623 -0.8965943 0.4168772 0.1494395 -0.9014449 0.03917104 0.4311181 -0.7088366 -0.3465389 0.6143789 -0.9457287 -0.07882785 0.3152515 -8.3709e-6 0.5601568 0.8283867 -2.9346e-6 0.5601541 0.8283885 -0.09480959 -0.007875502 0.9954643 -0.282702 0.04712361 0.9580497 -0.2358125 -0.1572004 0.9589998 0.07092237 -0.1575708 0.9849577 -0.5050517 -0.07102322 0.860162 0.2055443 -0.1106808 0.9723689 -0.5129153 -0.1025695 0.8522896 -0.1659819 -0.1106383 0.9799028 -0.5734156 -0.2042239 0.7934023 -0.1415753 -0.2438173 0.959432 0.3144034 -0.2357541 0.9195491 -0.1422253 -0.2844264 0.9480895 0.1886807 -0.298727 0.9355009 0.1886764 -0.2987349 0.9354992 -0.1414049 -0.007891178 0.9899204 0.05507832 0.2753562 0.9597633 -0.1810685 0.2991426 0.9368714 -0.3634951 -0.1659723 0.9166922 0.06315112 0.6397217 0.7660079 -0.4734982 -0.1894057 0.8601889 -0.1260989 0.6935335 0.7093027 -0.3470453 0.2918654 0.8912767 -0.1417698 0.8113458 0.567115 -0.4728115 0.3782656 0.795842 -0.6380511 -0.1812263 0.7483634 -0.4888399 0.433695 0.756931 0.133457 0.06280547 -0.9890626 0.32306 0.0393843 -0.9455586 0.2052841 -0.1736385 -0.9631761 0.01580721 0.402445 -0.9153077 0.4493744 0.3547765 -0.8198758 -0.1261788 0.7653294 -0.6311496 0.4417028 -0.1025364 -0.8912829 0.2052791 -0.1736826 -0.9631692 0.5361155 0.7095651 -0.4572719 -0.213115 0.9394397 -0.2683936 0.7187829 0.01579815 -0.6950551 0.415432 -0.2900148 -0.8621528 0.205284 -0.1736983 -0.9631654 0.4960028 0.8660348 -0.06296992 -0.2513645 0.966327 0.05502831 0.9368618 0.1810722 -0.2991703 0.6617196 -0.4179168 -0.6224731 0.2754349 -0.4013702 -0.8735203 0.2052768 -0.1736983 -0.963167 0.4257783 0.8830957 0.1971167 -0.2917128 0.8357697 0.4651803 0.9460263 0.3074603 0.1024809 0.8434433 -0.4966032 -0.2049113 0.3455126 -0.66748 -0.6596147 0.08628064 -0.3686689 -0.925548 0.2052589 -0.1737352 -0.963164 0.8556716 -0.4788631 0.1962558 0.3465322 -0.9057067 -0.2441537 -0.08682852 -0.6077813 -0.7893433 -0.03928822 -0.227455 -0.9729957 0.2052298 -0.1737193 -0.963173 -0.01574873 -0.0550127 -0.9983615 0.2052233 -0.1736882 -0.9631801 -0.3784865 -0.2765628 -0.8833239 -0.3225749 -0.8418475 -0.4327104 0.1334119 0.06279557 -0.9890692 0.2052378 -0.1736435 -0.963185 -0.3301977 0.1257908 -0.9354925 0.0157569 0.4024207 -0.9153192 -0.7470631 -0.3066871 -0.5897794 -0.6596351 0.3298191 -0.6753526 -0.1262471 0.7652738 -0.6312034 -0.4720914 -0.8812339 -0.02359169 -0.8298478 0.4425866 -0.3398087 -0.213175 0.9394197 -0.2684158 -0.9289901 -0.2912932 -0.2283105 -0.8730419 0.4876453 -8.3968e-6 -0.2514436 0.9663088 0.05498826 -0.964625 -0.2431153 0.10195 -0.7722633 0.4570513 0.4412637 -0.2917552 0.8357665 0.4651595 -0.8451112 -0.1184715 0.5212981 -0.5287072 -0.7970114 0.2919617 -0.511405 -0.5586172 0.6530022 -0.3794445 0.2687809 0.8853129 -0.2448404 0.3790733 0.8923882 -0.2052381 0.1736605 0.9631819 -0.4004065 0.102057 0.9106366 -0.2052372 0.1736913 0.9631766 -0.3160882 -0.03165525 0.9482015 -0.2052247 0.1737273 0.9631728 -0.1579005 -0.03158557 0.9869498 -0.2052677 0.1737265 0.9631637 0.03927862 -0.5970368 0.8012517 -0.0235458 0.07846999 0.9966384 -0.2053018 0.1737271 0.9631563 0.1811986 -0.8666597 0.4648313 0.487226 -0.2357565 0.8408507 2.63087e-5 0.244396 0.9696756 -0.2052894 0.1736844 0.9631667 0.2674759 -0.9518997 0.1494783 0.75553 -0.4092463 0.5115584 0.839139 0.368599 0.3999758 0.565194 0.3689407 0.7378607 0.2593663 0.7937935 0.55011 -0.2448037 0.3790896 0.8923913 -0.07883203 0.3783754 0.9222893 -0.2052911 0.1736592 0.9631708 -0.2052688 0.1736295 0.963181 -0.1728991 -0.07071202 -0.982398 -0.07092887 0.0945689 -0.9929884 0.07869863 -0.1022956 -0.9916362 -0.5120314 -0.02357715 -0.8586431 -0.2841717 0.3709972 -0.8840858 -0.8511268 0.07097488 -0.5201403 0.1100618 0.1493729 -0.9826363 0.07869988 -0.1022966 -0.9916359 -0.5126821 0.6704351 -0.5363525 -0.9784364 0.1499577 -0.1420385 0.1498036 0.4888314 -0.85942 0.2753552 0.05507445 -0.9597637 0.07870566 -0.1023067 -0.9916344 -0.5989552 0.7881232 -0.1418256 -0.9633449 0.1974315 0.1816249 0.1498062 0.8357613 -0.5282625 0.5285254 0.2688375 -0.805225 0.3234843 -0.118353 -0.9388028 0.07871466 -0.1023187 -0.9916325 -0.6046357 0.7852365 0.1334889 -0.7880961 0.1970657 0.583155 0.1101915 0.9837657 -0.1416435 0.7421212 0.4894846 -0.4578875 0.6273737 -0.1254808 -0.7685421 0.2126863 -0.275706 -0.937417 0.0787326 -0.1023375 -0.9916291 0.8031443 0.5905616 -0.07871645 0.9129164 -0.1337955 -0.385594 0.3861868 -0.5043794 -0.7723091 0.02370065 -0.3397417 -0.9402202 0.0786975 -0.1023402 -0.9916316 -0.1258671 -0.2517091 -0.9595833 0.07866859 -0.1023543 -0.9916324 -0.04742288 -0.6402496 -0.7667019 0.561445 -0.7353528 -0.3795205 -0.1729103 -0.07076662 -0.9823921 0.07867097 -0.1023183 -0.991636 -0.4014241 -0.4407841 -0.80285 -0.5120612 -0.02367967 -0.8586226 -0.1104921 -0.9155399 -0.3867536 -0.6699113 -0.5911017 -0.4492412 -0.8511269 0.07088482 -0.5201523 0.6056151 -0.7943595 0.04715228 -0.7796819 -0.6221525 -0.07086879 -0.9784467 0.1498995 -0.1420285 -0.1336919 -0.9908984 0.0157181 -0.7792466 -0.5667189 0.2675905 -0.9633561 0.1973994 0.1815997 -0.1414906 -0.9275522 0.345872 -0.6399999 -0.3871651 0.6637043 -0.7880957 0.1969608 0.583191 -0.1337726 -0.6767364 0.7239701 0.5651865 -0.7378764 0.3689212 0.4161704 -0.5418092 0.7302363 -0.2446681 -0.0232228 0.9693288 -0.2916841 0.1418569 0.9459372 -0.0786854 0.1023186 0.9916348 -0.09423553 -0.1099596 0.9894587 -0.07868498 0.1023542 0.9916311 0.06317049 -0.07896512 0.9948739 -0.07872194 0.1023653 0.991627 0.1334565 0.06279951 0.989063 -0.07874095 0.1023298 0.9916293 0.6904726 -0.04707515 0.7218251 0.09452563 0.228454 0.968955 -0.07872843 0.1022984 0.9916334 0.9330541 -0.1019327 0.3449926 0.542569 0.518975 0.6605179 -0.05524653 0.3157542 0.9472313 -0.07871156 0.1022842 0.9916363 0.9919068 -0.1259832 0.01578748 0.7500454 0.6079264 0.2604947 0.06281638 0.9815448 0.1806213 0.01574152 0.8184088 0.5744209 -0.5193437 0.6845898 0.5114871 -0.2916876 0.1419358 0.9459243 -0.2208309 0.2918066 0.9306356 -0.07868152 0.1022675 0.9916404 -0.07866823 0.1023009 0.991638 0.4705004 0.08624714 -0.8781747 0.6061969 -0.01575487 -0.7951586 0.4316694 -0.1647867 -0.8868522 0.4738665 0.4343466 -0.7660245 0.7982388 0.1975951 -0.5690088 0.3945012 0.7968575 -0.4575883 0.6352006 -0.2038897 -0.7449492 0.4316679 -0.1648183 -0.8868471 0.8879785 0.4400674 -0.1335471 0.2672781 0.9589956 -0.09428596 0.8578394 -0.236107 -0.4564702 0.5351032 -0.3619903 -0.7633006 0.4316725 -0.1648298 -0.8868427 0.780853 0.5678921 0.2603213 0.134208 0.9710937 0.1973963 0.9754136 -0.2202411 0.00789386 0.6194211 -0.6037601 -0.501788 0.3777902 -0.401457 -0.8343304 0.4316592 -0.1648563 -0.8868443 0.6372831 0.5900679 0.4956716 -0.07846826 0.8318886 0.549367 0.8995509 -0.1499062 0.410288 0.6044071 -0.7928013 -0.07847529 0.2590299 -0.6907872 -0.6750679 0.2436941 -0.2830265 -0.9276365 0.4316341 -0.1648321 -0.886861 0.4885576 -0.819535 0.2994561 0.03151494 -0.9374694 -0.3466382 -0.03934848 -0.4405784 -0.8968514 0.2041519 -0.1020741 -0.9736031 0.4316251 -0.1648231 -0.8868671 0.2992745 0.04727655 -0.9529951 0.4316362 -0.1648007 -0.8868659 -0.1336951 -0.007862627 -0.9909914 -0.457273 -0.5755293 -0.6779879 0.4704245 0.08626598 -0.8782135 0.431661 -0.1647914 -0.8868554 0.07877248 0.3387976 -0.9375559 0.4738007 0.4343822 -0.7660452 -0.5608783 0.1026918 -0.8215047 -0.2127953 0.6462172 -0.7328858 0.3944381 0.7968621 -0.4576345 -0.7374357 -0.5805415 -0.3451959 -0.4326423 0.7866197 -0.4405112 0.2672541 0.9589984 -0.09432607 -0.8337038 0.1651576 -0.5269356 -0.5646944 0.8156994 -0.1255176 0.1342018 0.9711004 0.1973676 -0.9574033 0.1961888 -0.2118707 -0.6304901 0.7093043 0.3152295 -0.07851374 0.8319115 0.549326 -0.9444186 0.2203605 0.2439566 -0.8579205 -0.5116068 -0.04723244 -0.8722351 -0.3379023 0.3535931 -0.5198463 0.3308314 0.7875979 -0.3613553 0.3692154 0.8562139 -0.4316471 0.1647965 0.8868613 -0.6116129 0.1881932 0.7684485 -0.4316307 0.1648043 0.8868678 -0.5973166 0.02357327 0.8016592 -0.4316064 0.1648324 0.8868744 -0.4810716 -0.04736858 0.8754007 -0.431627 0.1648629 0.8868587 -0.4646655 -0.6222062 0.6300361 -0.3232926 -0.00790739 0.9462661 -0.4316638 0.1648466 0.8868439 -0.3376837 -0.8952904 0.2905595 0.05514055 -0.4962365 0.8664346 -0.2291375 0.1343324 0.9640803 -0.4316952 0.1648402 0.8868297 -0.1809743 -0.9834879 1.08212e-5 0.3227257 -0.7398695 0.5902891 0.7323468 -0.0708723 0.6772336 0.3862598 0.01575785 0.9222555 0.3452448 0.5492163 0.7610306 -0.3612955 0.369208 0.8562424 -0.2282873 0.291318 0.928988 -0.4316685 0.164804 0.8868495 -0.4316759 0.1647757 0.8868513 0.2281472 -0.2045156 -0.9519045 0.3231357 -0.03150492 -0.9458281 0.4651048 -0.2128379 -0.859289 -0.1339545 -0.1654032 -0.9770866 0.07874155 0.2362277 -0.9685022 -0.5733791 -0.06277918 -0.8168814 0.4872719 0.03930187 -0.8723654 0.465102 -0.212805 -0.8592988 -0.2828875 0.5500518 -0.7857593 -0.8488219 0.04720366 -0.5265675 0.4638015 0.3930747 -0.7939652 0.6320758 -0.03158897 -0.7742625 0.4651393 -0.2128071 -0.8592779 -0.5208712 0.7102783 -0.4734955 -0.9622976 0.1341404 -0.2366219 0.3159729 0.782058 -0.5371654 0.7943016 0.2202141 -0.5662074 0.6692572 -0.1968433 -0.7164829 0.4651352 -0.2128404 -0.8592719 -0.6320567 0.7426761 -0.2212163 -0.9604848 0.1968253 0.1967966 0.1256117 0.9656087 -0.2276439 0.8447735 0.4974033 -0.1973521 0.8832269 -0.1577256 -0.4416254 0.5737895 -0.3694183 -0.7309553 0.4651208 -0.212862 -0.8592743 0.7475551 0.6452818 0.1573942 0.9953709 -0.09480017 0.0158047 0.6769447 -0.5509974 -0.4880039 0.4091378 -0.4484609 -0.794663 0.4651204 -0.2128571 -0.8592757 0.2668877 -0.3767861 -0.8870193 0.4650887 -0.2128937 -0.8592839 0.2845805 -0.7273201 -0.6245154 0.6910296 -0.7224425 -0.02356052 0.2281346 -0.2045523 -0.9518997 0.4650918 -0.2128494 -0.8592933 -0.03925156 -0.565094 -0.8240923 -0.1339831 -0.1655316 -0.9770609 0.07870048 -0.9603141 -0.2675878 -0.4186377 -0.6950741 -0.584478 -0.5733808 -0.06289714 -0.8168711 0.5666081 -0.7239876 0.393443 -0.6679621 -0.6915033 -0.2750453 -0.8488051 0.04711139 -0.5266028 -0.09431391 -0.9902854 0.1021756 -0.8016605 -0.5973143 0.02358055 -0.9622948 0.1340913 -0.2366607 -0.2359272 -0.8886634 0.3932123 -0.8365386 -0.363025 0.4103854 -0.9604853 0.196807 0.1968122 -0.386197 -0.5989952 0.7014676 0.4004767 -0.6360458 0.659594 0.1098864 -0.4160148 0.9026941 -0.605098 0.06284278 0.793667 -0.6440039 0.2276893 0.7303537 -0.4650938 0.2128629 0.8592888 -0.4722293 -1.47496e-5 0.8814758 -0.4651044 0.2128849 0.8592777 -0.3300669 0.03926396 0.9431406 -0.4651232 0.212861 0.8592734 -0.2676941 0.1889637 0.9447923 -0.4651538 0.2128627 0.8592564 0.3544506 0.1023976 0.9294512 -0.3061617 0.3454295 0.8870983 -0.4651558 0.2128295 0.8592635 0.7264922 0.0157994 0.6869931 0.2201259 0.6367757 0.7389596 -0.4407054 0.4171299 0.7948469 -0.4651274 0.2128189 0.8592814 0.9117922 -0.03930103 0.4087669 0.5649594 0.6983689 0.4394337 -0.04712885 0.9977768 0.04712033 -0.2443632 0.8750649 0.4177896 -0.7012889 0.6934075 0.1654693 -0.6439958 0.2277927 0.7303286 -0.5806118 0.3766174 0.7218375 -0.4651008 0.2128124 0.8592974 -0.4650896 0.2128415 0.8592963 -0.02366608 0.4184709 -0.9079219 0.1413622 0.5104966 -0.8481805 0.1966938 0.291117 -0.9362492 -0.3227896 0.5590682 -0.7637078 0.0473231 0.7807701 -0.6230237 -0.6452113 0.6452206 -0.4091366 0.3301829 0.4716908 -0.8176106 0.1967077 0.2911453 -0.9362375 -0.09412723 0.9804919 -0.1725564 -0.7950283 0.606113 -0.02360415 0.479887 0.6765646 -0.5585418 0.4338414 0.3154975 -0.843945 0.1967326 0.2911238 -0.936239 -0.1966192 0.9516602 0.2359747 -0.8168879 0.5027068 0.2828075 0.5662239 0.8178876 -0.1022289 0.716695 0.3150253 -0.6221796 0.4008716 0.1493086 -0.9038854 0.1967434 0.2910911 -0.9362468 -0.2431252 0.8392699 0.4863292 -0.7232373 0.2673251 0.6367616 0.5262224 0.7932631 0.3063063 0.9441784 0.2517801 -0.2124475 0.6443197 -0.06288397 -0.7621666 0.236357 0.07090908 -0.9690755 0.1966981 0.291077 -0.9362607 0.9748975 0.1493803 0.1651074 0.8304625 -0.3480054 -0.4349992 0.2679327 -0.2521746 -0.9298495 0.04730844 0.1025041 -0.993607 0.1966792 0.2910751 -0.9362653 -0.05509918 0.2440215 -0.9682034 0.1966825 0.2911051 -0.9362553 -0.1734085 -0.1734201 -0.9694613 0.2677816 -0.6773321 -0.6852112 -0.02370971 0.4184145 -0.9079467 0.1966512 0.2911136 -0.9362592 -0.4032502 0.1581214 -0.9013252 -0.3228581 0.5589729 -0.7637487 -0.4100059 -0.5203896 -0.7490593 -0.7636799 0.007862091 -0.6455473 -0.6452191 0.6451973 -0.4091613 0.212253 -0.9197467 -0.3301739 -0.9420804 -0.1177563 -0.314035 -0.7950367 0.6060998 -0.02365666 -0.5274865 -0.7400467 -0.4172397 -0.9769849 -0.2127273 0.01573246 -0.8168995 0.502722 0.282747 -0.5666654 -0.8185175 -0.09444284 -0.8451527 -0.3001451 0.4423007 -0.7232698 0.2672473 0.6367573 -0.5188404 -0.7782558 0.3537271 0.1414006 -0.989828 -0.01570153 0.03154641 -0.9149763 0.4022725 -0.3928409 -0.3142641 0.8642419 -0.3618212 -0.1494371 0.9201923 -0.1966661 -0.2911078 0.9362579 -0.2980457 -0.4549028 0.8391855 -0.1966801 -0.2910903 0.9362604 -0.1419103 -0.504684 0.8515607 -0.1966881 -0.2910642 0.9362668 -0.01566648 -0.4155355 0.9094421 -0.1967078 -0.2910889 0.936255 0.4790992 -0.6361775 0.6047662 0.01574009 -0.2517421 0.9676665 -0.1967084 -0.2911037 0.9362503 0.7340866 -0.6393198 0.2288823 0.5897763 -0.09435504 0.8020356 -0.08643501 -0.110013 0.9901647 -0.1967166 -0.2911259 0.9362416 0.8354735 -0.5438497 -0.0788151 0.8754157 0.04732573 0.4810486 0.4254657 0.6854552 0.5908725 0.2508697 0.4076554 0.8779986 -0.2749055 0.5655311 0.7775614 -0.3617931 -0.1494021 0.9202091 -0.236598 -0.05517309 0.9700399 -0.1966966 -0.2911542 0.936237 -0.196668 -0.2911286 0.936251 0.1104313 -0.007881939 -0.9938525 0.284443 0.07113075 -0.9560506 0.2923608 -0.173805 -0.9403814 -0.1571901 0.235859 -0.95899 0.2361594 0.4251319 -0.8737801 -0.4727666 0.5121964 -0.7170403 0.4566176 0.007867932 -0.8896284 0.2923986 -0.1738309 -0.9403648 0.1254936 0.8157114 -0.5646824 -0.6431888 0.6667439 -0.3765112 0.6387444 0.2764069 -0.7180564 0.5276471 -0.1571783 -0.8347955 0.2924146 -0.1738309 -0.9403599 1.3411e-7 0.9805833 -0.196103 -0.7020606 0.7099745 -0.05520105 0.7318012 0.5823143 -0.3540863 0.7979384 -0.1105988 -0.5925052 0.4637398 -0.3222785 -0.8252769 0.2924129 -0.1738658 -0.9403539 -0.07890599 0.9943485 0.07102751 -0.6763769 0.6370823 0.3696492 0.6705181 0.7415161 0.02365559 0.9843708 -0.03150212 -0.1732683 0.6473785 -0.4894837 -0.5842147 0.2835866 -0.3938691 -0.8743259 0.2923985 -0.17389 -0.9403539 0.9749565 0.03145903 0.2201595 0.7565612 -0.638355 -0.1418386 0.2516472 -0.6684415 -0.6998997 0.1096888 -0.3375232 -0.9349045 0.2923716 -0.173891 -0.9403621 0.03927016 -0.1808274 -0.9827306 0.2923442 -0.1738736 -0.9403738 -0.1655786 -0.536103 -0.8277545 0.1500061 -0.9395106 -0.3079254 0.110401 -0.007909476 -0.9938557 0.2923449 -0.1738335 -0.940381 -0.3232548 -0.1734457 -0.9302812 -0.1572428 0.2358193 -0.9589912 -0.4796074 -0.7076172 -0.5188977 -0.7163071 -0.1338188 -0.6848334 -0.4727883 0.5121434 -0.7170638 0.02367848 -0.994441 0.1025981 -0.9319964 -0.07107502 -0.3554312 -0.6432289 0.6667066 -0.376509 -0.6544133 -0.7411462 -0.1498184 -0.9995972 -0.01574212 -0.02361363 -0.7020858 0.7099456 -0.05525243 -0.7234224 -0.6683819 0.1729904 -0.9088714 0.07112509 0.4109671 -0.6764323 0.6370309 0.3696362 -0.6918941 -0.4481762 0.5660573 -0.07062458 -0.9102287 0.4080392 -0.1889433 -0.6455252 0.7399985 -0.488252 0.1575056 0.8583717 -0.4263113 0.3236635 0.8446897 -0.2923567 0.1738438 0.9403754 -0.4250379 0.007867157 0.9051414 -0.2923372 0.1738759 0.9403756 -0.2847303 -0.05540221 0.9570054 -0.292371 0.173895 0.9403615 -0.1490383 0.02351033 0.988552 -0.2923929 0.1738646 0.9403604 0.3073153 -0.3936713 0.8663603 -0.08687913 0.181681 0.9795122 -0.2924137 0.1738553 0.9403556 0.566675 -0.5981482 0.5666553 0.5191105 0.149436 0.8415422 -0.1495593 0.3385517 0.9289859 -0.2924172 0.1738275 0.9403596 0.7021663 -0.6627105 0.2603409 0.8437644 0.09461444 0.5283083 0.5371792 0.7820562 0.3159537 0.2910024 0.6920646 0.6605788 -0.1812783 0.8827361 0.4334921 -0.4262875 0.3236935 0.8446902 -0.2837186 0.409829 0.8669164 -0.2923978 0.1737974 0.9403712 -0.2923582 0.1737993 0.9403831 0.1023897 -0.1417964 -0.9845863 -0.03926354 -0.2828171 -0.95837 -0.1411936 -0.05492091 -0.9884575 0.4255087 -0.2600573 -0.8667829 0.1102179 -0.5747126 -0.8108992 0.7632969 -0.3620411 -0.5350739 -0.228846 -0.2840957 -0.931085 -0.1412085 -0.0549311 -0.9884548 0.2981721 -0.8553155 -0.4237087 0.9038844 -0.4008736 -0.1493097 -0.3312488 -0.5836282 -0.7413855 -0.3681635 -0.1566604 -0.9164679 -0.1412304 -0.05492794 -0.9884518 0.3929129 -0.9194419 -0.01569223 0.9060282 -0.386078 0.1733692 -0.3847659 -0.8559108 -0.3455024 -0.6436732 -0.274731 -0.7142883 -0.3699302 0.02361804 -0.9287594 -0.1412299 -0.05491918 -0.9884524 0.4161651 -0.8715866 0.2591205 0.7709572 -0.2753733 0.5742775 -0.3462625 -0.9365203 0.05506336 -0.8739947 -0.3700684 -0.3149328 -0.6475056 0.1342474 -0.7501428 -0.2211559 0.1500722 -0.9636226 -0.1412199 -0.05488991 -0.9884554 -0.9195172 -0.3851049 0.07862776 -0.8877314 0.2749608 -0.3692286 -0.3225786 0.432727 -0.8418375 -0.03154897 0.1655815 -0.9856914 -0.1412069 -0.0548799 -0.9884579 0.09471482 0.04735434 -0.9943776 -0.1412051 -0.05490708 -0.9884566 0.1262642 0.465597 -0.8759434 -0.4091955 0.771097 -0.48782 0.102404 -0.1417734 -0.9845881 -0.1411861 -0.05492323 -0.9884585 0.4176251 0.1812388 -0.8903605 0.4255455 -0.2599981 -0.8667826 0.2833904 0.7793192 -0.5588842 0.746814 0.3223113 -0.5817081 0.7633041 -0.3619472 -0.5351271 -0.4012305 0.9125914 -0.07868361 0.8946232 0.3879703 -0.2216499 0.9038935 -0.400833 -0.1493644 0.3625177 0.9141813 -0.1812555 0.9119175 0.3930749 0.1178923 0.9060468 -0.3860519 0.1733303 0.3780725 0.9136065 0.1496142 0.7716619 0.3307149 0.5432916 0.7709861 -0.27531 0.5742691 0.3536678 0.7387727 0.573702 -0.3465356 0.9057089 0.24414 -0.2124438 0.7474701 0.6294093 0.3224672 0.14157 0.9359343 0.3301166 -0.03927797 0.9431226 0.1411079 0.06272459 0.9880052 0.2045059 0.2595635 0.9438242 0.1411185 0.06269323 0.9880056 0.047288 0.2681875 0.9622055 0.1411481 0.06269741 0.9880012 -0.06315624 0.1425129 0.9877761 0.1411648 0.06271648 0.9879975 -0.599164 0.339003 0.7253133 -0.05501854 -0.02357649 0.998207 0.1411937 0.0627337 0.9879924 -0.8514176 0.3863283 0.3547374 -0.58944 -0.2436328 0.7701972 0.07100206 -0.1498959 0.9861491 0.1411517 0.06274801 0.9879974 -0.9312406 0.3630341 0.03157985 -0.8412503 -0.3537948 0.4088121 -0.2676691 -0.8896207 0.3700382 -0.1499725 -0.6709295 0.7261969 0.3953154 -0.6878489 0.6087607 0.3301082 -0.03934562 0.9431228 0.2281078 -0.1652022 0.9595182 0.1411374 0.06276094 0.9879987 0.1411178 0.06274789 0.9880023 0.1731864 0.1810095 -0.9681127 0.2444071 2.00665e-6 -0.9696728 3.48277e-5 7.51019e-6 -1 0.4029944 0.4187113 -0.8138036 0.5745297 -5.10039e-6 -0.8184838 0.6362363 0.6283218 -0.4476776 0.1731548 -0.1810301 -0.9681144 2.29256e-5 -2.02842e-5 -1 0.9051915 -1.70227e-5 -0.4250041 0.7257798 0.6862978 -0.04731863 0.4033664 -0.4183579 -0.8138012 -2.36323e-6 -0.2517881 -0.9677824 4.23193e-6 -1.84327e-5 -1 0.9998763 -8.26456e-6 -0.01573413 0.7104433 0.6472541 0.2762836 0.6362129 -0.6283463 -0.4476765 -1.65077e-7 -0.583491 -0.8121197 -0.1655148 -0.1812714 -0.9694048 -1.56648e-5 -4.72164e-5 -1 0.9658462 1.37286e-5 0.2591161 0.5608786 0.5055165 0.6556435 0.7257649 -0.6863119 -0.0473417 -3.48594e-6 -0.8896587 -0.4566263 -0.3766278 -0.4236854 -0.8237975 -0.2202829 -1.52048e-5 -0.9754361 -4.44986e-5 -2.45739e-5 -1 -0.00785005 -0.9968828 -0.07850593 -0.6039823 -0.6432012 -0.4706354 -0.5271726 -4.4303e-6 -0.8497583 -0.1655241 0.181293 -0.9693992 -4.72328e-5 2.02507e-5 -1 4.10705e-4 0.2517998 -0.9677793 -2.08206e-5 4.61452e-5 -1 -0.3760458 0.4242226 -0.8237868 -0.8677542 8.25524e-6 -0.4969936 0.1731411 0.1810448 -0.9681141 7.57351e-6 1.36898e-5 -1 5.7742e-7 0.58348 -0.8121276 0.4029263 0.4187973 -0.8137932 -0.6039857 0.6431993 -0.4706337 -2.27056e-6 0.8896573 -0.4566289 0.6361594 0.6283892 -0.4476922 -0.996913 -7.43661e-7 -0.07851469 -0.007847487 0.9968844 -0.07848495 0.7257333 0.6863443 -0.04735809 -0.7009619 0.7088371 -0.07875537 -0.007894694 0.9632643 0.2684392 0.7104164 0.6472882 0.2762728 -0.6907735 0.67509 0.2590089 -0.007884919 0.7491362 0.6623691 0.5608454 0.5055798 0.655623 -0.5454037 0.521701 0.6560205 -0.9696832 1.76486e-7 0.2443656 -0.7707874 0 0.6370926 6.09318e-6 0.2127586 0.9771049 0.1652753 0.1417356 0.9760098 -5.94184e-6 -2.43336e-5 1 -0.1574349 0.1495714 0.9761366 1.99117e-5 -3.04295e-5 1 -0.2351953 9.00589e-7 0.9719482 3.38294e-5 -6.61612e-6 1 -0.157103 -0.1499383 0.9761339 2.89793e-5 1.64211e-5 1 -0.5452992 -0.521755 0.6560645 3.9882e-4 -0.2128027 0.9770951 8.17329e-6 3.43658e-5 1 -0.690779 -0.6750814 0.2590166 -0.007880508 -0.7491428 0.6623617 0.1653105 -0.1417148 0.9760069 -1.48416e-5 1.99705e-5 1 -0.700961 -0.7088373 -0.07876169 -0.007896423 -0.9632548 0.2684734 0.7104316 -0.6472826 0.2762469 0.5608466 -0.5055434 0.6556502 0.7885262 2.04518e-6 0.6150013 0.1653217 0.1416678 0.9760118 0.2443908 9.23499e-6 0.9696768 -1.80416e-5 -2.42144e-7 1 -1.49882e-5 -1.34781e-5 1 -0.04737508 -0.3394724 -0.9394223 -0.1570195 -0.4789693 -0.8636743 -0.2920382 -0.2762871 -0.9156305 0.3061947 -0.4004645 -0.8636395 0.04707908 -0.721842 -0.6904547 0.7014027 -0.4098568 -0.5831394 -0.3464726 -0.4965218 -0.7958787 -0.2920568 -0.2763078 -0.9156183 0.3236661 -0.8999581 -0.2920883 0.9065721 -0.3547811 -0.228599 -0.3784118 -0.7489348 -0.5439681 -0.4879035 -0.3777298 -0.7869374 -0.2920606 -0.2762734 -0.9156275 0.4888035 -0.867246 0.09463447 0.9603018 -0.2676221 0.07873374 -0.3382993 -0.9362921 -0.09439748 -0.7141549 -0.4708679 -0.5179443 -0.511708 -0.2046527 -0.8344293 -0.2921054 -0.2762646 -0.9156159 0.5506703 -0.7630946 0.3383029 0.8814283 -0.0865966 0.4643117 -0.2203083 -0.9284824 0.2989729 -0.865579 -0.4957408 -0.07081121 -0.7722542 -0.07879942 -0.6304079 -0.3945841 -0.0789268 -0.9154638 -0.2920838 -0.276236 -0.9156314 -0.8439574 -0.4338057 0.3155133 -0.9623929 0.1183403 -0.2445312 -0.5041438 0.2205656 -0.834979 -0.2125121 -0.04721307 -0.9760172 -0.2920513 -0.2762235 -0.9156455 -0.07090789 -0.1575893 -0.9849557 -0.2920413 -0.2762585 -0.9156382 -0.07854306 0.2749048 -0.958258 -0.5686988 0.6160846 -0.5449967 -0.04735803 -0.3394438 -0.9394335 -0.2920317 -0.2762785 -0.9156351 0.2443177 0.02364391 -0.969407 0.3062179 -0.4003917 -0.8636649 0.0947749 0.6633607 -0.7422738 0.5969498 0.2513486 -0.7618891 0.7014042 -0.4097709 -0.583198 -0.5106449 0.8405897 -0.180696 0.794363 0.4011095 -0.4561784 0.9065832 -0.3547378 -0.2286219 0.2129131 0.8831793 -0.4179263 0.8666548 0.480596 -0.1339291 0.9603066 -0.2676168 0.07869285 0.2908869 0.9512804 -0.1022278 0.8018673 0.5031267 0.3222925 0.8814353 -0.08654338 0.4643084 0.3536095 0.8722327 0.3378913 -0.4091342 0.9048104 0.1180147 -0.1966033 0.8414497 0.5032988 0.457275 0.3626563 0.8120222 0.4796265 0.1887277 0.8569366 0.2920253 0.2762625 0.915642 0.3243748 0.4667735 0.8227415 0.2920462 0.27625 0.9156391 0.1652683 0.4723008 0.865805 0.2920669 0.2762235 0.9156405 0.08637243 0.3454982 0.9344362 0.2921026 0.276234 0.9156259 -0.5036962 0.4328464 0.7476191 0.1104127 0.1810278 0.9772605 0.2920785 0.2762719 0.9156223 -0.8187825 0.3857869 0.4251633 -0.4247452 -0.125739 0.8965385 0.2437788 0.07076942 0.9672453 0.2920735 0.2762973 0.9156162 -0.9508703 0.2829056 0.125738 -0.7183835 -0.3236652 0.6157647 -0.102427 -0.8115714 0.575205 0.04721993 -0.5116112 0.8579186 0.5668602 -0.5117679 0.645572 0.4796072 0.1886348 0.8569679 0.4016845 0.06300663 0.9136081 0.2920426 0.276311 0.9156219 0.2920308 0.2762798 0.9156351 -0.1341319 0.3392748 -0.9310753 -0.1342899 0.1500889 -0.9795099 -0.3615942 0.2279781 -0.904033 0.2039572 0.462686 -0.8627417 0.2051481 0.02367156 -0.9784447 0.6071887 0.512528 -0.607155 -0.2591326 9.56934e-6 -0.9658418 -0.3616001 0.2279555 -0.9040364 0.6283887 -0.1571185 -0.7618672 0.8501657 0.4486772 -0.2755127 -0.08661764 -0.3150687 -0.945108 -0.434471 -0.01579397 -0.9005474 -0.3616166 0.2279512 -0.9040308 0.8611373 -0.2765312 -0.4265831 0.9403725 0.3397791 0.01580703 0.1738913 -0.6639896 -0.7272412 -0.4967423 -0.3626928 -0.7884802 -0.5522307 0.09466046 -0.8282998 -0.3616222 0.2279709 -0.9040237 0.9291358 -0.3306987 -0.1653639 0.8973162 0.1652591 0.4092838 0.3766151 -0.8316732 -0.4080207 -0.4738547 -0.7265654 -0.4975585 -0.7706198 -0.1022282 -0.6290425 -0.5445097 0.284106 -0.7891725 -0.3616584 0.2279738 -0.9040085 -0.3776572 -0.9124991 -0.1572275 -0.9160038 -0.3237649 -0.2368827 -0.7630842 0.3382844 -0.5506961 -0.4235805 0.4392758 -0.7922225 -0.3616225 0.2279887 -0.9040191 -0.2599388 0.4568671 -0.8507081 -0.361611 0.228008 -0.9040187 -0.4740235 0.6859662 -0.5520437 -0.9308485 0.3549546 -0.0867657 -0.1341381 0.3393269 -0.9310555 -0.3616012 0.2279897 -0.9040273 -0.08650088 0.7314621 -0.6763733 0.203926 0.4627866 -0.8626951 -0.4664673 0.8775839 -0.1107018 0.1415629 0.9359338 -0.3224715 0.6071498 0.512583 -0.6071473 -0.8916234 0.299837 0.339272 0.3137177 0.948998 0.03137105 0.8501402 0.4487165 -0.2755274 -0.3862842 0.8750346 0.2917174 0.4240833 0.8403003 0.3377112 0.9403484 0.3398465 0.01578956 -0.2684456 0.7658674 0.584281 0.4961065 0.543367 0.6772229 0.8972876 0.1653434 0.4093126 -0.05536186 0.490278 0.8698062 -0.7545878 0.2122315 0.6209308 -0.4398047 0.07068145 0.8953077 0.4249365 -0.02357417 0.9049162 0.5442267 -0.1340627 0.8281573 0.3547123 -0.2286639 0.9065827 0.2682473 -0.03945535 0.9625418 0.3547556 -0.2286292 0.9065745 0.1495238 -0.1574278 0.976145 0.3547943 -0.2286481 0.9065546 0.164978 -0.3142534 0.9348941 0.3548005 -0.2286056 0.9065628 -0.4172831 -0.4802477 0.771516 0.2755463 -0.4172559 0.8660091 0.3547681 -0.2285873 0.9065801 -0.7392638 -0.4954446 0.4560962 -0.02364921 -0.8437427 0.5362266 0.4407945 -0.4014667 0.802823 0.3547456 -0.2285563 0.9065967 -0.8812068 -0.4484711 0.1494931 -0.2434962 -0.9583466 0.1492699 0.4880142 -0.8658464 -0.1102373 0.5427509 -0.7787269 0.3146525 0.9040398 -0.361606 0.2279326 0.5442443 -0.1340939 0.8281406 0.5576764 -0.2905933 0.7775299 0.3547255 -0.2286049 0.9065924 0.3547001 -0.2286261 0.9065969 -0.2846612 0.5852494 -0.7592439 -0.1179648 0.5270226 -0.8416244 -0.2994291 0.3625192 -0.8825657 -0.2279966 0.8335189 -0.5032532 0.1578312 0.7021929 -0.6942727 -0.08674138 0.9942284 -0.06313383 -0.05519825 0.362652 -0.9302886 -0.299407 0.3625019 -0.8825803 0.5108734 0.7937697 -0.3300579 0.06314903 0.9467819 0.3156206 0.3078043 0.3314818 -0.8918387 -0.1264401 0.1975675 -0.9721008 -0.2994346 0.3624855 -0.8825775 0.7026064 0.7104826 0.03948199 0.1730815 0.7944793 0.5821045 0.7191606 0.2291831 -0.6559598 0.1334556 -0.06280821 -0.9890626 -0.2901153 0.125438 -0.9487351 -0.299432 0.3624496 -0.8825933 0.7642299 0.5830207 0.2757527 0.2681252 0.4651851 0.8436301 0.9396516 0.1105787 -0.3237705 0.4328637 -0.3777769 -0.8184825 -0.2439791 -0.2204048 -0.9444025 -0.4509877 0.1978173 -0.8703325 -0.2994669 0.3624499 -0.8825812 0.6131284 -0.5816873 -0.5345218 -0.1573814 -0.6452681 -0.7475696 -0.6311162 -0.06311011 -0.7731168 -0.5292245 0.3475335 -0.7740427 -0.2994784 0.3624738 -0.8825677 -0.4569873 0.5042668 -0.7327194 -0.2994911 0.3624967 -0.8825539 -0.7873991 0.2912806 -0.5432849 -0.7631815 -0.4326937 -0.4799274 -0.2847266 0.585242 -0.7592251 -0.2994381 0.3625055 -0.8825682 -0.6194218 0.6507853 -0.4390846 -0.2280566 0.8335183 -0.5032269 -0.9809413 0.1334134 -0.1412626 -0.7109557 0.7030593 0.01579856 -0.08683216 0.9942207 -0.06313198 -0.7284119 -0.6735798 -0.1253247 -0.6672919 0.6280388 0.400361 0.06310951 0.9468025 0.3155666 -0.9729711 -0.03923428 0.2275698 -0.5446333 0.4815096 0.6866754 0.1730341 0.794506 0.5820819 -0.8417629 -0.1730731 0.5113521 -0.2834311 0.204701 0.9368909 0.2680376 0.4651884 0.8436562 -0.5205259 -0.3075672 0.7965269 -0.6141711 -0.7716529 0.1653655 -0.3537588 -0.7782528 0.518823 0.1574841 -0.2283614 0.9607549 0.3150183 -0.1496337 0.9372157 0.2994565 -0.3625029 0.882563 0.08665615 -0.3781333 0.9216865 0.2994797 -0.3624893 0.8825607 0.12623 -0.5208067 0.8442906 0.2994927 -0.3624593 0.8825687 0.274421 -0.5567314 0.7840558 0.2994625 -0.3624382 0.8825876 0.1500021 -0.9395233 0.3078886 0.4246823 -0.4875876 0.7628259 0.2994272 -0.3624554 0.8825926 0.02361923 -0.9917582 -0.1259279 0.6753264 -0.6988817 0.2355817 0.5018741 -0.3293407 0.7997857 0.2994022 -0.362476 0.8825925 -0.06286227 -0.8957803 -0.4400296 0.6936017 -0.685721 -0.2206881 0.9996902 0.007873475 -0.02361208 0.916319 -0.1500821 0.3712613 0.7413801 0.3312811 0.5836167 0.3150723 -0.1496011 0.9372028 0.4648435 -0.1812134 0.86665 0.2994133 -0.3625066 0.8825762 0.2994394 -0.3625128 0.8825648 -0.09429067 0.102141 -0.9902912 -0.06306666 -0.09461909 -0.9935139 -0.3064963 -0.0392909 -0.9510606 0.211782 0.2901346 -0.9332579 0.2909944 -0.1572896 -0.9437068 0.5838537 0.4575929 -0.6706144 -0.1654778 -0.2521347 -0.9534387 -0.306534 -0.03931605 -0.9510474 0.7141995 -0.2119162 -0.6670912 0.7958288 0.5121565 -0.3230363 0.04698491 -0.526708 -0.8487469 -0.3449073 -0.2827036 -0.8950517 -0.3065354 -0.03932499 -0.9510467 0.9284788 -0.2203221 -0.2989739 0.8730172 0.4876264 -0.007854163 0.3307229 -0.7716538 -0.5432981 -0.3631387 -0.6011511 -0.711862 -0.4803102 -0.1811001 -0.8581987 -0.3065592 -0.03934216 -0.9510383 0.9797781 -0.1975808 -0.03157383 0.8191256 0.4016394 0.4095353 0.5289689 -0.8289898 -0.1815705 -0.3162849 -0.8856477 -0.3399884 -0.6859852 -0.3626995 -0.630772 -0.5028837 0.007853269 -0.8643184 -0.306554 -0.03928953 -0.9510421 -0.220152 -0.9749585 0.03145009 -0.8310801 -0.5174604 -0.2038157 -0.7507113 0.07902175 -0.6558873 -0.4081897 0.1805488 -0.894865 -0.3065643 -0.03928077 -0.9510391 -0.2443827 0.2128779 -0.9460233 -0.3065371 -0.039254 -0.951049 -0.5195431 0.4649445 -0.7168692 -0.9612312 0.1654491 -0.2205933 -0.09432297 0.1021751 -0.9902846 -0.3065006 -0.03927016 -0.9510601 -0.1332038 0.5407112 -0.8305951 0.2117269 0.2902256 -0.9332422 -0.5821016 0.7394394 -0.3382117 0.03145623 0.8493406 -0.5269071 0.5838057 0.4576489 -0.6706179 -0.9536487 0.2127928 0.2127755 0.1657397 0.970764 -0.1736311 0.7958062 0.5121763 -0.3230604 -0.5355603 0.842693 0.05517166 0.2598342 0.9527308 0.1574494 0.8730127 0.4876339 -0.007884383 -0.4328572 0.8184934 0.3777607 0.3457691 0.7544287 0.5579258 0.8190766 0.4017252 0.4095491 -0.2041943 0.6518393 0.7303494 -0.8292352 0.2211207 0.5132979 -0.5282121 0.1892042 0.8277644 0.3371527 0.2430828 0.9095267 0.4739889 0.1422366 0.8689668 0.2993686 0.03935647 0.9533256 0.1810096 0.2125552 0.9602373 0.299407 0.03933411 0.9533144 0.07880294 0.08669096 0.9931137 0.2994171 0.0393821 0.9533093 0.1178759 -0.07078111 0.9905025 0.2994061 0.03940027 0.9533119 -0.4104008 -0.3630405 0.8365243 0.2521434 -0.1654748 0.9534369 0.2993965 0.03941363 0.9533144 -0.7010753 -0.4963131 0.5120223 0.05520623 -0.7020885 0.7099465 0.4173401 -0.1417691 0.897624 0.2993788 0.03942495 0.9533196 -0.817048 -0.5420825 0.1964164 -0.1102026 -0.9286832 0.3541227 0.6225875 -0.7723243 0.1260957 0.6227813 -0.5912644 0.5123963 0.9202169 -0.1494317 0.361761 0.4740123 0.1421749 0.8689642 0.5214139 -0.01580029 0.8531576 0.2993712 0.03939819 0.9533231 0.2993466 0.03938025 0.9533315 0.494036 0.2274903 0.8391523 -0.5344011 0.8408011 0.08642292 -0.5111317 0.8571997 0.06287252 0.3708255 0.157777 0.9152022 -0.07848703 0.9964224 0.03133904 0.6705155 -0.7336304 -0.1104333 0.7575901 -0.6313368 -0.1657444 -0.2047035 -0.07081842 -0.9762588 -0.01566761 0.0862475 0.9961506 0.4628403 0.8785928 -0.1177013 0.1732153 -0.9840974 -0.0393548 -0.1806067 -0.06281721 -0.9815474 -0.5111153 0.857203 0.06296277 -0.5343423 0.8408336 0.08647131 -0.07848316 0.9964202 0.03142344 0.1024524 -0.06307429 -0.9927363 0.4628437 0.8786017 -0.1176215 -0.4025121 -0.9077314 0.1183543 0.03925752 -0.05498903 -0.9977149 0.3698757 0.9128161 -0.1730866 0.04714006 0.04713118 0.9977758 0.3698143 0.9128222 -0.1731851 -0.323678 -0.9315295 0.1657874 -0.2292055 -0.04741704 -0.9722225 -0.1974676 0.9791666 -0.04732131 0.2994223 0.03942525 0.9533059 -0.1974418 0.9791665 -0.04743337 0.244261 -0.9691962 0.03154873 -0.06284171 -0.02355301 -0.9977456 -0.536282 0.8438912 0.01579684 2.75821e-5 0.01570868 -0.9998767 0.5509932 -0.8343604 -0.01579093 0.1025596 0.03159952 0.9942248 0.01578104 -0.007921576 0.9998442 -0.5363174 0.8438701 0.01572203 -0.2122876 -0.5348013 -0.8178763 -0.3058527 -0.6118227 -0.7294705 -0.8385121 0.537886 -0.08704102 -0.8101802 0.5741832 -0.117991 -0.2833617 -0.5589172 -0.7793059 0.3627207 0.685966 0.6307808 0.3140385 0.6830058 0.6594566 0.955526 -0.2922458 -0.03953045 -0.7964096 0.5914549 -0.1261464 0.09464061 -0.06315559 -0.9935062 -0.3059191 -0.61177 -0.7294868 -0.2123906 -0.5347628 -0.8178747 0.9047229 -0.4248376 0.03146052 -0.2834443 -0.5588946 -0.7792921 0.315966 0.6003557 0.7346691 0.8494781 -0.5191155 0.09437221 0.09457504 -0.06305521 -0.9935188 -0.0316205 0.1502007 0.9881498 0.8786024 -0.4628216 0.1177033 0.3703073 0.5043239 -0.7800834 -0.8201043 0.559861 -0.1182574 0.3703314 0.5043039 -0.7800848 -0.3144242 -0.4087226 0.8567866 0.9234702 -0.3078743 0.2289463 0.3216627 0.5414324 -0.7767781 -0.8729382 0.4561224 -0.1730074 0.3217494 0.5413814 -0.7767777 -0.2517857 -0.4328132 0.8656078 0.9394295 -0.2999872 0.165771 0.0786013 0.1651394 -0.9831332 -0.8912765 0.4417103 -0.1025583 0.07867598 0.1651173 -0.9831309 -0.04720497 -0.1258292 0.9909282 0.9290181 -0.3700343 -2.19531e-5 -0.03152799 0.0157454 -0.9993789 0.9397544 -0.3395711 -0.03941041 0.03147208 -0.03934353 0.9987301 -0.9094493 0.415521 0.01563638 -0.9479394 0.3159832 0.03956747 -0.03141927 0.01570659 -0.9993829 -0.8978721 0.4331476 -0.07879728 -0.4907982 0.8311915 -0.261224 0.1181175 0.3701549 0.9214302 0.08640426 0.3848252 0.9189363 0.09431374 0.9671851 -0.2359197 0.638176 -0.7327104 0.2363618 0.911804 -0.4087405 0.03930222 -0.08640652 -0.3454878 -0.9344368 0.0157755 0.3232561 0.9461801 -0.1729392 0.9747124 -0.1415202 -0.4907709 0.8312012 -0.2612439 -0.8978496 0.4332119 -0.07870042 0.07878708 -0.3388147 -0.9375485 0.09431874 0.967193 -0.2358851 0.0711106 -0.9560476 0.2844581 0.2211826 -0.2290993 -0.9479408 -0.1729303 0.9747181 -0.1414917 0.2046382 -0.9604327 0.1889244 -0.4016359 -0.4252418 -0.8110845 -0.7487344 0.6621204 -0.03151875 0.3930975 0.4638245 0.7939404 -0.7487744 0.6620725 -0.03157764 0.7251248 -0.6857242 0.06305849 -0.569157 -0.6008458 -0.5612885 -0.8741668 0.4804181 0.07092958 -0.4173564 -0.6458925 -0.639247 0.8549956 -0.5176866 -0.03135555 0.5346119 0.5976077 0.597541 0.386774 0.6155775 0.6866369 -0.8741813 0.4804062 0.07083058 0.4880052 -0.8658598 -0.1101725 0.4887818 -0.8594442 -0.149827 0.8730592 0.4876143 -9.76305e-6 0.8729416 0.4875716 0.01571601 0.4805625 -0.866675 -0.1339188 -0.4788515 0.855678 0.1962561 -0.4802626 0.8582285 0.1810848 -0.8655813 -0.4957357 0.0708177 0.8729298 0.4875921 0.01573294 0.4876093 -0.8730262 0.007900357 0.4888845 -0.8593922 -0.1497903 0.4880737 -0.8658171 -0.1102037 -0.8707188 -0.4907608 0.03166359 0.4806328 -0.8666271 -0.1339766 -0.4795172 0.8647305 0.1493463 -0.8730458 -0.4876383 1.4808e-6 0.487665 -0.8729959 0.0078184 -0.4875981 0.8729257 0.01577997 -0.8730089 -0.4876409 0.007862746 0.4822515 -0.8616532 0.1580746 0.8727837 0.4875369 0.02358663 0.4821683 -0.8616929 0.1581116 -0.4866202 0.8633643 -0.1334277 -0.8729395 -0.4875752 0.01571983 0.4805515 -0.8271154 0.2914627 0.8729285 0.4875949 0.01572364 0.4804725 -0.8271412 0.2915197 -0.4815074 0.8368427 -0.2604706 -0.8720673 -0.4871097 0.04714477 0.4802356 -0.818664 0.3149018 0.8729372 0.4875794 -0.01572287 0.4801685 -0.8187195 0.3148596 -0.4805278 0.8271288 -0.2914637 -0.8741866 -0.4803903 0.07087349 0.4821411 -0.8535141 0.19762 0.8720765 0.4870948 -0.04713082 0.4820547 -0.8535791 0.1975502 -0.4809505 0.8594179 -0.1734576 -0.8750365 -0.4809 0.05519443 0.4812883 -0.8756718 0.03950369 0.8759419 0.4813824 -0.03157132 0.4812068 -0.8757206 0.03941613 -0.4814702 0.8761426 -0.02367937 -0.8756879 -0.4812638 0.03944748 0.4804478 -0.8741549 -0.07087481 0.8728098 0.4874903 -0.02358746 0.4803811 -0.8741889 -0.07090753 -0.4800937 0.8736785 0.07871514 -0.8713238 -0.4866733 0.0628013 0.4794908 -0.8724608 -0.09434366 0.8717343 0.4868849 -0.05497694 0.4794267 -0.8725004 -0.09430307 -0.4794783 0.8724701 0.09432232 -0.8717381 -0.4868791 0.05496871 0.4804246 -0.8741663 -0.07089149 -0.8726148 -0.4873958 0.03144884 -0.4804281 0.8741648 0.07088625 0.871709 0.4869325 -0.05495643 0.8726118 0.487401 -0.03144621 0.4803495 -0.8742079 -0.0708878 0.9834942 4.51058e-5 0.1809399 0.9663258 0.133578 0.2199352 -0.1968036 -0.196808 0.9604868 -0.1962592 -0.2433651 0.9498714 0.9735267 0.06280225 0.2197765 -0.9382829 -0.2523182 -0.2365604 -0.9552231 -0.2131541 -0.2052174 0.1654654 -0.05513358 -0.9846734 -0.1969794 -0.2599927 0.9453058 0.8368239 -0.5446793 0.05522894 0.9663187 0.1335292 0.2199955 0.9834796 -2.85208e-5 0.1810187 0.1818258 0.07906651 -0.9801469 0.9735069 0.06279331 0.2198668 -0.9650676 -0.1265664 -0.2294023 0.1894819 0.1895003 -0.9634243 0.836784 -0.5447329 0.05530524 -0.8814421 0.4642918 -0.08656275 0.1738094 0.158087 -0.9720076 0.4012216 -0.9125994 -0.07863634 -0.2132818 -0.236917 0.9478297 0.40122 -0.9125928 -0.07872128 -0.4557625 0.8878787 0.06286627 0.1104167 0.1261942 -0.9858415 0.4714804 -0.8801607 -0.05498588 -0.1728909 -0.1886064 0.9667143 0.4715026 -0.880145 -0.05504757 -0.5117478 0.8582333 0.03936821 0.1027311 0.1184528 -0.9876312 0.8953134 -0.4397881 0.07071417 -0.1493888 -0.1651279 0.9748927 0.8953096 -0.4398034 0.07066643 -0.9120054 0.4009641 -0.0864523 0.1422996 0.06320238 -0.9878038 0.9860497 -0.08680856 0.1420227 0.1414076 -0.007852554 -0.9899203 -0.9861484 0.07100343 -0.1498994 -0.1637899 -0.0922833 0.9821694 -0.1491246 -0.007844686 0.9887874 0.9860618 -0.08681672 0.141933 -0.1893124 0.4888791 -0.8515622 -0.1969423 0.614371 -0.7640432 0.940015 0.3396691 0.03157246 0.9540287 0.2996113 0.007887601 -0.1648317 0.5650748 -0.8084065 0.2442638 -0.7012625 0.6697508 0.2603456 -0.662717 0.7021584 -0.801307 -0.5812923 -0.1414444 0.9612293 0.2757504 1.58772e-5 0.02353829 -0.03934401 -0.9989485 -0.196869 0.6143782 -0.7640563 -0.1892211 0.4888999 -0.8515704 -0.8814238 -0.4643253 -0.08656895 -0.1647869 0.5651118 -0.8083897 0.1817095 -0.6162217 0.766324 -0.9348889 -0.3535479 -0.03141337 0.02364486 -0.03932225 -0.9989469 0.01569575 -0.06285899 0.9978991 -0.9081896 -0.4185591 2.54259e-5 0.2751633 -0.605351 -0.7468839 0.9517742 0.3067995 4.1707e-5 0.2751573 -0.6053384 -0.7468962 -0.2437717 0.4955033 0.8336977 -0.8290292 -0.5447449 0.1263486 0.3383089 -0.5820764 -0.7394147 0.9068035 0.417925 -0.05519211 0.3382264 -0.582166 -0.739382 -0.2989194 0.4641042 0.8338192 -0.8230996 -0.5644243 0.06270754 0.2055617 -0.1660119 -0.9644607 0.8975321 0.4408792 0.007861554 0.2054688 -0.1659871 -0.9644848 -0.1964088 0.1100359 0.9743283 -0.8515573 -0.5125087 -0.1103864 0.165697 0.01576858 -0.9860506 -0.8263168 -0.5430112 -0.1494641 -0.1809909 -1.93343e-6 0.9834849 0.87272 0.4717448 0.1257652 0.8166283 0.5575311 0.1492559 0.1656457 0.01573377 -0.9860599 0.81291 0.5209251 0.2604125 0.7387258 0.5737571 0.3536766 0.1653659 -0.6692581 0.7243947 0.1893612 -0.6942875 0.6943394 0.7727326 0.5677369 0.2838295 -0.6474555 -0.6316484 -0.4264056 -0.6757375 -0.6286121 -0.3850011 -0.04723292 0.4964784 -0.8667631 0.1963417 -0.6361947 0.7461276 0.9923984 -0.07878428 -0.09454441 0.7387714 0.573679 0.3537079 0.8129104 0.5208792 0.2605024 -0.1106131 0.5925137 -0.7979299 0.7727201 0.5677149 0.2839072 -0.7253343 -0.599155 -0.3389743 -0.1651258 0.573975 -0.8020512 0.992402 -0.07876092 -0.09452569 -0.9922125 -0.1181504 0.0394349 -0.2212345 0.2290936 -0.9479302 0.7345882 -0.6634606 -0.1421279 0.1729657 -0.424701 0.8886574 0.7345914 -0.6634387 -0.1422134 -0.8325864 0.5262364 0.1728448 -0.188465 -0.03139328 -0.981578 0.8923766 -0.450185 -0.03158533 0.1262469 -0.2051364 0.970557 0.8923823 -0.4501718 -0.03161352 -0.9028962 0.424013 0.0706492 0.01582801 0.5834066 -0.8120261 0.9773891 0.1891095 0.09459567 0.02358788 -0.5973502 0.8016335 0.9773762 0.1892047 0.09453773 -0.9854715 -0.1577014 -0.06305712 -0.05500805 0.8172457 -0.5736583 0.8977077 0.4016063 0.1811993 -0.1729497 0.7232133 -0.6686187 -0.9202048 -0.3617911 -0.1494337 0.06299316 -0.7869382 0.6138081 0.1577176 -0.6782689 0.7176883 0.8977149 0.4016509 0.1810656 0.7486912 0.6304779 0.2048392 0.6689949 0.6769226 0.3069553 0.2768126 -0.6089066 0.7433758 0.2992588 -0.6299671 0.716649 0.714291 0.6436836 0.2746996 -0.5720961 -0.7288371 -0.3761682 -0.5973138 -0.730928 -0.3300918 -0.1417647 0.4490205 -0.8822038 0.3138102 -0.6433892 0.6982647 0.9559707 0.2429815 -0.1645606 0.6690407 0.6768665 0.3069794 0.7487363 0.6304048 0.2048996 -0.2198202 0.5339022 -0.8164727 0.7142919 0.6436501 0.2747758 -0.6674045 -0.6752376 -0.3140471 -0.27648 0.600323 -0.7504473 0.9560014 0.2428735 -0.1645416 -0.9460287 -0.3074491 0.1024929 -0.2680743 0.5755252 -0.7725976 0.8424723 -0.2440801 -0.4802762 0.2833426 -0.63762 0.7163503 0.8424627 -0.2440761 -0.4802951 -0.8722323 0.1964534 0.4479028 -0.2985429 0.5185087 -0.801262 0.8797027 -0.1807014 -0.4398525 0.2905869 -0.5890493 0.7540426 0.879693 -0.1806315 -0.4399005 -0.900563 0.142226 0.4108017 -0.2990177 0.5036196 -0.810528 0.9362994 0.3382905 -0.0943557 0.2996232 -0.5597815 0.7725742 0.9362832 0.3383023 -0.09447389 -0.9266967 -0.3691048 0.0706762 -0.2363532 0.4964622 -0.835262 0.7956525 0.590763 0.1339263 -0.1895303 0.4579423 -0.8685432 -0.7881189 -0.5989468 -0.1418853 0.2436307 -0.5343604 0.8093845 0.1977013 -0.4666486 0.8620635 0.7955982 0.5908417 0.1339019 -0.7034152 0.4741719 -0.529498 -0.7636805 0.5116887 -0.3936585 0.4564228 0.8578726 0.2360784 0.4881145 0.8502954 0.1968302 -0.7231798 0.5187512 -0.4559698 0.8204509 -0.5048914 0.2682257 0.8197238 -0.4728832 0.3231632 -0.2361941 -0.8659445 -0.4408544 0.5055172 0.8451349 0.1737798 -0.260063 0.3545022 -0.8981623 -0.7636303 0.5117671 -0.3936535 -0.7033762 0.4742196 -0.5295071 -0.3536363 -0.8722248 -0.3378835 -0.7231723 0.5188217 -0.4559015 0.7572435 -0.5206053 0.3944016 -0.4408359 -0.8659567 -0.2361839 -0.2599444 0.3545866 -0.8981633 0.3536942 -0.3929598 0.8488128 -0.3763968 -0.8939982 -0.2430903 0.3544684 0.1024097 -0.929443 0.4727768 0.8588778 0.1970051 0.3544457 0.1023944 -0.9294535 -0.2369644 -0.1737706 0.9558513 -0.197147 -0.961943 -0.1892062 0.3875887 0.1502737 -0.9095014 0.3619844 0.9128469 0.1888861 0.387564 0.1502027 -0.9095237 -0.2596901 -0.2361015 0.9363851 -0.2048985 -0.9457282 -0.2522199 -0.03944295 0.40218 -0.9147107 0.3545466 0.8981736 0.2599634 -0.03948342 0.402137 -0.9147278 0.07902449 -0.4267408 0.9009149 -0.3069221 -0.8735523 -0.3777636 -0.1892446 0.488896 -0.8515675 -0.2837669 -0.8592582 -0.4256195 0.1651394 -0.4876546 0.857276 0.3534401 0.8561323 0.3769847 0.2609314 0.8618441 0.434902 -0.1892375 0.488827 -0.8516086 0.32306 0.7958412 0.5121222 0.259526 0.7393343 0.6213139 0.7617958 -0.5575404 0.3298726 0.7855506 -0.5420172 0.2985427 0.2671225 0.785776 0.5578545 -0.1807299 -0.683563 -0.7071622 -0.1892458 -0.7175875 -0.6702644 -0.6131258 0.5817244 -0.5344844 0.7706936 -0.5190628 0.3696016 0.7247515 0.6853509 -0.07091856 0.2595832 0.739284 0.6213501 0.3230727 0.7957844 0.5122025 -0.7007784 0.566925 -0.4330194 0.2671947 0.7857211 0.5578974 -0.2356978 -0.7542471 -0.6128277 -0.722769 0.5263665 -0.4478206 0.7247604 0.6853389 -0.0709452 -0.6134671 -0.7865431 -0.07076877 -0.5888299 0.3296677 -0.7379692 0.901678 0.1646711 -0.3998254 0.663129 -0.4579162 0.5920919 0.9016515 0.1646912 -0.3998771 -0.8720529 -0.3299992 0.3614199 -0.4091892 0.2046066 -0.8892135 0.9128602 0.3619675 -0.188854 0.511712 -0.3936313 0.7636787 0.9128412 0.3620105 -0.1888639 -0.8906062 -0.4019107 0.2128112 -0.609595 0.6571524 -0.4433338 0.597808 0.7707993 0.2202137 0.6374378 -0.6374479 0.4328202 0.5977376 0.7708577 0.2202006 -0.6124778 -0.7695789 -0.1806082 -0.7322607 0.6692708 -0.1259801 0.4252712 0.81107 0.401634 -0.7873814 0.5590321 -0.2598341 -0.4556257 -0.8169716 -0.3535009 0.7383792 -0.6518787 0.1727726 0.7656463 -0.5604453 0.3157321 0.425205 0.81114 0.4015629 -0.2511066 0.9494658 0.1883093 -0.7476387 0.4328433 0.5036696 -0.2673439 0.8649932 0.4246339 0.2449957 0.6322601 0.7349995 -0.715563 0.3616972 0.5976159 -0.6984953 -0.2589964 0.6671022 0.2052312 0.5446966 0.8131334 -0.6532141 -0.2676162 0.7083029 -0.2761409 0.1657068 0.9467246 -0.1885437 -0.2749701 0.9427846 -0.1577786 -0.2208454 0.9624621 0.433451 -0.07096028 0.8983791 0.3157563 -0.05529111 0.947228 0.331794 0.5609114 0.7584795 -0.3711451 0.6948962 0.6159307 -0.03929197 0.3065413 0.9510461 0.3952253 -0.05534809 0.9169153 -0.2753506 0.3462074 0.8968403 -0.8494728 0.2359713 0.4719254 -0.01573836 0.1025817 0.9946001 -0.4627557 0.203938 0.8627088 -0.1886279 0.1729056 0.9667075 -0.3929712 -0.007875502 0.919517 -0.6942113 -0.3313294 0.6389771 -0.08677935 -0.5286523 0.8443911 -0.1728841 -0.0707305 0.9823994 -0.9278454 0.2123059 0.3066419 -0.5992414 -0.3705694 0.7096394 -0.8164957 0.2198308 0.5338626 -0.3541644 0.6453423 0.6768316 -0.5040288 -0.3544235 0.7876161 0.07898002 -0.5764388 0.8133146 -0.2744727 0.5881798 0.7607294 0.1102401 -0.5274794 0.8423851 -0.09474891 0.03947174 0.9947184 0.3317812 -0.07900184 0.9400426 0.2995493 -0.01574891 0.9539509 0.3857444 0.5510444 0.7399672 0.3314211 0.4655431 0.8206277 -0.2516877 0.6921475 0.6764504 -0.6716099 0.09477823 0.7348178 -0.1338476 0.2991815 0.9447621 0.3613376 0.5262488 0.7697385 -0.267302 0.09436005 0.9589818 -0.4666369 -0.545732 0.6960076 0.06294149 0.2439345 0.967747 -0.220212 -0.1258333 0.9673018 -0.06292206 0.1179829 0.9910201 0.007850646 -0.1414377 0.989916 0.1336713 -0.6133286 0.7784345 0.5887973 -0.1098857 0.8007764 0.1579161 0.03157812 0.9869475 -0.4012252 0.9125953 0.07866537 -0.901665 0.3322026 0.2768428 -0.4721708 0.8263424 0.3069416 -0.03154563 0.6620813 0.7487678 -0.8853237 0.2687494 0.3794414 -0.8075911 -0.3450216 0.4782851 -0.07881796 0.5674235 0.8196453 -0.7728983 -0.3391305 0.5363009 -0.5259701 0.1334779 0.8399639 -0.3929457 -0.2907732 0.8723788 -0.3703607 -0.236344 0.8983176 0.197642 -0.007924854 0.9802423 0.06287729 -0.007870912 0.9979903 0.05501115 0.6053071 0.7940889 -0.5989859 0.6462364 0.4728577 -0.3221229 0.3064687 0.8957198 0.1491014 7.71088e-6 0.9888219 -0.5371685 0.3160147 0.7820389 -0.9640731 0.1343496 0.229158 -0.2833967 0.1101909 0.9526513 -0.68717 0.1500874 0.7108243 -0.4484912 0.1494807 0.8811988 -0.6056202 -0.04719573 0.7943531 -0.7918531 -0.4076923 0.4547043 -0.2371799 -0.5296832 0.8143595 -0.410456 -0.0868225 0.9077377 -0.9785928 0.1736069 -0.1105294 -0.8154704 -0.3371476 0.4704675 -0.9669121 0.2122722 0.1414977 -0.6137198 0.6845275 0.3934084 -0.7625058 -0.2987258 0.5738884 -0.2285069 -0.4727926 0.8510298 -0.5744506 0.6452577 0.503636 -0.2128968 -0.4179405 0.8831765 -0.4800932 0.1416527 0.865705 -0.06324082 0.06324523 0.9959924 -0.09493231 0.1186301 0.9883901 0.04705286 0.6660589 0.7444136 -0.03937238 0.5830146 0.8115072 -0.5217423 0.7431001 0.4190315 -0.9096963 0.1265353 0.3955271 -0.5059 0.3952413 0.7667135 0.007894515 0.6455641 0.7636653 -0.6287046 0.1886339 0.7544189 -0.6843404 -0.4955556 0.5348859 -0.3299611 0.3614245 0.8720654 -0.5831932 -0.03152859 0.8117214 -0.4573036 0.228652 0.8594137 -0.3766674 -0.02361023 0.9260477 -0.1649815 -0.5028148 0.8485036 0.2275874 0.03144109 0.97325 -0.2450527 0.1581407 0.9565253 -0.7943724 0.4561923 0.4010747 -0.8077642 -0.3215289 0.4941015 -0.7328162 0.3230618 0.598842 -0.1651907 0.3932445 0.9044727 -0.7298861 -0.3845986 0.565111 -0.3069118 -0.8263472 0.4721817 -0.1337549 0.2753337 0.9519985 -0.2604448 -0.8129147 0.5209012 -0.2356764 -0.3377883 0.9112386 0.1106065 -0.5925065 0.7979363 0.1026632 -0.5370855 0.8372572 0.4501716 -0.03159922 0.8923828 0.3472565 -0.1104952 0.9312378 -0.05508434 0.3856613 0.9209946 -0.6853653 0.07088458 0.7247412 -0.157405 -0.08654868 0.9837342 0.4084351 -0.05498498 0.9111298 -0.3614668 -0.1964254 0.9114597 -0.7603502 -0.5148202 0.3960151 1.32378e-5 -0.2277132 0.9737282 -0.4160799 -0.4003645 0.8164471 -0.1805704 -0.2826461 0.9420751 -0.2207449 -0.5282602 0.819886 -0.2600556 -0.8668024 0.4254699 0.3472328 -0.6786851 0.6471599 -0.01578599 -0.4503059 0.8927348 -0.6934127 0.7170432 0.07090806 -0.8797374 0.06284135 0.4712888 -0.6692467 0.6692523 0.3228164 -0.1178828 0.7622212 0.6364925 -0.8180778 0.03146314 0.5742465 -0.4956708 -0.4799562 0.7238457 -0.1098474 0.6747895 0.7297896 -0.4565708 -0.4565876 0.7635909 -0.3466084 0.1260507 0.929502 -0.05516743 -0.2049071 0.9772255 -0.0549311 -0.1411755 0.9884595 0.3928629 0.2671173 0.8799472 0.2742806 0.2350698 0.9324765 -0.0156902 0.7451305 0.6667341 -0.6843338 0.4955609 0.5348895 -0.2129873 0.362898 0.9071612 0.3469026 0.2680467 0.8987823 -0.439397 0.2746581 0.8552739 -0.866919 -0.1576251 0.4728698 -0.09407812 0.2118086 0.9727726 -0.5261324 0.06282705 0.8480788 -0.2753778 0.1809667 0.9441494 -0.3620956 -0.07875818 0.9288079 -0.4578869 -0.544735 0.7025692 0.1579864 -0.3870394 0.9084278 -0.1490784 -0.01568502 0.988701 0.8756614 -0.3786587 0.2997246 0.7253103 0.3390049 0.5991667 0.7883764 -0.3153576 0.5282162 0.2521887 -0.583117 0.7722535 0.6372731 0.3540587 0.6844893 0.126082 0.7170441 0.6855298 0.1960629 -0.4940776 0.8470224 0.09430414 0.6759174 0.7309189 0.1734718 0.1182731 0.9777111 -0.220301 0.3225875 0.9205459 -0.2044593 0.259534 0.9438425 -0.4330229 -0.2991763 0.8502852 -0.3528643 -0.2195472 0.9095526 0.1411763 -0.603965 0.7844079 0.6935415 -0.1260746 0.7092993 0.1420369 -0.1499319 0.9784406 -0.4013659 -0.2754309 0.8735235 0.3233588 0.007852435 0.9462438 0.6385288 0.5282007 0.5597187 -0.03939968 -0.04712587 0.9981117 0.3301908 0.2437024 0.9119119 0.1260544 0.04718005 0.9909008 0.1100249 0.314343 0.9429121 0.07855927 0.7541421 0.6519955 -0.4728441 0.3940286 0.7881369 -0.07120007 0.181873 0.9807409 0.6898256 0.6036052 0.3997519 -0.02355748 0.6990101 0.7147237 0.5992497 0.5124975 0.6150172 0.6285405 -0.1099826 0.7699615 -0.07863426 0.613117 0.7860688 -0.6062025 0.2912963 0.7400439 0.5288548 -0.1420941 0.8367329 -0.5905528 0.2362137 0.7716544 -0.047113 0.05499565 0.9973745 -0.3858408 -0.2126341 0.897727 -0.3219729 -0.2277448 0.9189482 0.1023146 -0.6376134 0.7635319 0.05523413 -0.5447316 0.8367896 0.611326 -0.2194901 0.7603319 0.3849284 0.4714038 0.7934787 0.1970508 -0.07880288 0.9772212 0.09463644 -0.6073679 0.7887637 0.1177299 0.1569223 0.9805688 -0.2368354 0.7025942 0.6710219 0.03157156 -0.2051469 0.9782219 -0.09451162 0.2599495 0.960986 -1.34126e-5 -0.01573789 0.9998763 -0.2436528 0.07860928 0.9666715 -0.6613547 0.2677073 0.7006731 -0.5493126 -0.3924074 0.737748 -0.1971697 -0.1419553 0.9700376 0.951906 -0.2281616 0.204493 0.7715579 0.5117352 0.3779227 0.8956339 -0.1335734 0.4242616 0.4420626 -0.378883 0.8130366 0.6934021 0.5437296 0.4728125 0.1573035 0.8495884 0.5034433 0.3871462 -0.2844252 0.877052 0.1265981 0.8229096 0.5538886 0.3141212 0.3376424 0.8873137 -0.1024157 0.4884088 0.8665841 -0.07873666 0.433165 0.8978689 -0.2527932 -0.1500826 0.9558091 -0.1731703 -0.04721724 0.9837595 0.3399029 -0.4110404 0.8458794 0.8091021 0.08643901 0.5812765 0.3154347 0.07095712 0.9462907 -0.2204345 -0.1180668 0.9682298 0.4719759 0.2359352 0.8494547 0.6549903 0.68655 0.3156531 0.1339485 0.1654428 0.9770807 0.4413038 0.4570439 0.7722448 0.2760977 0.2681945 0.9229528 0.2285959 0.5124246 0.8277469 0.09437406 0.8808127 0.463964 -0.3778939 0.5117262 0.771578 0.06313014 0.3787982 0.9233236 0.9499047 0.2826235 0.133435 0.479953 0.4956612 0.7238544 0.9192929 0.1728783 0.3535727 0.7837442 -0.4545631 0.4232226 0.4316008 0.4159061 0.8004643 -0.1568168 0.2744268 0.9487352 0.7099434 -0.4654217 0.528548 -0.1492167 0.2120047 0.9658097 0.3377077 -0.1649146 0.9266912 -0.0863896 -0.2985205 0.9504854 -0.02353698 -0.3302474 0.943601 0.1413921 -0.8012911 0.5813269 0.1644865 -0.7129693 0.6816297 0.7233899 -0.5504385 0.4168029 0.7832211 0.1582375 0.6012701 0.496452 -0.3467069 0.7958202 0.1576428 -0.7726432 0.6149563 0.5032706 -0.1100632 0.857091 0.2765916 0.5689822 0.7744395 0.3063009 -0.416311 0.8560754 0.3533243 0.04711848 0.9343135 0.3534423 -0.2434853 0.9032129 0.1575371 -0.07087892 0.9849662 -0.2276661 0.2747702 0.9341679 -0.3454555 -0.3847913 0.8559184 0.1261031 -0.2995011 0.9457257 0.2206071 0.7091156 0.6696922 -0.2527729 0.1500858 0.955814 0.2762131 0.5129175 0.8127866 0.7490937 0.10251 0.6544848 -0.2126489 0.03146153 0.9766221 -0.3944017 -0.5206166 0.7572357 0.7148146 -0.01575165 0.6991367 -0.3382838 -0.5506886 0.7630898 0.2353969 -0.3609384 0.9023923 0.1414585 -0.7307146 0.6678665 0.1969522 -0.7010577 0.685367 0.7168422 -0.5908279 0.3702157 0.64438 -0.5894041 0.4872138 0.8016578 0.0235421 0.5973196 0.2055823 0.2688471 0.9409874 0.4805592 -0.2678523 0.8350557 0.6918658 -0.5896493 0.4166958 0.2753725 -0.180912 0.9441615 -0.4185009 0.01576822 0.9080795 0.4413005 -0.4570686 0.772232 0.06316894 -0.2605872 0.9633817 0.3149443 -0.3700706 0.8739897 0.06300836 -0.4806734 0.8746331 -0.4261934 -0.5602962 0.7102307 0.08662039 -0.8972651 0.4329113 0.2432897 -0.580715 0.7769042 0.8817785 0.4566469 0.1180688 0.3307112 0.7165328 0.614175 0.8442035 0.3944701 0.362924 0.8020354 -0.2122818 0.5582793 0.290736 0.6443897 0.7072726 -0.283779 0.4413891 0.851261 0.7204778 -0.2192704 0.6578999 -0.2679473 0.3861556 0.8826597 0.2764142 0.1026694 0.9555388 -0.1263659 -0.09481376 0.9874422 -0.06288921 -0.1179669 0.9910241 0.2046682 -0.6219971 0.755798 0.204652 -0.5116911 0.8344398 0.7589348 -0.3162183 0.569231 0.6941222 0.4101515 0.5915828 0.4646307 -0.07875609 0.8819954 0.2120779 -0.5813159 0.7855539 0.4347231 0.166001 0.8851325 0.1178593 0.7622169 0.6365019 0.2834131 -0.1653389 0.9446375 0.2529906 0.3083471 0.9170157 0.2995273 0.02365857 0.9537943 0.07851332 0.1728156 0.9818199 -0.3549284 0.4337998 0.8281567 -0.3634811 -0.2370873 0.900928 0.07897621 -0.06318545 0.9948721 0.7069419 0.7068794 0.02355325 0.706934 0.706887 -0.02355945 0.9999691 -2.3997e-6 -0.007873713 0.9997211 -2.05301e-5 -0.02362126 0.7069249 0.7068967 -0.02354538 0.7067598 -0.7067559 -0.03141129 0.9999691 9.4506e-6 -0.007868468 0.706949 0.7068718 0.02356719 0.9992283 -8.38838e-7 0.03928095 0.7070373 -0.7070018 -0.01570767 2.16245e-7 -0.9992241 -0.03938484 0.7070792 -0.7070907 0.007856428 0.7068915 -0.7069295 0.02356392 -4.3367e-6 -1 -8.33374e-7 -0.7067701 -0.7067456 -0.03141224 -1.35325e-5 -0.999876 0.0157473 4.93857e-6 -0.9999691 -0.007874071 -0.7070028 -0.7070367 0.01568681 -0.9999691 2.56019e-5 -0.007864832 -0.7070754 -0.7070945 0.0078637 -0.7065504 -0.7065732 -0.03925412 -0.999876 -2.10144e-5 0.01575136 -0.7069038 0.7069172 0.0235604 -0.9999691 2.61857e-5 -0.007860422 -0.998486 -2.44145e-7 -0.0550087 -0.7070787 0.7070913 0.007854759 -4.93104e-7 0.9994996 0.03163295 -0.7068868 0.7069346 -0.02355229 -0.7065845 0.7065393 -0.03925144 1.64206e-5 0.999969 -0.007879674 0.706897 0.7069242 0.02355355 0.7068878 0.7069336 -0.02355206 3.25529e-5 0.9997211 -0.02362233 -1.88779e-6 0.9999694 -0.007827579 0.7068774 0.7069432 -0.02357172 0.7068979 0.7069232 0.02355736 0 0 -1 -5.87855e-7 0 -1 0 0 1 2.07138e-6 0 1 6.56012e-7 0 1 -3.43515e-6 0 1</float_array>
          <technique_common>
            <accessor source="#SM_KB3D_MTM_PropCropTomatoes_A_Main-mesh-normals-array" count="2383" stride="3">
              <param name="X" type="float"/>
              <param name="Y" type="float"/>
              <param name="Z" type="float"/>
            </accessor>
          </technique_common>
        </source>
        <source id="SM_KB3D_MTM_PropCropTomatoes_A_Main-mesh-map-0">
          <float_array id="SM_KB3D_MTM_PropCropTomatoes_A_Main-mesh-map-0-array" count="18744">0.1418586 0.009268105 0.1602935 0.009912848 0.1608061 0.0204975 0.1403512 0.01985996 0.1418586 0.009268105 0.1608061 0.0204975 0.1403512 0.01985996 0.1608061 0.0204975 0.1610777 0.02610504 0.1395527 0.02547132 0.1403512 0.01985996 0.1610777 0.02610504 0.1395527 0.02547132 0.1610777 0.02610504 0.1614081 0.03292763 0.1385811 0.03229856 0.1395527 0.02547132 0.1614081 0.03292763 0.1385811 0.03229856 0.1614081 0.03292763 0.1622843 0.05101788 0.1360049 0.05040115 0.1385811 0.03229856 0.1622843 0.05101788 0.1360049 0.05040115 0.1622843 0.05101788 0.1642247 0.09108197 0.1302995 0.0904926 0.1360049 0.05040115 0.1642247 0.09108197 0.1485253 0.1399651 0.1302995 0.0904926 0.1642247 0.09108197 0.1485253 0.1399651 0.1642247 0.09108197 0.2306116 0.1424021 0.1485253 0.1399651 0.05920964 0.1373134 0.1302995 0.0904926 0.1485253 0.1399651 0.2306116 0.1424021 0.2570769 0.1922665 0.02794259 0.1917474 0.05920964 0.1373134 0.1485253 0.1399651 0.147342 0.1920179 0.02794259 0.1917474 0.1485253 0.1399651 0.147342 0.1920179 0.1485253 0.1399651 0.2570769 0.1922665 0.02794259 0.1917474 0.147342 0.1920179 0.01074546 0.3057066 0.147342 0.1920179 0.2570769 0.1922665 0.1418698 0.3113424 0.147342 0.1920179 0.1418698 0.3113424 0.01074546 0.3057066 0.2570769 0.1922665 0.2623807 0.3165219 0.1418698 0.3113424 0.01074546 0.3057066 0.1418698 0.3113424 0.142274 0.5043128 0.142274 0.5043128 0.1418698 0.3113424 0.2623807 0.3165219 0.1418586 0.009268105 0.1602935 0.009912848 0.1622843 0.05101788 0.1360049 0.05040115 0.1418586 0.009268105 0.1622843 0.05101788 0.1360049 0.05040115 0.1622843 0.05101788 0.1642247 0.09108197 0.1302995 0.0904926 0.1360049 0.05040115 0.1642247 0.09108197 0.1485253 0.1399651 0.1302995 0.0904926 0.1642247 0.09108197 0.1485253 0.1399651 0.1642247 0.09108197 0.2306116 0.1424021 0.1485253 0.1399651 0.05920964 0.1373134 0.1302995 0.0904926 0.1485253 0.1399651 0.2306116 0.1424021 0.2570769 0.1922665 0.02794259 0.1917474 0.05920964 0.1373134 0.1485253 0.1399651 0.147342 0.1920179 0.02794259 0.1917474 0.1485253 0.1399651 0.147342 0.1920179 0.1485253 0.1399651 0.2570769 0.1922665 0.02794259 0.1917474 0.147342 0.1920179 0.01074546 0.3057066 0.147342 0.1920179 0.2570769 0.1922665 0.1418698 0.3113424 0.147342 0.1920179 0.1418698 0.3113424 0.01074546 0.3057066 0.2570769 0.1922665 0.2623807 0.3165219 0.1418698 0.3113424 0.01074546 0.3057066 0.1418698 0.3113424 0.142274 0.5043128 0.142274 0.5043128 0.1418698 0.3113424 0.2623807 0.3165219 0.1418586 0.009268105 0.1602935 0.009912848 0.1622843 0.05101788 0.1360049 0.05040115 0.1418586 0.009268105 0.1622843 0.05101788 0.1360049 0.05040115 0.1622843 0.05101788 0.1642247 0.09108197 0.1302995 0.0904926 0.1360049 0.05040115 0.1642247 0.09108197 0.1485253 0.1399651 0.1302995 0.0904926 0.1642247 0.09108197 0.1485253 0.1399651 0.1642247 0.09108197 0.2306116 0.1424021 0.1485253 0.1399651 0.05920964 0.1373134 0.1302995 0.0904926 0.1485253 0.1399651 0.2306116 0.1424021 0.2570769 0.1922665 0.02794259 0.1917474 0.05920964 0.1373134 0.1485253 0.1399651 0.147342 0.1920179 0.02794259 0.1917474 0.1485253 0.1399651 0.147342 0.1920179 0.1485253 0.1399651 0.2570769 0.1922665 0.02794259 0.1917474 0.147342 0.1920179 0.01074546 0.3057066 0.147342 0.1920179 0.2570769 0.1922665 0.1418698 0.3113424 0.147342 0.1920179 0.1418698 0.3113424 0.01074546 0.3057066 0.2570769 0.1922665 0.2623807 0.3165219 0.1418698 0.3113424 0.01074546 0.3057066 0.1418698 0.3113424 0.142274 0.5043128 0.142274 0.5043128 0.1418698 0.3113424 0.2623807 0.3165219 0.1418586 0.009268105 0.1602935 0.009912848 0.1622843 0.05101788 0.1360049 0.05040115 0.1418586 0.009268105 0.1622843 0.05101788 0.1360049 0.05040115 0.1622843 0.05101788 0.1642247 0.09108197 0.1302995 0.0904926 0.1360049 0.05040115 0.1642247 0.09108197 0.1485253 0.1399651 0.1302995 0.0904926 0.1642247 0.09108197 0.1485253 0.1399651 0.1642247 0.09108197 0.2306116 0.1424021 0.1485253 0.1399651 0.05920964 0.1373134 0.1302995 0.0904926 0.1485253 0.1399651 0.2306116 0.1424021 0.2570769 0.1922665 0.02794259 0.1917474 0.05920964 0.1373134 0.1485253 0.1399651 0.147342 0.1920179 0.02794259 0.1917474 0.1485253 0.1399651 0.147342 0.1920179 0.1485253 0.1399651 0.2570769 0.1922665 0.02794259 0.1917474 0.147342 0.1920179 0.01074546 0.3057066 0.147342 0.1920179 0.2570769 0.1922665 0.1418698 0.3113424 0.147342 0.1920179 0.1418698 0.3113424 0.01074546 0.3057066 0.2570769 0.1922665 0.2623807 0.3165219 0.1418698 0.3113424 0.01074546 0.3057066 0.1418698 0.3113424 0.142274 0.5043128 0.142274 0.5043128 0.1418698 0.3113424 0.2623807 0.3165219 0.1418586 0.009268105 0.1602935 0.009912848 0.1622843 0.05101788 0.1360049 0.05040115 0.1418586 0.009268105 0.1622843 0.05101788 0.1360049 0.05040115 0.1622843 0.05101788 0.1642247 0.09108197 0.1302995 0.0904926 0.1360049 0.05040115 0.1642247 0.09108197 0.1485253 0.1399651 0.1302995 0.0904926 0.1642247 0.09108197 0.1485253 0.1399651 0.1642247 0.09108197 0.2306116 0.1424021 0.1485253 0.1399651 0.05920964 0.1373134 0.1302995 0.0904926 0.1485253 0.1399651 0.2306116 0.1424021 0.2570769 0.1922665 0.02794259 0.1917474 0.05920964 0.1373134 0.1485253 0.1399651 0.147342 0.1920179 0.02794259 0.1917474 0.1485253 0.1399651 0.147342 0.1920179 0.1485253 0.1399651 0.2570769 0.1922665 0.02794259 0.1917474 0.147342 0.1920179 0.01074546 0.3057066 0.147342 0.1920179 0.2570769 0.1922665 0.1418698 0.3113424 0.147342 0.1920179 0.1418698 0.3113424 0.01074546 0.3057066 0.2570769 0.1922665 0.2623807 0.3165219 0.1418698 0.3113424 0.01074546 0.3057066 0.1418698 0.3113424 0.142274 0.5043128 0.142274 0.5043128 0.1418698 0.3113424 0.2623807 0.3165219 0.1418586 0.009268105 0.1602935 0.009912848 0.1608061 0.0204975 0.1403512 0.01985996 0.1418586 0.009268105 0.1608061 0.0204975 0.1403512 0.01985996 0.1608061 0.0204975 0.1610777 0.02610504 0.1395527 0.02547132 0.1403512 0.01985996 0.1610777 0.02610504 0.1395527 0.02547132 0.1610777 0.02610504 0.1614081 0.03292763 0.1385811 0.03229856 0.1395527 0.02547132 0.1614081 0.03292763 0.1385811 0.03229856 0.1614081 0.03292763 0.1622843 0.05101788 0.1360049 0.05040115 0.1385811 0.03229856 0.1622843 0.05101788 0.1360049 0.05040115 0.1622843 0.05101788 0.1642247 0.09108197 0.1302995 0.0904926 0.1360049 0.05040115 0.1642247 0.09108197 0.1485253 0.1399651 0.1302995 0.0904926 0.1642247 0.09108197 0.1485253 0.1399651 0.1642247 0.09108197 0.2306116 0.1424021 0.1485253 0.1399651 0.05920964 0.1373134 0.1302995 0.0904926 0.1485253 0.1399651 0.2306116 0.1424021 0.2570769 0.1922665 0.02794259 0.1917474 0.05920964 0.1373134 0.1485253 0.1399651 0.147342 0.1920179 0.02794259 0.1917474 0.1485253 0.1399651 0.147342 0.1920179 0.1485253 0.1399651 0.2570769 0.1922665 0.02794259 0.1917474 0.147342 0.1920179 0.01074546 0.3057066 0.147342 0.1920179 0.2570769 0.1922665 0.1418698 0.3113424 0.147342 0.1920179 0.1418698 0.3113424 0.01074546 0.3057066 0.2570769 0.1922665 0.2623807 0.3165219 0.1418698 0.3113424 0.01074546 0.3057066 0.1418698 0.3113424 0.142274 0.5043128 0.142274 0.5043128 0.1418698 0.3113424 0.2623807 0.3165219 0.1418586 0.009268105 0.1602935 0.009912848 0.1622843 0.05101788 0.1360049 0.05040115 0.1418586 0.009268105 0.1622843 0.05101788 0.1360049 0.05040115 0.1622843 0.05101788 0.1642247 0.09108197 0.1302995 0.0904926 0.1360049 0.05040115 0.1642247 0.09108197 0.1485253 0.1399651 0.1302995 0.0904926 0.1642247 0.09108197 0.1485253 0.1399651 0.1642247 0.09108197 0.2306116 0.1424021 0.1485253 0.1399651 0.05920964 0.1373134 0.1302995 0.0904926 0.1485253 0.1399651 0.2306116 0.1424021 0.2570769 0.1922665 0.02794259 0.1917474 0.05920964 0.1373134 0.1485253 0.1399651 0.147342 0.1920179 0.02794259 0.1917474 0.1485253 0.1399651 0.147342 0.1920179 0.1485253 0.1399651 0.2570769 0.1922665 0.02794259 0.1917474 0.147342 0.1920179 0.01074546 0.3057066 0.147342 0.1920179 0.2570769 0.1922665 0.1418698 0.3113424 0.147342 0.1920179 0.1418698 0.3113424 0.01074546 0.3057066 0.2570769 0.1922665 0.2623807 0.3165219 0.1418698 0.3113424 0.01074546 0.3057066 0.1418698 0.3113424 0.142274 0.5043128 0.142274 0.5043128 0.1418698 0.3113424 0.2623807 0.3165219 0.1418586 0.009268105 0.1602935 0.009912848 0.1622843 0.05101788 0.1360049 0.05040115 0.1418586 0.009268105 0.1622843 0.05101788 0.1360049 0.05040115 0.1622843 0.05101788 0.1642247 0.09108197 0.1302995 0.0904926 0.1360049 0.05040115 0.1642247 0.09108197 0.1485253 0.1399651 0.1302995 0.0904926 0.1642247 0.09108197 0.1485253 0.1399651 0.1642247 0.09108197 0.2306116 0.1424021 0.1485253 0.1399651 0.05920964 0.1373134 0.1302995 0.0904926 0.1485253 0.1399651 0.2306116 0.1424021 0.2570769 0.1922665 0.02794259 0.1917474 0.05920964 0.1373134 0.1485253 0.1399651 0.147342 0.1920179 0.02794259 0.1917474 0.1485253 0.1399651 0.147342 0.1920179 0.1485253 0.1399651 0.2570769 0.1922665 0.02794259 0.1917474 0.147342 0.1920179 0.01074546 0.3057066 0.147342 0.1920179 0.2570769 0.1922665 0.1418698 0.3113424 0.147342 0.1920179 0.1418698 0.3113424 0.01074546 0.3057066 0.2570769 0.1922665 0.2623807 0.3165219 0.1418698 0.3113424 0.01074546 0.3057066 0.1418698 0.3113424 0.142274 0.5043128 0.142274 0.5043128 0.1418698 0.3113424 0.2623807 0.3165219 0.1418586 0.009268105 0.1602935 0.009912848 0.1622843 0.05101788 0.1360049 0.05040115 0.1418586 0.009268105 0.1622843 0.05101788 0.1360049 0.05040115 0.1622843 0.05101788 0.1642247 0.09108197 0.1302995 0.0904926 0.1360049 0.05040115 0.1642247 0.09108197 0.1485253 0.1399651 0.1302995 0.0904926 0.1642247 0.09108197 0.1485253 0.1399651 0.1642247 0.09108197 0.2306116 0.1424021 0.1485253 0.1399651 0.05920964 0.1373134 0.1302995 0.0904926 0.1485253 0.1399651 0.2306116 0.1424021 0.2570769 0.1922665 0.02794259 0.1917474 0.05920964 0.1373134 0.1485253 0.1399651 0.147342 0.1920179 0.02794259 0.1917474 0.1485253 0.1399651 0.147342 0.1920179 0.1485253 0.1399651 0.2570769 0.1922665 0.02794259 0.1917474 0.147342 0.1920179 0.01074546 0.3057066 0.147342 0.1920179 0.2570769 0.1922665 0.1418698 0.3113424 0.147342 0.1920179 0.1418698 0.3113424 0.01074546 0.3057066 0.2570769 0.1922665 0.2623807 0.3165219 0.1418698 0.3113424 0.01074546 0.3057066 0.1418698 0.3113424 0.142274 0.5043128 0.142274 0.5043128 0.1418698 0.3113424 0.2623807 0.3165219 0.1418586 0.009268105 0.1602935 0.009912848 0.1622843 0.05101788 0.1360049 0.05040115 0.1418586 0.009268105 0.1622843 0.05101788 0.1360049 0.05040115 0.1622843 0.05101788 0.1642247 0.09108197 0.1302995 0.0904926 0.1360049 0.05040115 0.1642247 0.09108197 0.1485253 0.1399651 0.1302995 0.0904926 0.1642247 0.09108197 0.1485253 0.1399651 0.1642247 0.09108197 0.2306116 0.1424021 0.1485253 0.1399651 0.05920964 0.1373134 0.1302995 0.0904926 0.1485253 0.1399651 0.2306116 0.1424021 0.2570769 0.1922665 0.02794259 0.1917474 0.05920964 0.1373134 0.1485253 0.1399651 0.147342 0.1920179 0.02794259 0.1917474 0.1485253 0.1399651 0.147342 0.1920179 0.1485253 0.1399651 0.2570769 0.1922665 0.02794259 0.1917474 0.147342 0.1920179 0.01074546 0.3057066 0.147342 0.1920179 0.2570769 0.1922665 0.1418698 0.3113424 0.147342 0.1920179 0.1418698 0.3113424 0.01074546 0.3057066 0.2570769 0.1922665 0.2623807 0.3165219 0.1418698 0.3113424 0.01074546 0.3057066 0.1418698 0.3113424 0.142274 0.5043128 0.142274 0.5043128 0.1418698 0.3113424 0.2623807 0.3165219 0.1418586 0.009268105 0.1602935 0.009912848 0.1608061 0.0204975 0.1403512 0.01985996 0.1418586 0.009268105 0.1608061 0.0204975 0.1403512 0.01985996 0.1608061 0.0204975 0.1610777 0.02610504 0.1395527 0.02547132 0.1403512 0.01985996 0.1610777 0.02610504 0.1395527 0.02547132 0.1610777 0.02610504 0.1614081 0.03292763 0.1385811 0.03229856 0.1395527 0.02547132 0.1614081 0.03292763 0.1385811 0.03229856 0.1614081 0.03292763 0.1622843 0.05101788 0.1360049 0.05040115 0.1385811 0.03229856 0.1622843 0.05101788 0.1360049 0.05040115 0.1622843 0.05101788 0.1642247 0.09108197 0.1302995 0.0904926 0.1360049 0.05040115 0.1642247 0.09108197 0.1485253 0.1399651 0.1302995 0.0904926 0.1642247 0.09108197 0.1485253 0.1399651 0.1642247 0.09108197 0.2306116 0.1424021 0.1485253 0.1399651 0.05920964 0.1373134 0.1302995 0.0904926 0.1485253 0.1399651 0.2306116 0.1424021 0.2570769 0.1922665 0.02794259 0.1917474 0.05920964 0.1373134 0.1485253 0.1399651 0.147342 0.1920179 0.02794259 0.1917474 0.1485253 0.1399651 0.147342 0.1920179 0.1485253 0.1399651 0.2570769 0.1922665 0.02794259 0.1917474 0.147342 0.1920179 0.01074546 0.3057066 0.147342 0.1920179 0.2570769 0.1922665 0.1418698 0.3113424 0.147342 0.1920179 0.1418698 0.3113424 0.01074546 0.3057066 0.2570769 0.1922665 0.2623807 0.3165219 0.1418698 0.3113424 0.01074546 0.3057066 0.1418698 0.3113424 0.142274 0.5043128 0.142274 0.5043128 0.1418698 0.3113424 0.2623807 0.3165219 0.1418586 0.009268105 0.1602935 0.009912848 0.1622843 0.05101788 0.1360049 0.05040115 0.1418586 0.009268105 0.1622843 0.05101788 0.1360049 0.05040115 0.1622843 0.05101788 0.1642247 0.09108197 0.1302995 0.0904926 0.1360049 0.05040115 0.1642247 0.09108197 0.1485253 0.1399651 0.1302995 0.0904926 0.1642247 0.09108197 0.1485253 0.1399651 0.1642247 0.09108197 0.2306116 0.1424021 0.1485253 0.1399651 0.05920964 0.1373134 0.1302995 0.0904926 0.1485253 0.1399651 0.2306116 0.1424021 0.2570769 0.1922665 0.02794259 0.1917474 0.05920964 0.1373134 0.1485253 0.1399651 0.147342 0.1920179 0.02794259 0.1917474 0.1485253 0.1399651 0.147342 0.1920179 0.1485253 0.1399651 0.2570769 0.1922665 0.02794259 0.1917474 0.147342 0.1920179 0.01074546 0.3057066 0.147342 0.1920179 0.2570769 0.1922665 0.1418698 0.3113424 0.147342 0.1920179 0.1418698 0.3113424 0.01074546 0.3057066 0.2570769 0.1922665 0.2623807 0.3165219 0.1418698 0.3113424 0.01074546 0.3057066 0.1418698 0.3113424 0.142274 0.5043128 0.142274 0.5043128 0.1418698 0.3113424 0.2623807 0.3165219 0.1418586 0.009268105 0.1602935 0.009912848 0.1622843 0.05101788 0.1360049 0.05040115 0.1418586 0.009268105 0.1622843 0.05101788 0.1360049 0.05040115 0.1622843 0.05101788 0.1642247 0.09108197 0.1302995 0.0904926 0.1360049 0.05040115 0.1642247 0.09108197 0.1485253 0.1399651 0.1302995 0.0904926 0.1642247 0.09108197 0.1485253 0.1399651 0.1642247 0.09108197 0.2306116 0.1424021 0.1485253 0.1399651 0.05920964 0.1373134 0.1302995 0.0904926 0.1485253 0.1399651 0.2306116 0.1424021 0.2570769 0.1922665 0.02794259 0.1917474 0.05920964 0.1373134 0.1485253 0.1399651 0.147342 0.1920179 0.02794259 0.1917474 0.1485253 0.1399651 0.147342 0.1920179 0.1485253 0.1399651 0.2570769 0.1922665 0.02794259 0.1917474 0.147342 0.1920179 0.01074546 0.3057066 0.147342 0.1920179 0.2570769 0.1922665 0.1418698 0.3113424 0.147342 0.1920179 0.1418698 0.3113424 0.01074546 0.3057066 0.2570769 0.1922665 0.2623807 0.3165219 0.1418698 0.3113424 0.01074546 0.3057066 0.1418698 0.3113424 0.142274 0.5043128 0.142274 0.5043128 0.1418698 0.3113424 0.2623807 0.3165219 0.1418586 0.009268105 0.1602935 0.009912848 0.1622843 0.05101788 0.1360049 0.05040115 0.1418586 0.009268105 0.1622843 0.05101788 0.1360049 0.05040115 0.1622843 0.05101788 0.1642247 0.09108197 0.1302995 0.0904926 0.1360049 0.05040115 0.1642247 0.09108197 0.1485253 0.1399651 0.1302995 0.0904926 0.1642247 0.09108197 0.1485253 0.1399651 0.1642247 0.09108197 0.2306116 0.1424021 0.1485253 0.1399651 0.05920964 0.1373134 0.1302995 0.0904926 0.1485253 0.1399651 0.2306116 0.1424021 0.2570769 0.1922665 0.02794259 0.1917474 0.05920964 0.1373134 0.1485253 0.1399651 0.147342 0.1920179 0.02794259 0.1917474 0.1485253 0.1399651 0.147342 0.1920179 0.1485253 0.1399651 0.2570769 0.1922665 0.02794259 0.1917474 0.147342 0.1920179 0.01074546 0.3057066 0.147342 0.1920179 0.2570769 0.1922665 0.1418698 0.3113424 0.147342 0.1920179 0.1418698 0.3113424 0.01074546 0.3057066 0.2570769 0.1922665 0.2623807 0.3165219 0.1418698 0.3113424 0.01074546 0.3057066 0.1418698 0.3113424 0.142274 0.5043128 0.142274 0.5043128 0.1418698 0.3113424 0.2623807 0.3165219 0.1418586 0.009268105 0.1602935 0.009912848 0.1622843 0.05101788 0.1360049 0.05040115 0.1418586 0.009268105 0.1622843 0.05101788 0.1360049 0.05040115 0.1622843 0.05101788 0.1642247 0.09108197 0.1302995 0.0904926 0.1360049 0.05040115 0.1642247 0.09108197 0.1485253 0.1399651 0.1302995 0.0904926 0.1642247 0.09108197 0.1485253 0.1399651 0.1642247 0.09108197 0.2306116 0.1424021 0.1485253 0.1399651 0.05920964 0.1373134 0.1302995 0.0904926 0.1485253 0.1399651 0.2306116 0.1424021 0.2570769 0.1922665 0.02794259 0.1917474 0.05920964 0.1373134 0.1485253 0.1399651 0.147342 0.1920179 0.02794259 0.1917474 0.1485253 0.1399651 0.147342 0.1920179 0.1485253 0.1399651 0.2570769 0.1922665 0.02794259 0.1917474 0.147342 0.1920179 0.01074546 0.3057066 0.147342 0.1920179 0.2570769 0.1922665 0.1418698 0.3113424 0.147342 0.1920179 0.1418698 0.3113424 0.01074546 0.3057066 0.2570769 0.1922665 0.2623807 0.3165219 0.1418698 0.3113424 0.01074546 0.3057066 0.1418698 0.3113424 0.142274 0.5043128 0.142274 0.5043128 0.1418698 0.3113424 0.2623807 0.3165219 0.1418586 0.009268105 0.1602935 0.009912848 0.1622843 0.05101788 0.1360049 0.05040115 0.1418586 0.009268105 0.1622843 0.05101788 0.1360049 0.05040115 0.1622843 0.05101788 0.1642247 0.09108197 0.1302995 0.0904926 0.1360049 0.05040115 0.1642247 0.09108197 0.1485253 0.1399651 0.1302995 0.0904926 0.1642247 0.09108197 0.1485253 0.1399651 0.1642247 0.09108197 0.2306116 0.1424021 0.1485253 0.1399651 0.05920964 0.1373134 0.1302995 0.0904926 0.1485253 0.1399651 0.2306116 0.1424021 0.2570769 0.1922665 0.02794259 0.1917474 0.05920964 0.1373134 0.1485253 0.1399651 0.147342 0.1920179 0.02794259 0.1917474 0.1485253 0.1399651 0.147342 0.1920179 0.1485253 0.1399651 0.2570769 0.1922665 0.02794259 0.1917474 0.147342 0.1920179 0.01074546 0.3057066 0.147342 0.1920179 0.2570769 0.1922665 0.1418698 0.3113424 0.147342 0.1920179 0.1418698 0.3113424 0.01074546 0.3057066 0.2570769 0.1922665 0.2623807 0.3165219 0.1418698 0.3113424 0.01074546 0.3057066 0.1418698 0.3113424 0.142274 0.5043128 0.142274 0.5043128 0.1418698 0.3113424 0.2623807 0.3165219 0.1418586 0.009268105 0.1602935 0.009912848 0.1622843 0.05101788 0.1360049 0.05040115 0.1418586 0.009268105 0.1622843 0.05101788 0.1360049 0.05040115 0.1622843 0.05101788 0.1642247 0.09108197 0.1302995 0.0904926 0.1360049 0.05040115 0.1642247 0.09108197 0.1485253 0.1399651 0.1302995 0.0904926 0.1642247 0.09108197 0.1485253 0.1399651 0.1642247 0.09108197 0.2306116 0.1424021 0.1485253 0.1399651 0.05920964 0.1373134 0.1302995 0.0904926 0.1485253 0.1399651 0.2306116 0.1424021 0.2570769 0.1922665 0.02794259 0.1917474 0.05920964 0.1373134 0.1485253 0.1399651 0.147342 0.1920179 0.02794259 0.1917474 0.1485253 0.1399651 0.147342 0.1920179 0.1485253 0.1399651 0.2570769 0.1922665 0.02794259 0.1917474 0.147342 0.1920179 0.01074546 0.3057066 0.147342 0.1920179 0.2570769 0.1922665 0.1418698 0.3113424 0.147342 0.1920179 0.1418698 0.3113424 0.01074546 0.3057066 0.2570769 0.1922665 0.2623807 0.3165219 0.1418698 0.3113424 0.01074546 0.3057066 0.1418698 0.3113424 0.142274 0.5043128 0.142274 0.5043128 0.1418698 0.3113424 0.2623807 0.3165219 0.1418586 0.009268105 0.1602935 0.009912848 0.1622843 0.05101788 0.1360049 0.05040115 0.1418586 0.009268105 0.1622843 0.05101788 0.1360049 0.05040115 0.1622843 0.05101788 0.1642247 0.09108197 0.1302995 0.0904926 0.1360049 0.05040115 0.1642247 0.09108197 0.1485253 0.1399651 0.1302995 0.0904926 0.1642247 0.09108197 0.1485253 0.1399651 0.1642247 0.09108197 0.2306116 0.1424021 0.1485253 0.1399651 0.05920964 0.1373134 0.1302995 0.0904926 0.1485253 0.1399651 0.2306116 0.1424021 0.2570769 0.1922665 0.02794259 0.1917474 0.05920964 0.1373134 0.1485253 0.1399651 0.147342 0.1920179 0.02794259 0.1917474 0.1485253 0.1399651 0.147342 0.1920179 0.1485253 0.1399651 0.2570769 0.1922665 0.02794259 0.1917474 0.147342 0.1920179 0.01074546 0.3057066 0.147342 0.1920179 0.2570769 0.1922665 0.1418698 0.3113424 0.147342 0.1920179 0.1418698 0.3113424 0.01074546 0.3057066 0.2570769 0.1922665 0.2623807 0.3165219 0.1418698 0.3113424 0.01074546 0.3057066 0.1418698 0.3113424 0.142274 0.5043128 0.142274 0.5043128 0.1418698 0.3113424 0.2623807 0.3165219 0.1418586 0.009268105 0.1602935 0.009912848 0.1622843 0.05101788 0.1360049 0.05040115 0.1418586 0.009268105 0.1622843 0.05101788 0.1360049 0.05040115 0.1622843 0.05101788 0.1642247 0.09108197 0.1302995 0.0904926 0.1360049 0.05040115 0.1642247 0.09108197 0.1485253 0.1399651 0.1302995 0.0904926 0.1642247 0.09108197 0.1485253 0.1399651 0.1642247 0.09108197 0.2306116 0.1424021 0.1485253 0.1399651 0.05920964 0.1373134 0.1302995 0.0904926 0.1485253 0.1399651 0.2306116 0.1424021 0.2570769 0.1922665 0.02794259 0.1917474 0.05920964 0.1373134 0.1485253 0.1399651 0.147342 0.1920179 0.02794259 0.1917474 0.1485253 0.1399651 0.147342 0.1920179 0.1485253 0.1399651 0.2570769 0.1922665 0.02794259 0.1917474 0.147342 0.1920179 0.01074546 0.3057066 0.147342 0.1920179 0.2570769 0.1922665 0.1418698 0.3113424 0.147342 0.1920179 0.1418698 0.3113424 0.01074546 0.3057066 0.2570769 0.1922665 0.2623807 0.3165219 0.1418698 0.3113424 0.01074546 0.3057066 0.1418698 0.3113424 0.142274 0.5043128 0.142274 0.5043128 0.1418698 0.3113424 0.2623807 0.3165219 0.1395527 0.02547132 0.1610777 0.02610504 0.1614081 0.03292763 0.1385811 0.03229856 0.1395527 0.02547132 0.1614081 0.03292763 0.1385811 0.03229856 0.1614081 0.03292763 0.1622843 0.05101788 0.1360049 0.05040115 0.1385811 0.03229856 0.1622843 0.05101788 0.1360049 0.05040115 0.1622843 0.05101788 0.1642247 0.09108197 0.1302995 0.0904926 0.1360049 0.05040115 0.1642247 0.09108197 0.1485253 0.1399651 0.1302995 0.0904926 0.1642247 0.09108197 0.1485253 0.1399651 0.1642247 0.09108197 0.2306116 0.1424021 0.1485253 0.1399651 0.05920964 0.1373134 0.1302995 0.0904926 0.1485253 0.1399651 0.2306116 0.1424021 0.2570769 0.1922665 0.02794259 0.1917474 0.05920964 0.1373134 0.1485253 0.1399651 0.147342 0.1920179 0.02794259 0.1917474 0.1485253 0.1399651 0.147342 0.1920179 0.1485253 0.1399651 0.2570769 0.1922665 0.02794259 0.1917474 0.147342 0.1920179 0.01074546 0.3057066 0.147342 0.1920179 0.2570769 0.1922665 0.1418698 0.3113424 0.147342 0.1920179 0.1418698 0.3113424 0.01074546 0.3057066 0.2570769 0.1922665 0.2623807 0.3165219 0.1418698 0.3113424 0.01074546 0.3057066 0.1418698 0.3113424 0.142274 0.5043128 0.142274 0.5043128 0.1418698 0.3113424 0.2623807 0.3165219 0.1418586 0.009268105 0.1602935 0.009912848 0.1608061 0.0204975 0.1403512 0.01985996 0.1418586 0.009268105 0.1608061 0.0204975 0.1403512 0.01985996 0.1608061 0.0204975 0.1610777 0.02610504 0.1395527 0.02547132 0.1403512 0.01985996 0.1610777 0.02610504 0.1395527 0.02547132 0.1610777 0.02610504 0.1614081 0.03292763 0.1385811 0.03229856 0.1395527 0.02547132 0.1614081 0.03292763 0.1385811 0.03229856 0.1614081 0.03292763 0.1622843 0.05101788 0.1360049 0.05040115 0.1385811 0.03229856 0.1622843 0.05101788 0.1360049 0.05040115 0.1622843 0.05101788 0.1642247 0.09108197 0.1302995 0.0904926 0.1360049 0.05040115 0.1642247 0.09108197 0.1485253 0.1399651 0.1302995 0.0904926 0.1642247 0.09108197 0.1485253 0.1399651 0.1642247 0.09108197 0.2306116 0.1424021 0.1485253 0.1399651 0.05920964 0.1373134 0.1302995 0.0904926 0.1485253 0.1399651 0.2306116 0.1424021 0.2570769 0.1922665 0.02794259 0.1917474 0.05920964 0.1373134 0.1485253 0.1399651 0.147342 0.1920179 0.02794259 0.1917474 0.1485253 0.1399651 0.147342 0.1920179 0.1485253 0.1399651 0.2570769 0.1922665 0.02794259 0.1917474 0.147342 0.1920179 0.01074546 0.3057066 0.147342 0.1920179 0.2570769 0.1922665 0.1418698 0.3113424 0.147342 0.1920179 0.1418698 0.3113424 0.01074546 0.3057066 0.2570769 0.1922665 0.2623807 0.3165219 0.1418698 0.3113424 0.01074546 0.3057066 0.1418698 0.3113424 0.142274 0.5043128 0.142274 0.5043128 0.1418698 0.3113424 0.2623807 0.3165219 0.1418586 0.009268105 0.1602935 0.009912848 0.1622843 0.05101788 0.1360049 0.05040115 0.1418586 0.009268105 0.1622843 0.05101788 0.1360049 0.05040115 0.1622843 0.05101788 0.1642247 0.09108197 0.1302995 0.0904926 0.1360049 0.05040115 0.1642247 0.09108197 0.1485253 0.1399651 0.1302995 0.0904926 0.1642247 0.09108197 0.1485253 0.1399651 0.1642247 0.09108197 0.2306116 0.1424021 0.1485253 0.1399651 0.05920964 0.1373134 0.1302995 0.0904926 0.1485253 0.1399651 0.2306116 0.1424021 0.2570769 0.1922665 0.02794259 0.1917474 0.05920964 0.1373134 0.1485253 0.1399651 0.147342 0.1920179 0.02794259 0.1917474 0.1485253 0.1399651 0.147342 0.1920179 0.1485253 0.1399651 0.2570769 0.1922665 0.02794259 0.1917474 0.147342 0.1920179 0.01074546 0.3057066 0.147342 0.1920179 0.2570769 0.1922665 0.1418698 0.3113424 0.147342 0.1920179 0.1418698 0.3113424 0.01074546 0.3057066 0.2570769 0.1922665 0.2623807 0.3165219 0.1418698 0.3113424 0.01074546 0.3057066 0.1418698 0.3113424 0.142274 0.5043128 0.142274 0.5043128 0.1418698 0.3113424 0.2623807 0.3165219 0.1418586 0.009268105 0.1602935 0.009912848 0.1622843 0.05101788 0.1360049 0.05040115 0.1418586 0.009268105 0.1622843 0.05101788 0.1360049 0.05040115 0.1622843 0.05101788 0.1642247 0.09108197 0.1302995 0.0904926 0.1360049 0.05040115 0.1642247 0.09108197 0.1485253 0.1399651 0.1302995 0.0904926 0.1642247 0.09108197 0.1485253 0.1399651 0.1642247 0.09108197 0.2306116 0.1424021 0.1485253 0.1399651 0.05920964 0.1373134 0.1302995 0.0904926 0.1485253 0.1399651 0.2306116 0.1424021 0.2570769 0.1922665 0.02794259 0.1917474 0.05920964 0.1373134 0.1485253 0.1399651 0.147342 0.1920179 0.02794259 0.1917474 0.1485253 0.1399651 0.147342 0.1920179 0.1485253 0.1399651 0.2570769 0.1922665 0.02794259 0.1917474 0.147342 0.1920179 0.01074546 0.3057066 0.147342 0.1920179 0.2570769 0.1922665 0.1418698 0.3113424 0.147342 0.1920179 0.1418698 0.3113424 0.01074546 0.3057066 0.2570769 0.1922665 0.2623807 0.3165219 0.1418698 0.3113424 0.01074546 0.3057066 0.1418698 0.3113424 0.142274 0.5043128 0.142274 0.5043128 0.1418698 0.3113424 0.2623807 0.3165219 0.1418586 0.009268105 0.1602935 0.009912848 0.1622843 0.05101788 0.1360049 0.05040115 0.1418586 0.009268105 0.1622843 0.05101788 0.1360049 0.05040115 0.1622843 0.05101788 0.1642247 0.09108197 0.1302995 0.0904926 0.1360049 0.05040115 0.1642247 0.09108197 0.1485253 0.1399651 0.1302995 0.0904926 0.1642247 0.09108197 0.1485253 0.1399651 0.1642247 0.09108197 0.2306116 0.1424021 0.1485253 0.1399651 0.05920964 0.1373134 0.1302995 0.0904926 0.1485253 0.1399651 0.2306116 0.1424021 0.2570769 0.1922665 0.02794259 0.1917474 0.05920964 0.1373134 0.1485253 0.1399651 0.147342 0.1920179 0.02794259 0.1917474 0.1485253 0.1399651 0.147342 0.1920179 0.1485253 0.1399651 0.2570769 0.1922665 0.02794259 0.1917474 0.147342 0.1920179 0.01074546 0.3057066 0.147342 0.1920179 0.2570769 0.1922665 0.1418698 0.3113424 0.147342 0.1920179 0.1418698 0.3113424 0.01074546 0.3057066 0.2570769 0.1922665 0.2623807 0.3165219 0.1418698 0.3113424 0.01074546 0.3057066 0.1418698 0.3113424 0.142274 0.5043128 0.142274 0.5043128 0.1418698 0.3113424 0.2623807 0.3165219 0.1418586 0.009268105 0.1602935 0.009912848 0.1622843 0.05101788 0.1360049 0.05040115 0.1418586 0.009268105 0.1622843 0.05101788 0.1360049 0.05040115 0.1622843 0.05101788 0.1642247 0.09108197 0.1302995 0.0904926 0.1360049 0.05040115 0.1642247 0.09108197 0.1485253 0.1399651 0.1302995 0.0904926 0.1642247 0.09108197 0.1485253 0.1399651 0.1642247 0.09108197 0.2306116 0.1424021 0.1485253 0.1399651 0.05920964 0.1373134 0.1302995 0.0904926 0.1485253 0.1399651 0.2306116 0.1424021 0.2570769 0.1922665 0.02794259 0.1917474 0.05920964 0.1373134 0.1485253 0.1399651 0.147342 0.1920179 0.02794259 0.1917474 0.1485253 0.1399651 0.147342 0.1920179 0.1485253 0.1399651 0.2570769 0.1922665 0.02794259 0.1917474 0.147342 0.1920179 0.01074546 0.3057066 0.147342 0.1920179 0.2570769 0.1922665 0.1418698 0.3113424 0.147342 0.1920179 0.1418698 0.3113424 0.01074546 0.3057066 0.2570769 0.1922665 0.2623807 0.3165219 0.1418698 0.3113424 0.01074546 0.3057066 0.1418698 0.3113424 0.142274 0.5043128 0.142274 0.5043128 0.1418698 0.3113424 0.2623807 0.3165219 0.1418586 0.009268105 0.1602935 0.009912848 0.1608061 0.0204975 0.1403512 0.01985996 0.1418586 0.009268105 0.1608061 0.0204975 0.1403512 0.01985996 0.1608061 0.0204975 0.1610777 0.02610504 0.1395527 0.02547132 0.1403512 0.01985996 0.1610777 0.02610504 0.1395527 0.02547132 0.1610777 0.02610504 0.1614081 0.03292763 0.1385811 0.03229856 0.1395527 0.02547132 0.1614081 0.03292763 0.1385811 0.03229856 0.1614081 0.03292763 0.1622843 0.05101788 0.1360049 0.05040115 0.1385811 0.03229856 0.1622843 0.05101788 0.1360049 0.05040115 0.1622843 0.05101788 0.1642247 0.09108197 0.1302995 0.0904926 0.1360049 0.05040115 0.1642247 0.09108197 0.1485253 0.1399651 0.1302995 0.0904926 0.1642247 0.09108197 0.1485253 0.1399651 0.1642247 0.09108197 0.2306116 0.1424021 0.1485253 0.1399651 0.05920964 0.1373134 0.1302995 0.0904926 0.1485253 0.1399651 0.2306116 0.1424021 0.2570769 0.1922665 0.02794259 0.1917474 0.05920964 0.1373134 0.1485253 0.1399651 0.147342 0.1920179 0.02794259 0.1917474 0.1485253 0.1399651 0.147342 0.1920179 0.1485253 0.1399651 0.2570769 0.1922665 0.02794259 0.1917474 0.147342 0.1920179 0.01074546 0.3057066 0.147342 0.1920179 0.2570769 0.1922665 0.1418698 0.3113424 0.147342 0.1920179 0.1418698 0.3113424 0.01074546 0.3057066 0.2570769 0.1922665 0.2623807 0.3165219 0.1418698 0.3113424 0.01074546 0.3057066 0.1418698 0.3113424 0.142274 0.5043128 0.142274 0.5043128 0.1418698 0.3113424 0.2623807 0.3165219 0.1418586 0.009268105 0.1602935 0.009912848 0.1622843 0.05101788 0.1360049 0.05040115 0.1418586 0.009268105 0.1622843 0.05101788 0.1360049 0.05040115 0.1622843 0.05101788 0.1642247 0.09108197 0.1302995 0.0904926 0.1360049 0.05040115 0.1642247 0.09108197 0.1485253 0.1399651 0.1302995 0.0904926 0.1642247 0.09108197 0.1485253 0.1399651 0.1642247 0.09108197 0.2306116 0.1424021 0.1485253 0.1399651 0.05920964 0.1373134 0.1302995 0.0904926 0.1485253 0.1399651 0.2306116 0.1424021 0.2570769 0.1922665 0.02794259 0.1917474 0.05920964 0.1373134 0.1485253 0.1399651 0.147342 0.1920179 0.02794259 0.1917474 0.1485253 0.1399651 0.147342 0.1920179 0.1485253 0.1399651 0.2570769 0.1922665 0.02794259 0.1917474 0.147342 0.1920179 0.01074546 0.3057066 0.147342 0.1920179 0.2570769 0.1922665 0.1418698 0.3113424 0.147342 0.1920179 0.1418698 0.3113424 0.01074546 0.3057066 0.2570769 0.1922665 0.2623807 0.3165219 0.1418698 0.3113424 0.01074546 0.3057066 0.1418698 0.3113424 0.142274 0.5043128 0.142274 0.5043128 0.1418698 0.3113424 0.2623807 0.3165219 0.1418586 0.009268105 0.1602935 0.009912848 0.1622843 0.05101788 0.1360049 0.05040115 0.1418586 0.009268105 0.1622843 0.05101788 0.1360049 0.05040115 0.1622843 0.05101788 0.1642247 0.09108197 0.1302995 0.0904926 0.1360049 0.05040115 0.1642247 0.09108197 0.1485253 0.1399651 0.1302995 0.0904926 0.1642247 0.09108197 0.1485253 0.1399651 0.1642247 0.09108197 0.2306116 0.1424021 0.1485253 0.1399651 0.05920964 0.1373134 0.1302995 0.0904926 0.1485253 0.1399651 0.2306116 0.1424021 0.2570769 0.1922665 0.02794259 0.1917474 0.05920964 0.1373134 0.1485253 0.1399651 0.147342 0.1920179 0.02794259 0.1917474 0.1485253 0.1399651 0.147342 0.1920179 0.1485253 0.1399651 0.2570769 0.1922665 0.02794259 0.1917474 0.147342 0.1920179 0.01074546 0.3057066 0.147342 0.1920179 0.2570769 0.1922665 0.1418698 0.3113424 0.147342 0.1920179 0.1418698 0.3113424 0.01074546 0.3057066 0.2570769 0.1922665 0.2623807 0.3165219 0.1418698 0.3113424 0.01074546 0.3057066 0.1418698 0.3113424 0.142274 0.5043128 0.142274 0.5043128 0.1418698 0.3113424 0.2623807 0.3165219 0.1418586 0.009268105 0.1602935 0.009912848 0.1622843 0.05101788 0.1360049 0.05040115 0.1418586 0.009268105 0.1622843 0.05101788 0.1360049 0.05040115 0.1622843 0.05101788 0.1642247 0.09108197 0.1302995 0.0904926 0.1360049 0.05040115 0.1642247 0.09108197 0.1485253 0.1399651 0.1302995 0.0904926 0.1642247 0.09108197 0.1485253 0.1399651 0.1642247 0.09108197 0.2306116 0.1424021 0.1485253 0.1399651 0.05920964 0.1373134 0.1302995 0.0904926 0.1485253 0.1399651 0.2306116 0.1424021 0.2570769 0.1922665 0.02794259 0.1917474 0.05920964 0.1373134 0.1485253 0.1399651 0.147342 0.1920179 0.02794259 0.1917474 0.1485253 0.1399651 0.147342 0.1920179 0.1485253 0.1399651 0.2570769 0.1922665 0.02794259 0.1917474 0.147342 0.1920179 0.01074546 0.3057066 0.147342 0.1920179 0.2570769 0.1922665 0.1418698 0.3113424 0.147342 0.1920179 0.1418698 0.3113424 0.01074546 0.3057066 0.2570769 0.1922665 0.2623807 0.3165219 0.1418698 0.3113424 0.01074546 0.3057066 0.1418698 0.3113424 0.142274 0.5043128 0.142274 0.5043128 0.1418698 0.3113424 0.2623807 0.3165219 0.1418586 0.009268105 0.1602935 0.009912848 0.1622843 0.05101788 0.1360049 0.05040115 0.1418586 0.009268105 0.1622843 0.05101788 0.1360049 0.05040115 0.1622843 0.05101788 0.1642247 0.09108197 0.1302995 0.0904926 0.1360049 0.05040115 0.1642247 0.09108197 0.1485253 0.1399651 0.1302995 0.0904926 0.1642247 0.09108197 0.1485253 0.1399651 0.1642247 0.09108197 0.2306116 0.1424021 0.1485253 0.1399651 0.05920964 0.1373134 0.1302995 0.0904926 0.1485253 0.1399651 0.2306116 0.1424021 0.2570769 0.1922665 0.02794259 0.1917474 0.05920964 0.1373134 0.1485253 0.1399651 0.147342 0.1920179 0.02794259 0.1917474 0.1485253 0.1399651 0.147342 0.1920179 0.1485253 0.1399651 0.2570769 0.1922665 0.02794259 0.1917474 0.147342 0.1920179 0.01074546 0.3057066 0.147342 0.1920179 0.2570769 0.1922665 0.1418698 0.3113424 0.147342 0.1920179 0.1418698 0.3113424 0.01074546 0.3057066 0.2570769 0.1922665 0.2623807 0.3165219 0.1418698 0.3113424 0.01074546 0.3057066 0.1418698 0.3113424 0.142274 0.5043128 0.142274 0.5043128 0.1418698 0.3113424 0.2623807 0.3165219 0.1418586 0.009268105 0.1602935 0.009912848 0.1622843 0.05101788 0.1360049 0.05040115 0.1418586 0.009268105 0.1622843 0.05101788 0.1360049 0.05040115 0.1622843 0.05101788 0.1642247 0.09108197 0.1302995 0.0904926 0.1360049 0.05040115 0.1642247 0.09108197 0.1485253 0.1399651 0.1302995 0.0904926 0.1642247 0.09108197 0.1485253 0.1399651 0.1642247 0.09108197 0.2306116 0.1424021 0.1485253 0.1399651 0.05920964 0.1373134 0.1302995 0.0904926 0.1485253 0.1399651 0.2306116 0.1424021 0.2570769 0.1922665 0.02794259 0.1917474 0.05920964 0.1373134 0.1485253 0.1399651 0.147342 0.1920179 0.02794259 0.1917474 0.1485253 0.1399651 0.147342 0.1920179 0.1485253 0.1399651 0.2570769 0.1922665 0.02794259 0.1917474 0.147342 0.1920179 0.01074546 0.3057066 0.147342 0.1920179 0.2570769 0.1922665 0.1418698 0.3113424 0.147342 0.1920179 0.1418698 0.3113424 0.01074546 0.3057066 0.2570769 0.1922665 0.2623807 0.3165219 0.1418698 0.3113424 0.01074546 0.3057066 0.1418698 0.3113424 0.142274 0.5043128 0.142274 0.5043128 0.1418698 0.3113424 0.2623807 0.3165219 0.1418586 0.009268105 0.1602935 0.009912848 0.1622843 0.05101788 0.1360049 0.05040115 0.1418586 0.009268105 0.1622843 0.05101788 0.1360049 0.05040115 0.1622843 0.05101788 0.1642247 0.09108197 0.1302995 0.0904926 0.1360049 0.05040115 0.1642247 0.09108197 0.1485253 0.1399651 0.1302995 0.0904926 0.1642247 0.09108197 0.1485253 0.1399651 0.1642247 0.09108197 0.2306116 0.1424021 0.1485253 0.1399651 0.05920964 0.1373134 0.1302995 0.0904926 0.1485253 0.1399651 0.2306116 0.1424021 0.2570769 0.1922665 0.02794259 0.1917474 0.05920964 0.1373134 0.1485253 0.1399651 0.147342 0.1920179 0.02794259 0.1917474 0.1485253 0.1399651 0.147342 0.1920179 0.1485253 0.1399651 0.2570769 0.1922665 0.02794259 0.1917474 0.147342 0.1920179 0.01074546 0.3057066 0.147342 0.1920179 0.2570769 0.1922665 0.1418698 0.3113424 0.147342 0.1920179 0.1418698 0.3113424 0.01074546 0.3057066 0.2570769 0.1922665 0.2623807 0.3165219 0.1418698 0.3113424 0.01074546 0.3057066 0.1418698 0.3113424 0.142274 0.5043128 0.142274 0.5043128 0.1418698 0.3113424 0.2623807 0.3165219 0.1418586 0.009268105 0.1602935 0.009912848 0.1622843 0.05101788 0.1360049 0.05040115 0.1418586 0.009268105 0.1622843 0.05101788 0.1360049 0.05040115 0.1622843 0.05101788 0.1642247 0.09108197 0.1302995 0.0904926 0.1360049 0.05040115 0.1642247 0.09108197 0.1485253 0.1399651 0.1302995 0.0904926 0.1642247 0.09108197 0.1485253 0.1399651 0.1642247 0.09108197 0.2306116 0.1424021 0.1485253 0.1399651 0.05920964 0.1373134 0.1302995 0.0904926 0.1485253 0.1399651 0.2306116 0.1424021 0.2570769 0.1922665 0.02794259 0.1917474 0.05920964 0.1373134 0.1485253 0.1399651 0.147342 0.1920179 0.02794259 0.1917474 0.1485253 0.1399651 0.147342 0.1920179 0.1485253 0.1399651 0.2570769 0.1922665 0.02794259 0.1917474 0.147342 0.1920179 0.01074546 0.3057066 0.147342 0.1920179 0.2570769 0.1922665 0.1418698 0.3113424 0.147342 0.1920179 0.1418698 0.3113424 0.01074546 0.3057066 0.2570769 0.1922665 0.2623807 0.3165219 0.1418698 0.3113424 0.01074546 0.3057066 0.1418698 0.3113424 0.142274 0.5043128 0.142274 0.5043128 0.1418698 0.3113424 0.2623807 0.3165219 0.1403512 0.01985996 0.1608061 0.0204975 0.1610777 0.02610504 0.1395527 0.02547132 0.1403512 0.01985996 0.1610777 0.02610504 0.1395527 0.02547132 0.1610777 0.02610504 0.1614081 0.03292763 0.1385811 0.03229856 0.1395527 0.02547132 0.1614081 0.03292763 0.1385811 0.03229856 0.1614081 0.03292763 0.1622843 0.05101788 0.1360049 0.05040115 0.1385811 0.03229856 0.1622843 0.05101788 0.1360049 0.05040115 0.1622843 0.05101788 0.1642247 0.09108197 0.1302995 0.0904926 0.1360049 0.05040115 0.1642247 0.09108197 0.1485253 0.1399651 0.1302995 0.0904926 0.1642247 0.09108197 0.1485253 0.1399651 0.1642247 0.09108197 0.2306116 0.1424021 0.1485253 0.1399651 0.05920964 0.1373134 0.1302995 0.0904926 0.1485253 0.1399651 0.2306116 0.1424021 0.2570769 0.1922665 0.02794259 0.1917474 0.05920964 0.1373134 0.1485253 0.1399651 0.147342 0.1920179 0.02794259 0.1917474 0.1485253 0.1399651 0.147342 0.1920179 0.1485253 0.1399651 0.2570769 0.1922665 0.02794259 0.1917474 0.147342 0.1920179 0.01074546 0.3057066 0.147342 0.1920179 0.2570769 0.1922665 0.1418698 0.3113424 0.147342 0.1920179 0.1418698 0.3113424 0.01074546 0.3057066 0.2570769 0.1922665 0.2623807 0.3165219 0.1418698 0.3113424 0.01074546 0.3057066 0.1418698 0.3113424 0.142274 0.5043128 0.142274 0.5043128 0.1418698 0.3113424 0.2623807 0.3165219 0.1418586 0.009268105 0.1602935 0.009912848 0.1622843 0.05101788 0.1360049 0.05040115 0.1418586 0.009268105 0.1622843 0.05101788 0.1360049 0.05040115 0.1622843 0.05101788 0.1642247 0.09108197 0.1302995 0.0904926 0.1360049 0.05040115 0.1642247 0.09108197 0.1485253 0.1399651 0.1302995 0.0904926 0.1642247 0.09108197 0.1485253 0.1399651 0.1642247 0.09108197 0.2306116 0.1424021 0.1485253 0.1399651 0.05920964 0.1373134 0.1302995 0.0904926 0.1485253 0.1399651 0.2306116 0.1424021 0.2570769 0.1922665 0.02794259 0.1917474 0.05920964 0.1373134 0.1485253 0.1399651 0.147342 0.1920179 0.02794259 0.1917474 0.1485253 0.1399651 0.147342 0.1920179 0.1485253 0.1399651 0.2570769 0.1922665 0.02794259 0.1917474 0.147342 0.1920179 0.01074546 0.3057066 0.147342 0.1920179 0.2570769 0.1922665 0.1418698 0.3113424 0.147342 0.1920179 0.1418698 0.3113424 0.01074546 0.3057066 0.2570769 0.1922665 0.2623807 0.3165219 0.1418698 0.3113424 0.01074546 0.3057066 0.1418698 0.3113424 0.142274 0.5043128 0.142274 0.5043128 0.1418698 0.3113424 0.2623807 0.3165219 0.1418586 0.009268105 0.1602935 0.009912848 0.1622843 0.05101788 0.1360049 0.05040115 0.1418586 0.009268105 0.1622843 0.05101788 0.1360049 0.05040115 0.1622843 0.05101788 0.1642247 0.09108197 0.1302995 0.0904926 0.1360049 0.05040115 0.1642247 0.09108197 0.1485253 0.1399651 0.1302995 0.0904926 0.1642247 0.09108197 0.1485253 0.1399651 0.1642247 0.09108197 0.2306116 0.1424021 0.1485253 0.1399651 0.05920964 0.1373134 0.1302995 0.0904926 0.1485253 0.1399651 0.2306116 0.1424021 0.2570769 0.1922665 0.02794259 0.1917474 0.05920964 0.1373134 0.1485253 0.1399651 0.147342 0.1920179 0.02794259 0.1917474 0.1485253 0.1399651 0.147342 0.1920179 0.1485253 0.1399651 0.2570769 0.1922665 0.02794259 0.1917474 0.147342 0.1920179 0.01074546 0.3057066 0.147342 0.1920179 0.2570769 0.1922665 0.1418698 0.3113424 0.147342 0.1920179 0.1418698 0.3113424 0.01074546 0.3057066 0.2570769 0.1922665 0.2623807 0.3165219 0.1418698 0.3113424 0.01074546 0.3057066 0.1418698 0.3113424 0.142274 0.5043128 0.142274 0.5043128 0.1418698 0.3113424 0.2623807 0.3165219 0.1418586 0.009268105 0.1602935 0.009912848 0.1622843 0.05101788 0.1360049 0.05040115 0.1418586 0.009268105 0.1622843 0.05101788 0.1360049 0.05040115 0.1622843 0.05101788 0.1642247 0.09108197 0.1302995 0.0904926 0.1360049 0.05040115 0.1642247 0.09108197 0.1485253 0.1399651 0.1302995 0.0904926 0.1642247 0.09108197 0.1485253 0.1399651 0.1642247 0.09108197 0.2306116 0.1424021 0.1485253 0.1399651 0.05920964 0.1373134 0.1302995 0.0904926 0.1485253 0.1399651 0.2306116 0.1424021 0.2570769 0.1922665 0.02794259 0.1917474 0.05920964 0.1373134 0.1485253 0.1399651 0.147342 0.1920179 0.02794259 0.1917474 0.1485253 0.1399651 0.147342 0.1920179 0.1485253 0.1399651 0.2570769 0.1922665 0.02794259 0.1917474 0.147342 0.1920179 0.01074546 0.3057066 0.147342 0.1920179 0.2570769 0.1922665 0.1418698 0.3113424 0.147342 0.1920179 0.1418698 0.3113424 0.01074546 0.3057066 0.2570769 0.1922665 0.2623807 0.3165219 0.1418698 0.3113424 0.01074546 0.3057066 0.1418698 0.3113424 0.142274 0.5043128 0.142274 0.5043128 0.1418698 0.3113424 0.2623807 0.3165219 0.1403512 0.01985996 0.1608061 0.0204975 0.1610777 0.02610504 0.1395527 0.02547132 0.1403512 0.01985996 0.1610777 0.02610504 0.1395527 0.02547132 0.1610777 0.02610504 0.1614081 0.03292763 0.1385811 0.03229856 0.1395527 0.02547132 0.1614081 0.03292763 0.1385811 0.03229856 0.1614081 0.03292763 0.1622843 0.05101788 0.1360049 0.05040115 0.1385811 0.03229856 0.1622843 0.05101788 0.1360049 0.05040115 0.1622843 0.05101788 0.1642247 0.09108197 0.1302995 0.0904926 0.1360049 0.05040115 0.1642247 0.09108197 0.1485253 0.1399651 0.1302995 0.0904926 0.1642247 0.09108197 0.1485253 0.1399651 0.1642247 0.09108197 0.2306116 0.1424021 0.1485253 0.1399651 0.05920964 0.1373134 0.1302995 0.0904926 0.1485253 0.1399651 0.2306116 0.1424021 0.2570769 0.1922665 0.02794259 0.1917474 0.05920964 0.1373134 0.1485253 0.1399651 0.147342 0.1920179 0.02794259 0.1917474 0.1485253 0.1399651 0.147342 0.1920179 0.1485253 0.1399651 0.2570769 0.1922665 0.02794259 0.1917474 0.147342 0.1920179 0.01074546 0.3057066 0.147342 0.1920179 0.2570769 0.1922665 0.1418698 0.3113424 0.147342 0.1920179 0.1418698 0.3113424 0.01074546 0.3057066 0.2570769 0.1922665 0.2623807 0.3165219 0.1418698 0.3113424 0.01074546 0.3057066 0.1418698 0.3113424 0.142274 0.5043128 0.142274 0.5043128 0.1418698 0.3113424 0.2623807 0.3165219 0.1360049 0.05040115 0.1622843 0.05101788 0.1642247 0.09108197 0.1302995 0.0904926 0.1360049 0.05040115 0.1642247 0.09108197 0.1485253 0.1399651 0.1302995 0.0904926 0.1642247 0.09108197 0.1485253 0.1399651 0.1642247 0.09108197 0.2306116 0.1424021 0.1485253 0.1399651 0.05920964 0.1373134 0.1302995 0.0904926 0.1485253 0.1399651 0.2306116 0.1424021 0.2570769 0.1922665 0.02794259 0.1917474 0.05920964 0.1373134 0.1485253 0.1399651 0.147342 0.1920179 0.02794259 0.1917474 0.1485253 0.1399651 0.147342 0.1920179 0.1485253 0.1399651 0.2570769 0.1922665 0.02794259 0.1917474 0.147342 0.1920179 0.01074546 0.3057066 0.147342 0.1920179 0.2570769 0.1922665 0.1418698 0.3113424 0.147342 0.1920179 0.1418698 0.3113424 0.01074546 0.3057066 0.2570769 0.1922665 0.2623807 0.3165219 0.1418698 0.3113424 0.01074546 0.3057066 0.1418698 0.3113424 0.142274 0.5043128 0.142274 0.5043128 0.1418698 0.3113424 0.2623807 0.3165219 0.1360049 0.05040115 0.1622843 0.05101788 0.1642247 0.09108197 0.1302995 0.0904926 0.1360049 0.05040115 0.1642247 0.09108197 0.1485253 0.1399651 0.1302995 0.0904926 0.1642247 0.09108197 0.1485253 0.1399651 0.1642247 0.09108197 0.2306116 0.1424021 0.1485253 0.1399651 0.05920964 0.1373134 0.1302995 0.0904926 0.1485253 0.1399651 0.2306116 0.1424021 0.2570769 0.1922665 0.02794259 0.1917474 0.05920964 0.1373134 0.1485253 0.1399651 0.147342 0.1920179 0.02794259 0.1917474 0.1485253 0.1399651 0.147342 0.1920179 0.1485253 0.1399651 0.2570769 0.1922665 0.02794259 0.1917474 0.147342 0.1920179 0.01074546 0.3057066 0.147342 0.1920179 0.2570769 0.1922665 0.1418698 0.3113424 0.147342 0.1920179 0.1418698 0.3113424 0.01074546 0.3057066 0.2570769 0.1922665 0.2623807 0.3165219 0.1418698 0.3113424 0.01074546 0.3057066 0.1418698 0.3113424 0.142274 0.5043128 0.142274 0.5043128 0.1418698 0.3113424 0.2623807 0.3165219 0.7983658 0.2242293 0.774109 0.2242293 0.7862374 0.1999724 0.7983658 0.2242293 0.7983658 0.2484862 0.774109 0.2242293 0.7983658 0.2484862 0.774109 0.2484862 0.774109 0.2242293 0.7983658 0.2484862 0.7983658 0.2727431 0.774109 0.2484862 0.774109 0.2242293 0.7498521 0.2242293 0.7619805 0.1999724 0.774109 0.2242293 0.774109 0.2484862 0.7498521 0.2242293 0.7983658 0.2727431 0.774109 0.2727431 0.774109 0.2484862 0.7983658 0.2727431 0.7983658 0.2970001 0.774109 0.2727431 0.774109 0.2484862 0.7498521 0.2484862 0.7498521 0.2242293 0.774109 0.2484862 0.774109 0.2727431 0.7498521 0.2484862 0.7498521 0.2242293 0.7255951 0.2242293 0.7377236 0.1999724 0.7498521 0.2242293 0.7498521 0.2484862 0.7255951 0.2242293 0.7983658 0.2970001 0.774109 0.2970001 0.774109 0.2727431 0.7983658 0.2970001 0.7983658 0.321257 0.774109 0.2970001 0.774109 0.2727431 0.7498521 0.2727431 0.7498521 0.2484862 0.774109 0.2727431 0.774109 0.2970001 0.7498521 0.2727431 0.7498521 0.2484862 0.7255951 0.2484862 0.7255951 0.2242293 0.7498521 0.2484862 0.7498521 0.2727431 0.7255951 0.2484862 0.7255951 0.2242293 0.7013382 0.2242293 0.7134666 0.1999724 0.7255951 0.2242293 0.7255951 0.2484862 0.7013382 0.2242293 0.7983658 0.321257 0.774109 0.321257 0.774109 0.2970001 0.7983658 0.321257 0.7983658 0.3455139 0.774109 0.321257 0.774109 0.2970001 0.7498521 0.2970001 0.7498521 0.2727431 0.774109 0.2970001 0.774109 0.321257 0.7498521 0.2970001 0.7498521 0.2727431 0.7255951 0.2727431 0.7255951 0.2484862 0.7498521 0.2727431 0.7498521 0.2970001 0.7255951 0.2727431 0.7255951 0.2484862 0.7013382 0.2484862 0.7013382 0.2242293 0.7255951 0.2484862 0.7255951 0.2727431 0.7013382 0.2484862 0.7013382 0.2242293 0.6770814 0.2242293 0.6892097 0.1999724 0.7013382 0.2242293 0.7013382 0.2484862 0.6770814 0.2242293 0.7498521 0.2970001 0.7255951 0.2970001 0.7255951 0.2727431 0.7255951 0.2727431 0.7013382 0.2727431 0.7013382 0.2484862 0.7255951 0.2727431 0.7255951 0.2970001 0.7013382 0.2727431 0.7013382 0.2484862 0.6770814 0.2484862 0.6770814 0.2242293 0.7013382 0.2484862 0.7013382 0.2727431 0.6770814 0.2484862 0.6770814 0.2242293 0.6528243 0.2242293 0.6649529 0.1999724 0.6770814 0.2242293 0.6770814 0.2484862 0.6528243 0.2242293 0.6528243 0.2242293 0.6285675 0.2242293 0.6406959 0.1999724 0.6770814 0.2484862 0.6528243 0.2484862 0.6528243 0.2242293 0.6528243 0.2242293 0.6528243 0.2484862 0.6285675 0.2242293 0.7013382 0.2727431 0.6770814 0.2727431 0.6770814 0.2484862 0.6770814 0.2484862 0.6770814 0.2727431 0.6528243 0.2484862 0.6285675 0.2242293 0.6043106 0.2242293 0.6164391 0.1999724 0.6285675 0.2242293 0.6285675 0.2484862 0.6043106 0.2242293 0.6528243 0.2484862 0.6285675 0.2484862 0.6285675 0.2242293 0.6285675 0.2484862 0.6043106 0.2484862 0.6043106 0.2242293 0.6528243 0.2484862 0.6528243 0.2727431 0.6285675 0.2484862 0.6770814 0.2727431 0.6528243 0.2727431 0.6528243 0.2484862 0.6285675 0.2484862 0.6285675 0.2727431 0.6043106 0.2484862 0.6528243 0.2727431 0.6285675 0.2727431 0.6285675 0.2484862 0.6285675 0.2727431 0.6043106 0.2727431 0.6043106 0.2484862 0.6770814 0.2727431 0.6770814 0.2970001 0.6528243 0.2727431 0.6285675 0.2727431 0.6285675 0.2970001 0.6043106 0.2727431 0.6285675 0.2970001 0.6043106 0.2970001 0.6043106 0.2727431 0.6528243 0.2727431 0.6528243 0.2970001 0.6285675 0.2727431 0.6528243 0.2970001 0.6285675 0.2970001 0.6285675 0.2727431 0.6770814 0.2970001 0.6528243 0.2970001 0.6528243 0.2727431 0.6285675 0.2970001 0.6285675 0.321257 0.6043106 0.2970001 0.6285675 0.321257 0.6043106 0.321257 0.6043106 0.2970001 0.6528243 0.2970001 0.6528243 0.321257 0.6285675 0.2970001 0.6528243 0.321257 0.6285675 0.321257 0.6285675 0.2970001 0.6285675 0.321257 0.6285675 0.3455139 0.6043106 0.321257 0.6285675 0.3455139 0.6043106 0.3455139 0.6043106 0.321257 0.6528243 0.321257 0.6528243 0.3455139 0.6285675 0.321257 0.6528243 0.3455139 0.6285675 0.3455139 0.6285675 0.321257 0.6770814 0.321257 0.6528243 0.321257 0.6528243 0.2970001 0.6770814 0.2970001 0.6770814 0.321257 0.6528243 0.2970001 0.6770814 0.3455139 0.6528243 0.3455139 0.6528243 0.321257 0.6770814 0.321257 0.6770814 0.3455139 0.6528243 0.321257 0.6285675 0.3455139 0.6285675 0.3697708 0.6043106 0.3455139 0.6285675 0.3697708 0.6043106 0.3697708 0.6043106 0.3455139 0.6043106 0.3697708 0.6285675 0.3697708 0.6164391 0.3940277 0.6528243 0.3697708 0.6285675 0.3697708 0.6285675 0.3455139 0.6285675 0.3697708 0.6528243 0.3697708 0.6406959 0.3940277 0.6528243 0.3455139 0.6528243 0.3697708 0.6285675 0.3455139 0.6770814 0.3697708 0.6528243 0.3697708 0.6528243 0.3455139 0.6528243 0.3697708 0.6770814 0.3697708 0.6649529 0.3940277 0.6770814 0.3455139 0.6770814 0.3697708 0.6528243 0.3455139 0.6770814 0.3697708 0.7013382 0.3697708 0.6892097 0.3940277 0.7013382 0.3697708 0.6770814 0.3697708 0.6770814 0.3455139 0.7013382 0.3455139 0.7013382 0.3697708 0.6770814 0.3455139 0.7013382 0.3455139 0.6770814 0.3455139 0.6770814 0.321257 0.7013382 0.3697708 0.7255951 0.3697708 0.7134666 0.3940277 0.7255951 0.3697708 0.7013382 0.3697708 0.7013382 0.3455139 0.7013382 0.321257 0.7013382 0.3455139 0.6770814 0.321257 0.7013382 0.321257 0.6770814 0.321257 0.6770814 0.2970001 0.7255951 0.3455139 0.7255951 0.3697708 0.7013382 0.3455139 0.7255951 0.3455139 0.7013382 0.3455139 0.7013382 0.321257 0.7255951 0.3697708 0.7498521 0.3697708 0.7377236 0.3940277 0.7498521 0.3697708 0.7255951 0.3697708 0.7255951 0.3455139 0.7013382 0.2970001 0.7013382 0.321257 0.6770814 0.2970001 0.7013382 0.2970001 0.6770814 0.2970001 0.6770814 0.2727431 0.7013382 0.2727431 0.7013382 0.2970001 0.6770814 0.2727431 0.7255951 0.2970001 0.7013382 0.2970001 0.7013382 0.2727431 0.7255951 0.321257 0.7013382 0.321257 0.7013382 0.2970001 0.7255951 0.2970001 0.7255951 0.321257 0.7013382 0.2970001 0.7255951 0.321257 0.7255951 0.3455139 0.7013382 0.321257 0.7498521 0.321257 0.7255951 0.321257 0.7255951 0.2970001 0.7498521 0.2970001 0.7498521 0.321257 0.7255951 0.2970001 0.774109 0.321257 0.7498521 0.321257 0.7498521 0.2970001 0.7498521 0.3455139 0.7255951 0.3455139 0.7255951 0.321257 0.7498521 0.321257 0.7498521 0.3455139 0.7255951 0.321257 0.7498521 0.3455139 0.7498521 0.3697708 0.7255951 0.3455139 0.774109 0.321257 0.774109 0.3455139 0.7498521 0.321257 0.774109 0.3455139 0.7498521 0.3455139 0.7498521 0.321257 0.7983658 0.3455139 0.774109 0.3455139 0.774109 0.321257 0.7983658 0.3455139 0.7983658 0.3697708 0.774109 0.3455139 0.774109 0.3697708 0.7498521 0.3697708 0.7498521 0.3455139 0.774109 0.3455139 0.774109 0.3697708 0.7498521 0.3455139 0.7983658 0.3697708 0.774109 0.3697708 0.774109 0.3455139 0.7498521 0.3697708 0.774109 0.3697708 0.7619805 0.3940277 0.774109 0.3697708 0.7983658 0.3697708 0.7862374 0.3940277 0.7983658 0.4275211 0.774109 0.4275211 0.7862374 0.4032642 0.7983658 0.4275211 0.7983658 0.451778 0.774109 0.4275211 0.7983658 0.451778 0.774109 0.451778 0.774109 0.4275211 0.7983658 0.451778 0.7983658 0.4760348 0.774109 0.451778 0.774109 0.4275211 0.7498521 0.4275211 0.7619805 0.4032642 0.774109 0.4275211 0.774109 0.451778 0.7498521 0.4275211 0.7983658 0.4760348 0.774109 0.4760348 0.774109 0.451778 0.7983658 0.4760348 0.7983658 0.5002918 0.774109 0.4760348 0.774109 0.451778 0.7498521 0.451778 0.7498521 0.4275211 0.774109 0.451778 0.774109 0.4760348 0.7498521 0.451778 0.7498521 0.4275211 0.7255951 0.4275211 0.7377236 0.4032642 0.7498521 0.4275211 0.7498521 0.451778 0.7255951 0.4275211 0.7983658 0.5002918 0.774109 0.5002918 0.774109 0.4760348 0.7983658 0.5002918 0.7983658 0.5245487 0.774109 0.5002918 0.774109 0.4760348 0.7498521 0.4760348 0.7498521 0.451778 0.774109 0.4760348 0.774109 0.5002918 0.7498521 0.4760348 0.7498521 0.451778 0.7255951 0.451778 0.7255951 0.4275211 0.7498521 0.451778 0.7498521 0.4760348 0.7255951 0.451778 0.7255951 0.4275211 0.7013382 0.4275211 0.7134666 0.4032642 0.7255951 0.4275211 0.7255951 0.451778 0.7013382 0.4275211 0.7983658 0.5245487 0.774109 0.5245487 0.774109 0.5002918 0.7983658 0.5245487 0.7983658 0.5488056 0.774109 0.5245487 0.774109 0.5002918 0.7498521 0.5002918 0.7498521 0.4760348 0.774109 0.5002918 0.774109 0.5245487 0.7498521 0.5002918 0.7498521 0.4760348 0.7255951 0.4760348 0.7255951 0.451778 0.7498521 0.4760348 0.7498521 0.5002918 0.7255951 0.4760348 0.7255951 0.451778 0.7013382 0.451778 0.7013382 0.4275211 0.7255951 0.451778 0.7255951 0.4760348 0.7013382 0.451778 0.7013382 0.4275211 0.6770814 0.4275211 0.6892097 0.4032642 0.7013382 0.4275211 0.7013382 0.451778 0.6770814 0.4275211 0.7498521 0.5002918 0.7255951 0.5002918 0.7255951 0.4760348 0.7255951 0.4760348 0.7013382 0.4760348 0.7013382 0.451778 0.7255951 0.4760348 0.7255951 0.5002918 0.7013382 0.4760348 0.7013382 0.451778 0.6770814 0.451778 0.6770814 0.4275211 0.7013382 0.451778 0.7013382 0.4760348 0.6770814 0.451778 0.6770814 0.4275211 0.6528243 0.4275211 0.6649529 0.4032642 0.6770814 0.4275211 0.6770814 0.451778 0.6528243 0.4275211 0.6528243 0.4275211 0.6285675 0.4275211 0.6406959 0.4032642 0.6770814 0.451778 0.6528243 0.451778 0.6528243 0.4275211 0.6528243 0.4275211 0.6528243 0.451778 0.6285675 0.4275211 0.7013382 0.4760348 0.6770814 0.4760348 0.6770814 0.451778 0.6770814 0.451778 0.6770814 0.4760348 0.6528243 0.451778 0.6285675 0.4275211 0.6043106 0.4275211 0.6164391 0.4032642 0.6285675 0.4275211 0.6285675 0.451778 0.6043106 0.4275211 0.6528243 0.451778 0.6285675 0.451778 0.6285675 0.4275211 0.6285675 0.451778 0.6043106 0.451778 0.6043106 0.4275211 0.6528243 0.451778 0.6528243 0.4760348 0.6285675 0.451778 0.6770814 0.4760348 0.6528243 0.4760348 0.6528243 0.451778 0.6285675 0.451778 0.6285675 0.4760348 0.6043106 0.451778 0.6528243 0.4760348 0.6285675 0.4760348 0.6285675 0.451778 0.6285675 0.4760348 0.6043106 0.4760348 0.6043106 0.451778 0.6770814 0.4760348 0.6770814 0.5002918 0.6528243 0.4760348 0.6285675 0.4760348 0.6285675 0.5002918 0.6043106 0.4760348 0.6285675 0.5002918 0.6043106 0.5002918 0.6043106 0.4760348 0.6528243 0.4760348 0.6528243 0.5002918 0.6285675 0.4760348 0.6528243 0.5002918 0.6285675 0.5002918 0.6285675 0.4760348 0.6770814 0.5002918 0.6528243 0.5002918 0.6528243 0.4760348 0.6285675 0.5002918 0.6285675 0.5245487 0.6043106 0.5002918 0.6285675 0.5245487 0.6043106 0.5245487 0.6043106 0.5002918 0.6528243 0.5002918 0.6528243 0.5245487 0.6285675 0.5002918 0.6528243 0.5245487 0.6285675 0.5245487 0.6285675 0.5002918 0.6285675 0.5245487 0.6285675 0.5488056 0.6043106 0.5245487 0.6285675 0.5488056 0.6043106 0.5488056 0.6043106 0.5245487 0.6528243 0.5245487 0.6528243 0.5488056 0.6285675 0.5245487 0.6528243 0.5488056 0.6285675 0.5488056 0.6285675 0.5245487 0.6770814 0.5245487 0.6528243 0.5245487 0.6528243 0.5002918 0.6770814 0.5002918 0.6770814 0.5245487 0.6528243 0.5002918 0.6770814 0.5488056 0.6528243 0.5488056 0.6528243 0.5245487 0.6770814 0.5245487 0.6770814 0.5488056 0.6528243 0.5245487 0.6285675 0.5488056 0.6285675 0.5730624 0.6043106 0.5488056 0.6285675 0.5730624 0.6043106 0.5730624 0.6043106 0.5488056 0.6043106 0.5730624 0.6285675 0.5730624 0.6164391 0.5973194 0.6528243 0.5730624 0.6285675 0.5730624 0.6285675 0.5488056 0.6285675 0.5730624 0.6528243 0.5730624 0.6406959 0.5973194 0.6528243 0.5488056 0.6528243 0.5730624 0.6285675 0.5488056 0.6770814 0.5730624 0.6528243 0.5730624 0.6528243 0.5488056 0.6528243 0.5730624 0.6770814 0.5730624 0.6649529 0.5973194 0.6770814 0.5488056 0.6770814 0.5730624 0.6528243 0.5488056 0.6770814 0.5730624 0.7013382 0.5730624 0.6892097 0.5973194 0.7013382 0.5730624 0.6770814 0.5730624 0.6770814 0.5488056 0.7013382 0.5488056 0.7013382 0.5730624 0.6770814 0.5488056 0.7013382 0.5488056 0.6770814 0.5488056 0.6770814 0.5245487 0.7013382 0.5730624 0.7255951 0.5730624 0.7134666 0.5973194 0.7255951 0.5730624 0.7013382 0.5730624 0.7013382 0.5488056 0.7013382 0.5245487 0.7013382 0.5488056 0.6770814 0.5245487 0.7013382 0.5245487 0.6770814 0.5245487 0.6770814 0.5002918 0.7255951 0.5488056 0.7255951 0.5730624 0.7013382 0.5488056 0.7255951 0.5488056 0.7013382 0.5488056 0.7013382 0.5245487 0.7255951 0.5730624 0.7498521 0.5730624 0.7377236 0.5973194 0.7498521 0.5730624 0.7255951 0.5730624 0.7255951 0.5488056 0.7013382 0.5002918 0.7013382 0.5245487 0.6770814 0.5002918 0.7013382 0.5002918 0.6770814 0.5002918 0.6770814 0.4760348 0.7013382 0.4760348 0.7013382 0.5002918 0.6770814 0.4760348 0.7255951 0.5002918 0.7013382 0.5002918 0.7013382 0.4760348 0.7255951 0.5245487 0.7013382 0.5245487 0.7013382 0.5002918 0.7255951 0.5002918 0.7255951 0.5245487 0.7013382 0.5002918 0.7255951 0.5245487 0.7255951 0.5488056 0.7013382 0.5245487 0.7498521 0.5245487 0.7255951 0.5245487 0.7255951 0.5002918 0.7498521 0.5002918 0.7498521 0.5245487 0.7255951 0.5002918 0.774109 0.5245487 0.7498521 0.5245487 0.7498521 0.5002918 0.7498521 0.5488056 0.7255951 0.5488056 0.7255951 0.5245487 0.7498521 0.5245487 0.7498521 0.5488056 0.7255951 0.5245487 0.7498521 0.5488056 0.7498521 0.5730624 0.7255951 0.5488056 0.774109 0.5245487 0.774109 0.5488056 0.7498521 0.5245487 0.774109 0.5488056 0.7498521 0.5488056 0.7498521 0.5245487 0.7983658 0.5488056 0.774109 0.5488056 0.774109 0.5245487 0.7983658 0.5488056 0.7983658 0.5730624 0.774109 0.5488056 0.774109 0.5730624 0.7498521 0.5730624 0.7498521 0.5488056 0.774109 0.5488056 0.774109 0.5730624 0.7498521 0.5488056 0.7983658 0.5730624 0.774109 0.5730624 0.774109 0.5488056 0.7498521 0.5730624 0.774109 0.5730624 0.7619805 0.5973194 0.774109 0.5730624 0.7983658 0.5730624 0.7862374 0.5973194 0.7983658 0.2249231 0.774109 0.2249231 0.7862374 0.2006663 0.7983658 0.2249231 0.7983658 0.2491801 0.774109 0.2249231 0.7983658 0.2491801 0.774109 0.2491801 0.774109 0.2249231 0.7983658 0.2491801 0.7983658 0.2734369 0.774109 0.2491801 0.774109 0.2249231 0.7498521 0.2249231 0.7619805 0.2006663 0.774109 0.2249231 0.774109 0.2491801 0.7498521 0.2249231 0.7983658 0.2734369 0.774109 0.2734369 0.774109 0.2491801 0.7983658 0.2734369 0.7983658 0.2976939 0.774109 0.2734369 0.774109 0.2491801 0.7498521 0.2491801 0.7498521 0.2249231 0.774109 0.2491801 0.774109 0.2734369 0.7498521 0.2491801 0.7498521 0.2249231 0.7255951 0.2249231 0.7377236 0.2006663 0.7498521 0.2249231 0.7498521 0.2491801 0.7255951 0.2249231 0.7983658 0.2976939 0.774109 0.2976939 0.774109 0.2734369 0.7983658 0.2976939 0.7983658 0.3219508 0.774109 0.2976939 0.774109 0.2734369 0.7498521 0.2734369 0.7498521 0.2491801 0.774109 0.2734369 0.774109 0.2976939 0.7498521 0.2734369 0.7498521 0.2491801 0.7255951 0.2491801 0.7255951 0.2249231 0.7498521 0.2491801 0.7498521 0.2734369 0.7255951 0.2491801 0.7255951 0.2249231 0.7013382 0.2249231 0.7134666 0.2006663 0.7255951 0.2249231 0.7255951 0.2491801 0.7013382 0.2249231 0.7983658 0.3219508 0.774109 0.3219508 0.774109 0.2976939 0.7983658 0.3219508 0.7983658 0.3462077 0.774109 0.3219508 0.774109 0.2976939 0.7498521 0.2976939 0.7498521 0.2734369 0.774109 0.2976939 0.774109 0.3219508 0.7498521 0.2976939 0.7498521 0.2734369 0.7255951 0.2734369 0.7255951 0.2491801 0.7498521 0.2734369 0.7498521 0.2976939 0.7255951 0.2734369 0.7255951 0.2491801 0.7013382 0.2491801 0.7013382 0.2249231 0.7255951 0.2491801 0.7255951 0.2734369 0.7013382 0.2491801 0.7013382 0.2249231 0.6770814 0.2249231 0.6892097 0.2006663 0.7013382 0.2249231 0.7013382 0.2491801 0.6770814 0.2249231 0.7498521 0.2976939 0.7255951 0.2976939 0.7255951 0.2734369 0.7255951 0.2734369 0.7013382 0.2734369 0.7013382 0.2491801 0.7255951 0.2734369 0.7255951 0.2976939 0.7013382 0.2734369 0.7013382 0.2491801 0.6770814 0.2491801 0.6770814 0.2249231 0.7013382 0.2491801 0.7013382 0.2734369 0.6770814 0.2491801 0.6770814 0.2249231 0.6528243 0.2249231 0.6649529 0.2006663 0.6770814 0.2249231 0.6770814 0.2491801 0.6528243 0.2249231 0.6528243 0.2249231 0.6285675 0.2249231 0.6406959 0.2006663 0.6770814 0.2491801 0.6528243 0.2491801 0.6528243 0.2249231 0.6528243 0.2249231 0.6528243 0.2491801 0.6285675 0.2249231 0.7013382 0.2734369 0.6770814 0.2734369 0.6770814 0.2491801 0.6770814 0.2491801 0.6770814 0.2734369 0.6528243 0.2491801 0.6285675 0.2249231 0.6043106 0.2249231 0.6164391 0.2006663 0.6285675 0.2249231 0.6285675 0.2491801 0.6043106 0.2249231 0.6528243 0.2491801 0.6285675 0.2491801 0.6285675 0.2249231 0.6285675 0.2491801 0.6043106 0.2491801 0.6043106 0.2249231 0.6528243 0.2491801 0.6528243 0.2734369 0.6285675 0.2491801 0.6770814 0.2734369 0.6528243 0.2734369 0.6528243 0.2491801 0.6285675 0.2491801 0.6285675 0.2734369 0.6043106 0.2491801 0.6528243 0.2734369 0.6285675 0.2734369 0.6285675 0.2491801 0.6285675 0.2734369 0.6043106 0.2734369 0.6043106 0.2491801 0.6770814 0.2734369 0.6770814 0.2976939 0.6528243 0.2734369 0.6285675 0.2734369 0.6285675 0.2976939 0.6043106 0.2734369 0.6285675 0.2976939 0.6043106 0.2976939 0.6043106 0.2734369 0.6528243 0.2734369 0.6528243 0.2976939 0.6285675 0.2734369 0.6528243 0.2976939 0.6285675 0.2976939 0.6285675 0.2734369 0.6770814 0.2976939 0.6528243 0.2976939 0.6528243 0.2734369 0.6285675 0.2976939 0.6285675 0.3219508 0.6043106 0.2976939 0.6285675 0.3219508 0.6043106 0.3219508 0.6043106 0.2976939 0.6528243 0.2976939 0.6528243 0.3219508 0.6285675 0.2976939 0.6528243 0.3219508 0.6285675 0.3219508 0.6285675 0.2976939 0.6285675 0.3219508 0.6285675 0.3462077 0.6043106 0.3219508 0.6285675 0.3462077 0.6043106 0.3462077 0.6043106 0.3219508 0.6528243 0.3219508 0.6528243 0.3462077 0.6285675 0.3219508 0.6528243 0.3462077 0.6285675 0.3462077 0.6285675 0.3219508 0.6770814 0.3219508 0.6528243 0.3219508 0.6528243 0.2976939 0.6770814 0.2976939 0.6770814 0.3219508 0.6528243 0.2976939 0.6770814 0.3462077 0.6528243 0.3462077 0.6528243 0.3219508 0.6770814 0.3219508 0.6770814 0.3462077 0.6528243 0.3219508 0.6285675 0.3462077 0.6285675 0.3704646 0.6043106 0.3462077 0.6285675 0.3704646 0.6043106 0.3704646 0.6043106 0.3462077 0.6043106 0.3704646 0.6285675 0.3704646 0.6164391 0.3947215 0.6528243 0.3704646 0.6285675 0.3704646 0.6285675 0.3462077 0.6285675 0.3704646 0.6528243 0.3704646 0.6406959 0.3947215 0.6528243 0.3462077 0.6528243 0.3704646 0.6285675 0.3462077 0.6770814 0.3704646 0.6528243 0.3704646 0.6528243 0.3462077 0.6528243 0.3704646 0.6770814 0.3704646 0.6649529 0.3947215 0.6770814 0.3462077 0.6770814 0.3704646 0.6528243 0.3462077 0.6770814 0.3704646 0.7013382 0.3704646 0.6892097 0.3947215 0.7013382 0.3704646 0.6770814 0.3704646 0.6770814 0.3462077 0.7013382 0.3462077 0.7013382 0.3704646 0.6770814 0.3462077 0.7013382 0.3462077 0.6770814 0.3462077 0.6770814 0.3219508 0.7013382 0.3704646 0.7255951 0.3704646 0.7134666 0.3947215 0.7255951 0.3704646 0.7013382 0.3704646 0.7013382 0.3462077 0.7013382 0.3219508 0.7013382 0.3462077 0.6770814 0.3219508 0.7013382 0.3219508 0.6770814 0.3219508 0.6770814 0.2976939 0.7255951 0.3462077 0.7255951 0.3704646 0.7013382 0.3462077 0.7255951 0.3462077 0.7013382 0.3462077 0.7013382 0.3219508 0.7255951 0.3704646 0.7498521 0.3704646 0.7377236 0.3947215 0.7498521 0.3704646 0.7255951 0.3704646 0.7255951 0.3462077 0.7013382 0.2976939 0.7013382 0.3219508 0.6770814 0.2976939 0.7013382 0.2976939 0.6770814 0.2976939 0.6770814 0.2734369 0.7013382 0.2734369 0.7013382 0.2976939 0.6770814 0.2734369 0.7255951 0.2976939 0.7013382 0.2976939 0.7013382 0.2734369 0.7255951 0.3219508 0.7013382 0.3219508 0.7013382 0.2976939 0.7255951 0.2976939 0.7255951 0.3219508 0.7013382 0.2976939 0.7255951 0.3219508 0.7255951 0.3462077 0.7013382 0.3219508 0.7498521 0.3219508 0.7255951 0.3219508 0.7255951 0.2976939 0.7498521 0.2976939 0.7498521 0.3219508 0.7255951 0.2976939 0.774109 0.3219508 0.7498521 0.3219508 0.7498521 0.2976939 0.7498521 0.3462077 0.7255951 0.3462077 0.7255951 0.3219508 0.7498521 0.3219508 0.7498521 0.3462077 0.7255951 0.3219508 0.7498521 0.3462077 0.7498521 0.3704646 0.7255951 0.3462077 0.774109 0.3219508 0.774109 0.3462077 0.7498521 0.3219508 0.774109 0.3462077 0.7498521 0.3462077 0.7498521 0.3219508 0.7983658 0.3462077 0.774109 0.3462077 0.774109 0.3219508 0.7983658 0.3462077 0.7983658 0.3704646 0.774109 0.3462077 0.774109 0.3704646 0.7498521 0.3704646 0.7498521 0.3462077 0.774109 0.3462077 0.774109 0.3704646 0.7498521 0.3462077 0.7983658 0.3704646 0.774109 0.3704646 0.774109 0.3462077 0.7498521 0.3704646 0.774109 0.3704646 0.7619805 0.3947215 0.774109 0.3704646 0.7983658 0.3704646 0.7862374 0.3947215 0.7983658 0.2278743 0.774109 0.2278743 0.7862374 0.2036174 0.7983658 0.2278743 0.7983658 0.2521314 0.774109 0.2278743 0.7983658 0.2521314 0.774109 0.2521314 0.774109 0.2278743 0.7983658 0.2521314 0.7983658 0.2763881 0.774109 0.2521314 0.774109 0.2278743 0.7498521 0.2278743 0.7619805 0.2036174 0.774109 0.2278743 0.774109 0.2521314 0.7498521 0.2278743 0.7983658 0.2763881 0.774109 0.2763881 0.774109 0.2521314 0.7983658 0.2763881 0.7983658 0.3006451 0.774109 0.2763881 0.774109 0.2521314 0.7498521 0.2521314 0.7498521 0.2278743 0.774109 0.2521314 0.774109 0.2763881 0.7498521 0.2521314 0.7498521 0.2278743 0.7255951 0.2278743 0.7377236 0.2036174 0.7498521 0.2278743 0.7498521 0.2521314 0.7255951 0.2278743 0.7983658 0.3006451 0.774109 0.3006451 0.774109 0.2763881 0.7983658 0.3006451 0.7983658 0.3249019 0.774109 0.3006451 0.774109 0.2763881 0.7498521 0.2763881 0.7498521 0.2521314 0.774109 0.2763881 0.774109 0.3006451 0.7498521 0.2763881 0.7498521 0.2521314 0.7255951 0.2521314 0.7255951 0.2278743 0.7498521 0.2521314 0.7498521 0.2763881 0.7255951 0.2521314 0.7255951 0.2278743 0.7013382 0.2278743 0.7134666 0.2036174 0.7255951 0.2278743 0.7255951 0.2521314 0.7013382 0.2278743 0.7983658 0.3249019 0.774109 0.3249019 0.774109 0.3006451 0.7983658 0.3249019 0.7983658 0.3491589 0.774109 0.3249019 0.774109 0.3006451 0.7498521 0.3006451 0.7498521 0.2763881 0.774109 0.3006451 0.774109 0.3249019 0.7498521 0.3006451 0.7498521 0.2763881 0.7255951 0.2763881 0.7255951 0.2521314 0.7498521 0.2763881 0.7498521 0.3006451 0.7255951 0.2763881 0.7255951 0.2521314 0.7013382 0.2521314 0.7013382 0.2278743 0.7255951 0.2521314 0.7255951 0.2763881 0.7013382 0.2521314 0.7013382 0.2278743 0.6770814 0.2278743 0.6892097 0.2036174 0.7013382 0.2278743 0.7013382 0.2521314 0.6770814 0.2278743 0.7498521 0.3006451 0.7255951 0.3006451 0.7255951 0.2763881 0.7255951 0.2763881 0.7013382 0.2763881 0.7013382 0.2521314 0.7255951 0.2763881 0.7255951 0.3006451 0.7013382 0.2763881 0.7013382 0.2521314 0.6770814 0.2521314 0.6770814 0.2278743 0.7013382 0.2521314 0.7013382 0.2763881 0.6770814 0.2521314 0.6770814 0.2278743 0.6528243 0.2278743 0.6649529 0.2036174 0.6770814 0.2278743 0.6770814 0.2521314 0.6528243 0.2278743 0.6528243 0.2278743 0.6285675 0.2278743 0.6406959 0.2036174 0.6770814 0.2521314 0.6528243 0.2521314 0.6528243 0.2278743 0.6528243 0.2278743 0.6528243 0.2521314 0.6285675 0.2278743 0.7013382 0.2763881 0.6770814 0.2763881 0.6770814 0.2521314 0.6770814 0.2521314 0.6770814 0.2763881 0.6528243 0.2521314 0.6285675 0.2278743 0.6043106 0.2278743 0.6164391 0.2036174 0.6285675 0.2278743 0.6285675 0.2521314 0.6043106 0.2278743 0.6528243 0.2521314 0.6285675 0.2521314 0.6285675 0.2278743 0.6285675 0.2521314 0.6043106 0.2521314 0.6043106 0.2278743 0.6528243 0.2521314 0.6528243 0.2763881 0.6285675 0.2521314 0.6770814 0.2763881 0.6528243 0.2763881 0.6528243 0.2521314 0.6285675 0.2521314 0.6285675 0.2763881 0.6043106 0.2521314 0.6528243 0.2763881 0.6285675 0.2763881 0.6285675 0.2521314 0.6285675 0.2763881 0.6043106 0.2763881 0.6043106 0.2521314 0.6770814 0.2763881 0.6770814 0.3006451 0.6528243 0.2763881 0.6285675 0.2763881 0.6285675 0.3006451 0.6043106 0.2763881 0.6285675 0.3006451 0.6043106 0.3006451 0.6043106 0.2763881 0.6528243 0.2763881 0.6528243 0.3006451 0.6285675 0.2763881 0.6528243 0.3006451 0.6285675 0.3006451 0.6285675 0.2763881 0.6770814 0.3006451 0.6528243 0.3006451 0.6528243 0.2763881 0.6285675 0.3006451 0.6285675 0.3249019 0.6043106 0.3006451 0.6285675 0.3249019 0.6043106 0.3249019 0.6043106 0.3006451 0.6528243 0.3006451 0.6528243 0.3249019 0.6285675 0.3006451 0.6528243 0.3249019 0.6285675 0.3249019 0.6285675 0.3006451 0.6285675 0.3249019 0.6285675 0.3491589 0.6043106 0.3249019 0.6285675 0.3491589 0.6043106 0.3491589 0.6043106 0.3249019 0.6528243 0.3249019 0.6528243 0.3491589 0.6285675 0.3249019 0.6528243 0.3491589 0.6285675 0.3491589 0.6285675 0.3249019 0.6770814 0.3249019 0.6528243 0.3249019 0.6528243 0.3006451 0.6770814 0.3006451 0.6770814 0.3249019 0.6528243 0.3006451 0.6770814 0.3491589 0.6528243 0.3491589 0.6528243 0.3249019 0.6770814 0.3249019 0.6770814 0.3491589 0.6528243 0.3249019 0.6285675 0.3491589 0.6285675 0.3734157 0.6043106 0.3491589 0.6285675 0.3734157 0.6043106 0.3734157 0.6043106 0.3491589 0.6043106 0.3734157 0.6285675 0.3734157 0.6164391 0.3976727 0.6528243 0.3734157 0.6285675 0.3734157 0.6285675 0.3491589 0.6285675 0.3734157 0.6528243 0.3734157 0.6406959 0.3976727 0.6528243 0.3491589 0.6528243 0.3734157 0.6285675 0.3491589 0.6770814 0.3734157 0.6528243 0.3734157 0.6528243 0.3491589 0.6528243 0.3734157 0.6770814 0.3734157 0.6649529 0.3976727 0.6770814 0.3491589 0.6770814 0.3734157 0.6528243 0.3491589 0.6770814 0.3734157 0.7013382 0.3734157 0.6892097 0.3976727 0.7013382 0.3734157 0.6770814 0.3734157 0.6770814 0.3491589 0.7013382 0.3491589 0.7013382 0.3734157 0.6770814 0.3491589 0.7013382 0.3491589 0.6770814 0.3491589 0.6770814 0.3249019 0.7013382 0.3734157 0.7255951 0.3734157 0.7134666 0.3976727 0.7255951 0.3734157 0.7013382 0.3734157 0.7013382 0.3491589 0.7013382 0.3249019 0.7013382 0.3491589 0.6770814 0.3249019 0.7013382 0.3249019 0.6770814 0.3249019 0.6770814 0.3006451 0.7255951 0.3491589 0.7255951 0.3734157 0.7013382 0.3491589 0.7255951 0.3491589 0.7013382 0.3491589 0.7013382 0.3249019 0.7255951 0.3734157 0.7498521 0.3734157 0.7377236 0.3976727 0.7498521 0.3734157 0.7255951 0.3734157 0.7255951 0.3491589 0.7013382 0.3006451 0.7013382 0.3249019 0.6770814 0.3006451 0.7013382 0.3006451 0.6770814 0.3006451 0.6770814 0.2763881 0.7013382 0.2763881 0.7013382 0.3006451 0.6770814 0.2763881 0.7255951 0.3006451 0.7013382 0.3006451 0.7013382 0.2763881 0.7255951 0.3249019 0.7013382 0.3249019 0.7013382 0.3006451 0.7255951 0.3006451 0.7255951 0.3249019 0.7013382 0.3006451 0.7255951 0.3249019 0.7255951 0.3491589 0.7013382 0.3249019 0.7498521 0.3249019 0.7255951 0.3249019 0.7255951 0.3006451 0.7498521 0.3006451 0.7498521 0.3249019 0.7255951 0.3006451 0.774109 0.3249019 0.7498521 0.3249019 0.7498521 0.3006451 0.7498521 0.3491589 0.7255951 0.3491589 0.7255951 0.3249019 0.7498521 0.3249019 0.7498521 0.3491589 0.7255951 0.3249019 0.7498521 0.3491589 0.7498521 0.3734157 0.7255951 0.3491589 0.774109 0.3249019 0.774109 0.3491589 0.7498521 0.3249019 0.774109 0.3491589 0.7498521 0.3491589 0.7498521 0.3249019 0.7983658 0.3491589 0.774109 0.3491589 0.774109 0.3249019 0.7983658 0.3491589 0.7983658 0.3734157 0.774109 0.3491589 0.774109 0.3734157 0.7498521 0.3734157 0.7498521 0.3491589 0.774109 0.3491589 0.774109 0.3734157 0.7498521 0.3491589 0.7983658 0.3734157 0.774109 0.3734157 0.774109 0.3491589 0.7498521 0.3734157 0.774109 0.3734157 0.7619805 0.3976727 0.774109 0.3734157 0.7983658 0.3734157 0.7862374 0.3976727 0.7983658 0.2278743 0.774109 0.2278743 0.7862374 0.2036174 0.7983658 0.2278743 0.7983658 0.2521314 0.774109 0.2278743 0.7983658 0.2521314 0.774109 0.2521314 0.774109 0.2278743 0.7983658 0.2521314 0.7983658 0.2763881 0.774109 0.2521314 0.774109 0.2278743 0.7498521 0.2278743 0.7619805 0.2036174 0.774109 0.2278743 0.774109 0.2521314 0.7498521 0.2278743 0.7983658 0.2763881 0.774109 0.2763881 0.774109 0.2521314 0.7983658 0.2763881 0.7983658 0.3006451 0.774109 0.2763881 0.774109 0.2521314 0.7498521 0.2521314 0.7498521 0.2278743 0.774109 0.2521314 0.774109 0.2763881 0.7498521 0.2521314 0.7498521 0.2278743 0.7255951 0.2278743 0.7377236 0.2036174 0.7498521 0.2278743 0.7498521 0.2521314 0.7255951 0.2278743 0.7983658 0.3006451 0.774109 0.3006451 0.774109 0.2763881 0.7983658 0.3006451 0.7983658 0.3249019 0.774109 0.3006451 0.774109 0.2763881 0.7498521 0.2763881 0.7498521 0.2521314 0.774109 0.2763881 0.774109 0.3006451 0.7498521 0.2763881 0.7498521 0.2521314 0.7255951 0.2521314 0.7255951 0.2278743 0.7498521 0.2521314 0.7498521 0.2763881 0.7255951 0.2521314 0.7255951 0.2278743 0.7013382 0.2278743 0.7134666 0.2036174 0.7255951 0.2278743 0.7255951 0.2521314 0.7013382 0.2278743 0.7983658 0.3249019 0.774109 0.3249019 0.774109 0.3006451 0.7983658 0.3249019 0.7983658 0.3491589 0.774109 0.3249019 0.774109 0.3006451 0.7498521 0.3006451 0.7498521 0.2763881 0.774109 0.3006451 0.774109 0.3249019 0.7498521 0.3006451 0.7498521 0.2763881 0.7255951 0.2763881 0.7255951 0.2521314 0.7498521 0.2763881 0.7498521 0.3006451 0.7255951 0.2763881 0.7255951 0.2521314 0.7013382 0.2521314 0.7013382 0.2278743 0.7255951 0.2521314 0.7255951 0.2763881 0.7013382 0.2521314 0.7013382 0.2278743 0.6770814 0.2278743 0.6892097 0.2036174 0.7013382 0.2278743 0.7013382 0.2521314 0.6770814 0.2278743 0.7498521 0.3006451 0.7255951 0.3006451 0.7255951 0.2763881 0.7255951 0.2763881 0.7013382 0.2763881 0.7013382 0.2521314 0.7255951 0.2763881 0.7255951 0.3006451 0.7013382 0.2763881 0.7013382 0.2521314 0.6770814 0.2521314 0.6770814 0.2278743 0.7013382 0.2521314 0.7013382 0.2763881 0.6770814 0.2521314 0.6770814 0.2278743 0.6528243 0.2278743 0.6649529 0.2036174 0.6770814 0.2278743 0.6770814 0.2521314 0.6528243 0.2278743 0.6528243 0.2278743 0.6285675 0.2278743 0.6406959 0.2036174 0.6770814 0.2521314 0.6528243 0.2521314 0.6528243 0.2278743 0.6528243 0.2278743 0.6528243 0.2521314 0.6285675 0.2278743 0.7013382 0.2763881 0.6770814 0.2763881 0.6770814 0.2521314 0.6770814 0.2521314 0.6770814 0.2763881 0.6528243 0.2521314 0.6285675 0.2278743 0.6043106 0.2278743 0.6164391 0.2036174 0.6285675 0.2278743 0.6285675 0.2521314 0.6043106 0.2278743 0.6528243 0.2521314 0.6285675 0.2521314 0.6285675 0.2278743 0.6285675 0.2521314 0.6043106 0.2521314 0.6043106 0.2278743 0.6528243 0.2521314 0.6528243 0.2763881 0.6285675 0.2521314 0.6770814 0.2763881 0.6528243 0.2763881 0.6528243 0.2521314 0.6285675 0.2521314 0.6285675 0.2763881 0.6043106 0.2521314 0.6528243 0.2763881 0.6285675 0.2763881 0.6285675 0.2521314 0.6285675 0.2763881 0.6043106 0.2763881 0.6043106 0.2521314 0.6770814 0.2763881 0.6770814 0.3006451 0.6528243 0.2763881 0.6285675 0.2763881 0.6285675 0.3006451 0.6043106 0.2763881 0.6285675 0.3006451 0.6043106 0.3006451 0.6043106 0.2763881 0.6528243 0.2763881 0.6528243 0.3006451 0.6285675 0.2763881 0.6528243 0.3006451 0.6285675 0.3006451 0.6285675 0.2763881 0.6770814 0.3006451 0.6528243 0.3006451 0.6528243 0.2763881 0.6285675 0.3006451 0.6285675 0.3249019 0.6043106 0.3006451 0.6285675 0.3249019 0.6043106 0.3249019 0.6043106 0.3006451 0.6528243 0.3006451 0.6528243 0.3249019 0.6285675 0.3006451 0.6528243 0.3249019 0.6285675 0.3249019 0.6285675 0.3006451 0.6285675 0.3249019 0.6285675 0.3491589 0.6043106 0.3249019 0.6285675 0.3491589 0.6043106 0.3491589 0.6043106 0.3249019 0.6528243 0.3249019 0.6528243 0.3491589 0.6285675 0.3249019 0.6528243 0.3491589 0.6285675 0.3491589 0.6285675 0.3249019 0.6770814 0.3249019 0.6528243 0.3249019 0.6528243 0.3006451 0.6770814 0.3006451 0.6770814 0.3249019 0.6528243 0.3006451 0.6770814 0.3491589 0.6528243 0.3491589 0.6528243 0.3249019 0.6770814 0.3249019 0.6770814 0.3491589 0.6528243 0.3249019 0.6285675 0.3491589 0.6285675 0.3734157 0.6043106 0.3491589 0.6285675 0.3734157 0.6043106 0.3734157 0.6043106 0.3491589 0.6043106 0.3734157 0.6285675 0.3734157 0.6164391 0.3976727 0.6528243 0.3734157 0.6285675 0.3734157 0.6285675 0.3491589 0.6285675 0.3734157 0.6528243 0.3734157 0.6406959 0.3976727 0.6528243 0.3491589 0.6528243 0.3734157 0.6285675 0.3491589 0.6770814 0.3734157 0.6528243 0.3734157 0.6528243 0.3491589 0.6528243 0.3734157 0.6770814 0.3734157 0.6649529 0.3976727 0.6770814 0.3491589 0.6770814 0.3734157 0.6528243 0.3491589 0.6770814 0.3734157 0.7013382 0.3734157 0.6892097 0.3976727 0.7013382 0.3734157 0.6770814 0.3734157 0.6770814 0.3491589 0.7013382 0.3491589 0.7013382 0.3734157 0.6770814 0.3491589 0.7013382 0.3491589 0.6770814 0.3491589 0.6770814 0.3249019 0.7013382 0.3734157 0.7255951 0.3734157 0.7134666 0.3976727 0.7255951 0.3734157 0.7013382 0.3734157 0.7013382 0.3491589 0.7013382 0.3249019 0.7013382 0.3491589 0.6770814 0.3249019 0.7013382 0.3249019 0.6770814 0.3249019 0.6770814 0.3006451 0.7255951 0.3491589 0.7255951 0.3734157 0.7013382 0.3491589 0.7255951 0.3491589 0.7013382 0.3491589 0.7013382 0.3249019 0.7255951 0.3734157 0.7498521 0.3734157 0.7377236 0.3976727 0.7498521 0.3734157 0.7255951 0.3734157 0.7255951 0.3491589 0.7013382 0.3006451 0.7013382 0.3249019 0.6770814 0.3006451 0.7013382 0.3006451 0.6770814 0.3006451 0.6770814 0.2763881 0.7013382 0.2763881 0.7013382 0.3006451 0.6770814 0.2763881 0.7255951 0.3006451 0.7013382 0.3006451 0.7013382 0.2763881 0.7255951 0.3249019 0.7013382 0.3249019 0.7013382 0.3006451 0.7255951 0.3006451 0.7255951 0.3249019 0.7013382 0.3006451 0.7255951 0.3249019 0.7255951 0.3491589 0.7013382 0.3249019 0.7498521 0.3249019 0.7255951 0.3249019 0.7255951 0.3006451 0.7498521 0.3006451 0.7498521 0.3249019 0.7255951 0.3006451 0.774109 0.3249019 0.7498521 0.3249019 0.7498521 0.3006451 0.7498521 0.3491589 0.7255951 0.3491589 0.7255951 0.3249019 0.7498521 0.3249019 0.7498521 0.3491589 0.7255951 0.3249019 0.7498521 0.3491589 0.7498521 0.3734157 0.7255951 0.3491589 0.774109 0.3249019 0.774109 0.3491589 0.7498521 0.3249019 0.774109 0.3491589 0.7498521 0.3491589 0.7498521 0.3249019 0.7983658 0.3491589 0.774109 0.3491589 0.774109 0.3249019 0.7983658 0.3491589 0.7983658 0.3734157 0.774109 0.3491589 0.774109 0.3734157 0.7498521 0.3734157 0.7498521 0.3491589 0.774109 0.3491589 0.774109 0.3734157 0.7498521 0.3491589 0.7983658 0.3734157 0.774109 0.3734157 0.774109 0.3491589 0.7498521 0.3734157 0.774109 0.3734157 0.7619805 0.3976727 0.774109 0.3734157 0.7983658 0.3734157 0.7862374 0.3976727 0.7983658 0.2278743 0.774109 0.2278743 0.7862374 0.2036174 0.7983658 0.2278743 0.7983658 0.2521314 0.774109 0.2278743 0.7983658 0.2521314 0.774109 0.2521314 0.774109 0.2278743 0.7983658 0.2521314 0.7983658 0.2763881 0.774109 0.2521314 0.774109 0.2278743 0.7498521 0.2278743 0.7619805 0.2036174 0.774109 0.2278743 0.774109 0.2521314 0.7498521 0.2278743 0.7983658 0.2763881 0.774109 0.2763881 0.774109 0.2521314 0.7983658 0.2763881 0.7983658 0.3006451 0.774109 0.2763881 0.774109 0.2521314 0.7498521 0.2521314 0.7498521 0.2278743 0.774109 0.2521314 0.774109 0.2763881 0.7498521 0.2521314 0.7498521 0.2278743 0.7255951 0.2278743 0.7377236 0.2036174 0.7498521 0.2278743 0.7498521 0.2521314 0.7255951 0.2278743 0.7983658 0.3006451 0.774109 0.3006451 0.774109 0.2763881 0.7983658 0.3006451 0.7983658 0.3249019 0.774109 0.3006451 0.774109 0.2763881 0.7498521 0.2763881 0.7498521 0.2521314 0.774109 0.2763881 0.774109 0.3006451 0.7498521 0.2763881 0.7498521 0.2521314 0.7255951 0.2521314 0.7255951 0.2278743 0.7498521 0.2521314 0.7498521 0.2763881 0.7255951 0.2521314 0.7255951 0.2278743 0.7013382 0.2278743 0.7134666 0.2036174 0.7255951 0.2278743 0.7255951 0.2521314 0.7013382 0.2278743 0.7983658 0.3249019 0.774109 0.3249019 0.774109 0.3006451 0.7983658 0.3249019 0.7983658 0.3491589 0.774109 0.3249019 0.774109 0.3006451 0.7498521 0.3006451 0.7498521 0.2763881 0.774109 0.3006451 0.774109 0.3249019 0.7498521 0.3006451 0.7498521 0.2763881 0.7255951 0.2763881 0.7255951 0.2521314 0.7498521 0.2763881 0.7498521 0.3006451 0.7255951 0.2763881 0.7255951 0.2521314 0.7013382 0.2521314 0.7013382 0.2278743 0.7255951 0.2521314 0.7255951 0.2763881 0.7013382 0.2521314 0.7013382 0.2278743 0.6770814 0.2278743 0.6892097 0.2036174 0.7013382 0.2278743 0.7013382 0.2521314 0.6770814 0.2278743 0.7498521 0.3006451 0.7255951 0.3006451 0.7255951 0.2763881 0.7255951 0.2763881 0.7013382 0.2763881 0.7013382 0.2521314 0.7255951 0.2763881 0.7255951 0.3006451 0.7013382 0.2763881 0.7013382 0.2521314 0.6770814 0.2521314 0.6770814 0.2278743 0.7013382 0.2521314 0.7013382 0.2763881 0.6770814 0.2521314 0.6770814 0.2278743 0.6528243 0.2278743 0.6649529 0.2036174 0.6770814 0.2278743 0.6770814 0.2521314 0.6528243 0.2278743 0.6528243 0.2278743 0.6285675 0.2278743 0.6406959 0.2036174 0.6770814 0.2521314 0.6528243 0.2521314 0.6528243 0.2278743 0.6528243 0.2278743 0.6528243 0.2521314 0.6285675 0.2278743 0.7013382 0.2763881 0.6770814 0.2763881 0.6770814 0.2521314 0.6770814 0.2521314 0.6770814 0.2763881 0.6528243 0.2521314 0.6285675 0.2278743 0.6043106 0.2278743 0.6164391 0.2036174 0.6285675 0.2278743 0.6285675 0.2521314 0.6043106 0.2278743 0.6528243 0.2521314 0.6285675 0.2521314 0.6285675 0.2278743 0.6285675 0.2521314 0.6043106 0.2521314 0.6043106 0.2278743 0.6528243 0.2521314 0.6528243 0.2763881 0.6285675 0.2521314 0.6770814 0.2763881 0.6528243 0.2763881 0.6528243 0.2521314 0.6285675 0.2521314 0.6285675 0.2763881 0.6043106 0.2521314 0.6528243 0.2763881 0.6285675 0.2763881 0.6285675 0.2521314 0.6285675 0.2763881 0.6043106 0.2763881 0.6043106 0.2521314 0.6770814 0.2763881 0.6770814 0.3006451 0.6528243 0.2763881 0.6285675 0.2763881 0.6285675 0.3006451 0.6043106 0.2763881 0.6285675 0.3006451 0.6043106 0.3006451 0.6043106 0.2763881 0.6528243 0.2763881 0.6528243 0.3006451 0.6285675 0.2763881 0.6528243 0.3006451 0.6285675 0.3006451 0.6285675 0.2763881 0.6770814 0.3006451 0.6528243 0.3006451 0.6528243 0.2763881 0.6285675 0.3006451 0.6285675 0.3249019 0.6043106 0.3006451 0.6285675 0.3249019 0.6043106 0.3249019 0.6043106 0.3006451 0.6528243 0.3006451 0.6528243 0.3249019 0.6285675 0.3006451 0.6528243 0.3249019 0.6285675 0.3249019 0.6285675 0.3006451 0.6285675 0.3249019 0.6285675 0.3491589 0.6043106 0.3249019 0.6285675 0.3491589 0.6043106 0.3491589 0.6043106 0.3249019 0.6528243 0.3249019 0.6528243 0.3491589 0.6285675 0.3249019 0.6528243 0.3491589 0.6285675 0.3491589 0.6285675 0.3249019 0.6770814 0.3249019 0.6528243 0.3249019 0.6528243 0.3006451 0.6770814 0.3006451 0.6770814 0.3249019 0.6528243 0.3006451 0.6770814 0.3491589 0.6528243 0.3491589 0.6528243 0.3249019 0.6770814 0.3249019 0.6770814 0.3491589 0.6528243 0.3249019 0.6285675 0.3491589 0.6285675 0.3734157 0.6043106 0.3491589 0.6285675 0.3734157 0.6043106 0.3734157 0.6043106 0.3491589 0.6043106 0.3734157 0.6285675 0.3734157 0.6164391 0.3976727 0.6528243 0.3734157 0.6285675 0.3734157 0.6285675 0.3491589 0.6285675 0.3734157 0.6528243 0.3734157 0.6406959 0.3976727 0.6528243 0.3491589 0.6528243 0.3734157 0.6285675 0.3491589 0.6770814 0.3734157 0.6528243 0.3734157 0.6528243 0.3491589 0.6528243 0.3734157 0.6770814 0.3734157 0.6649529 0.3976727 0.6770814 0.3491589 0.6770814 0.3734157 0.6528243 0.3491589 0.6770814 0.3734157 0.7013382 0.3734157 0.6892097 0.3976727 0.7013382 0.3734157 0.6770814 0.3734157 0.6770814 0.3491589 0.7013382 0.3491589 0.7013382 0.3734157 0.6770814 0.3491589 0.7013382 0.3491589 0.6770814 0.3491589 0.6770814 0.3249019 0.7013382 0.3734157 0.7255951 0.3734157 0.7134666 0.3976727 0.7255951 0.3734157 0.7013382 0.3734157 0.7013382 0.3491589 0.7013382 0.3249019 0.7013382 0.3491589 0.6770814 0.3249019 0.7013382 0.3249019 0.6770814 0.3249019 0.6770814 0.3006451 0.7255951 0.3491589 0.7255951 0.3734157 0.7013382 0.3491589 0.7255951 0.3491589 0.7013382 0.3491589 0.7013382 0.3249019 0.7255951 0.3734157 0.7498521 0.3734157 0.7377236 0.3976727 0.7498521 0.3734157 0.7255951 0.3734157 0.7255951 0.3491589 0.7013382 0.3006451 0.7013382 0.3249019 0.6770814 0.3006451 0.7013382 0.3006451 0.6770814 0.3006451 0.6770814 0.2763881 0.7013382 0.2763881 0.7013382 0.3006451 0.6770814 0.2763881 0.7255951 0.3006451 0.7013382 0.3006451 0.7013382 0.2763881 0.7255951 0.3249019 0.7013382 0.3249019 0.7013382 0.3006451 0.7255951 0.3006451 0.7255951 0.3249019 0.7013382 0.3006451 0.7255951 0.3249019 0.7255951 0.3491589 0.7013382 0.3249019 0.7498521 0.3249019 0.7255951 0.3249019 0.7255951 0.3006451 0.7498521 0.3006451 0.7498521 0.3249019 0.7255951 0.3006451 0.774109 0.3249019 0.7498521 0.3249019 0.7498521 0.3006451 0.7498521 0.3491589 0.7255951 0.3491589 0.7255951 0.3249019 0.7498521 0.3249019 0.7498521 0.3491589 0.7255951 0.3249019 0.7498521 0.3491589 0.7498521 0.3734157 0.7255951 0.3491589 0.774109 0.3249019 0.774109 0.3491589 0.7498521 0.3249019 0.774109 0.3491589 0.7498521 0.3491589 0.7498521 0.3249019 0.7983658 0.3491589 0.774109 0.3491589 0.774109 0.3249019 0.7983658 0.3491589 0.7983658 0.3734157 0.774109 0.3491589 0.774109 0.3734157 0.7498521 0.3734157 0.7498521 0.3491589 0.774109 0.3491589 0.774109 0.3734157 0.7498521 0.3491589 0.7983658 0.3734157 0.774109 0.3734157 0.774109 0.3491589 0.7498521 0.3734157 0.774109 0.3734157 0.7619805 0.3976727 0.774109 0.3734157 0.7983658 0.3734157 0.7862374 0.3976727 0.7983658 0.4275211 0.774109 0.4275211 0.7862374 0.4032642 0.7983658 0.4275211 0.7983658 0.451778 0.774109 0.4275211 0.7983658 0.451778 0.774109 0.451778 0.774109 0.4275211 0.7983658 0.451778 0.7983658 0.4760348 0.774109 0.451778 0.774109 0.4275211 0.7498521 0.4275211 0.7619805 0.4032642 0.774109 0.4275211 0.774109 0.451778 0.7498521 0.4275211 0.7983658 0.4760348 0.774109 0.4760348 0.774109 0.451778 0.7983658 0.4760348 0.7983658 0.5002918 0.774109 0.4760348 0.774109 0.451778 0.7498521 0.451778 0.7498521 0.4275211 0.774109 0.451778 0.774109 0.4760348 0.7498521 0.451778 0.7498521 0.4275211 0.7255951 0.4275211 0.7377236 0.4032642 0.7498521 0.4275211 0.7498521 0.451778 0.7255951 0.4275211 0.7983658 0.5002918 0.774109 0.5002918 0.774109 0.4760348 0.7983658 0.5002918 0.7983658 0.5245487 0.774109 0.5002918 0.774109 0.4760348 0.7498521 0.4760348 0.7498521 0.451778 0.774109 0.4760348 0.774109 0.5002918 0.7498521 0.4760348 0.7498521 0.451778 0.7255951 0.451778 0.7255951 0.4275211 0.7498521 0.451778 0.7498521 0.4760348 0.7255951 0.451778 0.7255951 0.4275211 0.7013382 0.4275211 0.7134666 0.4032642 0.7255951 0.4275211 0.7255951 0.451778 0.7013382 0.4275211 0.7983658 0.5245487 0.774109 0.5245487 0.774109 0.5002918 0.7983658 0.5245487 0.7983658 0.5488056 0.774109 0.5245487 0.774109 0.5002918 0.7498521 0.5002918 0.7498521 0.4760348 0.774109 0.5002918 0.774109 0.5245487 0.7498521 0.5002918 0.7498521 0.4760348 0.7255951 0.4760348 0.7255951 0.451778 0.7498521 0.4760348 0.7498521 0.5002918 0.7255951 0.4760348 0.7255951 0.451778 0.7013382 0.451778 0.7013382 0.4275211 0.7255951 0.451778 0.7255951 0.4760348 0.7013382 0.451778 0.7013382 0.4275211 0.6770814 0.4275211 0.6892097 0.4032642 0.7013382 0.4275211 0.7013382 0.451778 0.6770814 0.4275211 0.7498521 0.5002918 0.7255951 0.5002918 0.7255951 0.4760348 0.7255951 0.4760348 0.7013382 0.4760348 0.7013382 0.451778 0.7255951 0.4760348 0.7255951 0.5002918 0.7013382 0.4760348 0.7013382 0.451778 0.6770814 0.451778 0.6770814 0.4275211 0.7013382 0.451778 0.7013382 0.4760348 0.6770814 0.451778 0.6770814 0.4275211 0.6528243 0.4275211 0.6649529 0.4032642 0.6770814 0.4275211 0.6770814 0.451778 0.6528243 0.4275211 0.6528243 0.4275211 0.6285675 0.4275211 0.6406959 0.4032642 0.6770814 0.451778 0.6528243 0.451778 0.6528243 0.4275211 0.6528243 0.4275211 0.6528243 0.451778 0.6285675 0.4275211 0.7013382 0.4760348 0.6770814 0.4760348 0.6770814 0.451778 0.6770814 0.451778 0.6770814 0.4760348 0.6528243 0.451778 0.6285675 0.4275211 0.6043106 0.4275211 0.6164391 0.4032642 0.6285675 0.4275211 0.6285675 0.451778 0.6043106 0.4275211 0.6528243 0.451778 0.6285675 0.451778 0.6285675 0.4275211 0.6285675 0.451778 0.6043106 0.451778 0.6043106 0.4275211 0.6528243 0.451778 0.6528243 0.4760348 0.6285675 0.451778 0.6770814 0.4760348 0.6528243 0.4760348 0.6528243 0.451778 0.6285675 0.451778 0.6285675 0.4760348 0.6043106 0.451778 0.6528243 0.4760348 0.6285675 0.4760348 0.6285675 0.451778 0.6285675 0.4760348 0.6043106 0.4760348 0.6043106 0.451778 0.6770814 0.4760348 0.6770814 0.5002918 0.6528243 0.4760348 0.6285675 0.4760348 0.6285675 0.5002918 0.6043106 0.4760348 0.6285675 0.5002918 0.6043106 0.5002918 0.6043106 0.4760348 0.6528243 0.4760348 0.6528243 0.5002918 0.6285675 0.4760348 0.6528243 0.5002918 0.6285675 0.5002918 0.6285675 0.4760348 0.6770814 0.5002918 0.6528243 0.5002918 0.6528243 0.4760348 0.6285675 0.5002918 0.6285675 0.5245487 0.6043106 0.5002918 0.6285675 0.5245487 0.6043106 0.5245487 0.6043106 0.5002918 0.6528243 0.5002918 0.6528243 0.5245487 0.6285675 0.5002918 0.6528243 0.5245487 0.6285675 0.5245487 0.6285675 0.5002918 0.6285675 0.5245487 0.6285675 0.5488056 0.6043106 0.5245487 0.6285675 0.5488056 0.6043106 0.5488056 0.6043106 0.5245487 0.6528243 0.5245487 0.6528243 0.5488056 0.6285675 0.5245487 0.6528243 0.5488056 0.6285675 0.5488056 0.6285675 0.5245487 0.6770814 0.5245487 0.6528243 0.5245487 0.6528243 0.5002918 0.6770814 0.5002918 0.6770814 0.5245487 0.6528243 0.5002918 0.6770814 0.5488056 0.6528243 0.5488056 0.6528243 0.5245487 0.6770814 0.5245487 0.6770814 0.5488056 0.6528243 0.5245487 0.6285675 0.5488056 0.6285675 0.5730624 0.6043106 0.5488056 0.6285675 0.5730624 0.6043106 0.5730624 0.6043106 0.5488056 0.6043106 0.5730624 0.6285675 0.5730624 0.6164391 0.5973194 0.6528243 0.5730624 0.6285675 0.5730624 0.6285675 0.5488056 0.6285675 0.5730624 0.6528243 0.5730624 0.6406959 0.5973194 0.6528243 0.5488056 0.6528243 0.5730624 0.6285675 0.5488056 0.6770814 0.5730624 0.6528243 0.5730624 0.6528243 0.5488056 0.6528243 0.5730624 0.6770814 0.5730624 0.6649529 0.5973194 0.6770814 0.5488056 0.6770814 0.5730624 0.6528243 0.5488056 0.6770814 0.5730624 0.7013382 0.5730624 0.6892097 0.5973194 0.7013382 0.5730624 0.6770814 0.5730624 0.6770814 0.5488056 0.7013382 0.5488056 0.7013382 0.5730624 0.6770814 0.5488056 0.7013382 0.5488056 0.6770814 0.5488056 0.6770814 0.5245487 0.7013382 0.5730624 0.7255951 0.5730624 0.7134666 0.5973194 0.7255951 0.5730624 0.7013382 0.5730624 0.7013382 0.5488056 0.7013382 0.5245487 0.7013382 0.5488056 0.6770814 0.5245487 0.7013382 0.5245487 0.6770814 0.5245487 0.6770814 0.5002918 0.7255951 0.5488056 0.7255951 0.5730624 0.7013382 0.5488056 0.7255951 0.5488056 0.7013382 0.5488056 0.7013382 0.5245487 0.7255951 0.5730624 0.7498521 0.5730624 0.7377236 0.5973194 0.7498521 0.5730624 0.7255951 0.5730624 0.7255951 0.5488056 0.7013382 0.5002918 0.7013382 0.5245487 0.6770814 0.5002918 0.7013382 0.5002918 0.6770814 0.5002918 0.6770814 0.4760348 0.7013382 0.4760348 0.7013382 0.5002918 0.6770814 0.4760348 0.7255951 0.5002918 0.7013382 0.5002918 0.7013382 0.4760348 0.7255951 0.5245487 0.7013382 0.5245487 0.7013382 0.5002918 0.7255951 0.5002918 0.7255951 0.5245487 0.7013382 0.5002918 0.7255951 0.5245487 0.7255951 0.5488056 0.7013382 0.5245487 0.7498521 0.5245487 0.7255951 0.5245487 0.7255951 0.5002918 0.7498521 0.5002918 0.7498521 0.5245487 0.7255951 0.5002918 0.774109 0.5245487 0.7498521 0.5245487 0.7498521 0.5002918 0.7498521 0.5488056 0.7255951 0.5488056 0.7255951 0.5245487 0.7498521 0.5245487 0.7498521 0.5488056 0.7255951 0.5245487 0.7498521 0.5488056 0.7498521 0.5730624 0.7255951 0.5488056 0.774109 0.5245487 0.774109 0.5488056 0.7498521 0.5245487 0.774109 0.5488056 0.7498521 0.5488056 0.7498521 0.5245487 0.7983658 0.5488056 0.774109 0.5488056 0.774109 0.5245487 0.7983658 0.5488056 0.7983658 0.5730624 0.774109 0.5488056 0.774109 0.5730624 0.7498521 0.5730624 0.7498521 0.5488056 0.774109 0.5488056 0.774109 0.5730624 0.7498521 0.5488056 0.7983658 0.5730624 0.774109 0.5730624 0.774109 0.5488056 0.7498521 0.5730624 0.774109 0.5730624 0.7619805 0.5973194 0.774109 0.5730624 0.7983658 0.5730624 0.7862374 0.5973194 0.7983658 0.4275211 0.774109 0.4275211 0.7862374 0.4032642 0.7983658 0.4275211 0.7983658 0.451778 0.774109 0.4275211 0.7983658 0.451778 0.774109 0.451778 0.774109 0.4275211 0.7983658 0.451778 0.7983658 0.4760348 0.774109 0.451778 0.774109 0.4275211 0.7498521 0.4275211 0.7619805 0.4032642 0.774109 0.4275211 0.774109 0.451778 0.7498521 0.4275211 0.7983658 0.4760348 0.774109 0.4760348 0.774109 0.451778 0.7983658 0.4760348 0.7983658 0.5002918 0.774109 0.4760348 0.774109 0.451778 0.7498521 0.451778 0.7498521 0.4275211 0.774109 0.451778 0.774109 0.4760348 0.7498521 0.451778 0.7498521 0.4275211 0.7255951 0.4275211 0.7377236 0.4032642 0.7498521 0.4275211 0.7498521 0.451778 0.7255951 0.4275211 0.7983658 0.5002918 0.774109 0.5002918 0.774109 0.4760348 0.7983658 0.5002918 0.7983658 0.5245487 0.774109 0.5002918 0.774109 0.4760348 0.7498521 0.4760348 0.7498521 0.451778 0.774109 0.4760348 0.774109 0.5002918 0.7498521 0.4760348 0.7498521 0.451778 0.7255951 0.451778 0.7255951 0.4275211 0.7498521 0.451778 0.7498521 0.4760348 0.7255951 0.451778 0.7255951 0.4275211 0.7013382 0.4275211 0.7134666 0.4032642 0.7255951 0.4275211 0.7255951 0.451778 0.7013382 0.4275211 0.7983658 0.5245487 0.774109 0.5245487 0.774109 0.5002918 0.7983658 0.5245487 0.7983658 0.5488056 0.774109 0.5245487 0.774109 0.5002918 0.7498521 0.5002918 0.7498521 0.4760348 0.774109 0.5002918 0.774109 0.5245487 0.7498521 0.5002918 0.7498521 0.4760348 0.7255951 0.4760348 0.7255951 0.451778 0.7498521 0.4760348 0.7498521 0.5002918 0.7255951 0.4760348 0.7255951 0.451778 0.7013382 0.451778 0.7013382 0.4275211 0.7255951 0.451778 0.7255951 0.4760348 0.7013382 0.451778 0.7013382 0.4275211 0.6770814 0.4275211 0.6892097 0.4032642 0.7013382 0.4275211 0.7013382 0.451778 0.6770814 0.4275211 0.7498521 0.5002918 0.7255951 0.5002918 0.7255951 0.4760348 0.7255951 0.4760348 0.7013382 0.4760348 0.7013382 0.451778 0.7255951 0.4760348 0.7255951 0.5002918 0.7013382 0.4760348 0.7013382 0.451778 0.6770814 0.451778 0.6770814 0.4275211 0.7013382 0.451778 0.7013382 0.4760348 0.6770814 0.451778 0.6770814 0.4275211 0.6528243 0.4275211 0.6649529 0.4032642 0.6770814 0.4275211 0.6770814 0.451778 0.6528243 0.4275211 0.6528243 0.4275211 0.6285675 0.4275211 0.6406959 0.4032642 0.6770814 0.451778 0.6528243 0.451778 0.6528243 0.4275211 0.6528243 0.4275211 0.6528243 0.451778 0.6285675 0.4275211 0.7013382 0.4760348 0.6770814 0.4760348 0.6770814 0.451778 0.6770814 0.451778 0.6770814 0.4760348 0.6528243 0.451778 0.6285675 0.4275211 0.6043106 0.4275211 0.6164391 0.4032642 0.6285675 0.4275211 0.6285675 0.451778 0.6043106 0.4275211 0.6528243 0.451778 0.6285675 0.451778 0.6285675 0.4275211 0.6285675 0.451778 0.6043106 0.451778 0.6043106 0.4275211 0.6528243 0.451778 0.6528243 0.4760348 0.6285675 0.451778 0.6770814 0.4760348 0.6528243 0.4760348 0.6528243 0.451778 0.6285675 0.451778 0.6285675 0.4760348 0.6043106 0.451778 0.6528243 0.4760348 0.6285675 0.4760348 0.6285675 0.451778 0.6285675 0.4760348 0.6043106 0.4760348 0.6043106 0.451778 0.6770814 0.4760348 0.6770814 0.5002918 0.6528243 0.4760348 0.6285675 0.4760348 0.6285675 0.5002918 0.6043106 0.4760348 0.6285675 0.5002918 0.6043106 0.5002918 0.6043106 0.4760348 0.6528243 0.4760348 0.6528243 0.5002918 0.6285675 0.4760348 0.6528243 0.5002918 0.6285675 0.5002918 0.6285675 0.4760348 0.6770814 0.5002918 0.6528243 0.5002918 0.6528243 0.4760348 0.6285675 0.5002918 0.6285675 0.5245487 0.6043106 0.5002918 0.6285675 0.5245487 0.6043106 0.5245487 0.6043106 0.5002918 0.6528243 0.5002918 0.6528243 0.5245487 0.6285675 0.5002918 0.6528243 0.5245487 0.6285675 0.5245487 0.6285675 0.5002918 0.6285675 0.5245487 0.6285675 0.5488056 0.6043106 0.5245487 0.6285675 0.5488056 0.6043106 0.5488056 0.6043106 0.5245487 0.6528243 0.5245487 0.6528243 0.5488056 0.6285675 0.5245487 0.6528243 0.5488056 0.6285675 0.5488056 0.6285675 0.5245487 0.6770814 0.5245487 0.6528243 0.5245487 0.6528243 0.5002918 0.6770814 0.5002918 0.6770814 0.5245487 0.6528243 0.5002918 0.6770814 0.5488056 0.6528243 0.5488056 0.6528243 0.5245487 0.6770814 0.5245487 0.6770814 0.5488056 0.6528243 0.5245487 0.6285675 0.5488056 0.6285675 0.5730624 0.6043106 0.5488056 0.6285675 0.5730624 0.6043106 0.5730624 0.6043106 0.5488056 0.6043106 0.5730624 0.6285675 0.5730624 0.6164391 0.5973194 0.6528243 0.5730624 0.6285675 0.5730624 0.6285675 0.5488056 0.6285675 0.5730624 0.6528243 0.5730624 0.6406959 0.5973194 0.6528243 0.5488056 0.6528243 0.5730624 0.6285675 0.5488056 0.6770814 0.5730624 0.6528243 0.5730624 0.6528243 0.5488056 0.6528243 0.5730624 0.6770814 0.5730624 0.6649529 0.5973194 0.6770814 0.5488056 0.6770814 0.5730624 0.6528243 0.5488056 0.6770814 0.5730624 0.7013382 0.5730624 0.6892097 0.5973194 0.7013382 0.5730624 0.6770814 0.5730624 0.6770814 0.5488056 0.7013382 0.5488056 0.7013382 0.5730624 0.6770814 0.5488056 0.7013382 0.5488056 0.6770814 0.5488056 0.6770814 0.5245487 0.7013382 0.5730624 0.7255951 0.5730624 0.7134666 0.5973194 0.7255951 0.5730624 0.7013382 0.5730624 0.7013382 0.5488056 0.7013382 0.5245487 0.7013382 0.5488056 0.6770814 0.5245487 0.7013382 0.5245487 0.6770814 0.5245487 0.6770814 0.5002918 0.7255951 0.5488056 0.7255951 0.5730624 0.7013382 0.5488056 0.7255951 0.5488056 0.7013382 0.5488056 0.7013382 0.5245487 0.7255951 0.5730624 0.7498521 0.5730624 0.7377236 0.5973194 0.7498521 0.5730624 0.7255951 0.5730624 0.7255951 0.5488056 0.7013382 0.5002918 0.7013382 0.5245487 0.6770814 0.5002918 0.7013382 0.5002918 0.6770814 0.5002918 0.6770814 0.4760348 0.7013382 0.4760348 0.7013382 0.5002918 0.6770814 0.4760348 0.7255951 0.5002918 0.7013382 0.5002918 0.7013382 0.4760348 0.7255951 0.5245487 0.7013382 0.5245487 0.7013382 0.5002918 0.7255951 0.5002918 0.7255951 0.5245487 0.7013382 0.5002918 0.7255951 0.5245487 0.7255951 0.5488056 0.7013382 0.5245487 0.7498521 0.5245487 0.7255951 0.5245487 0.7255951 0.5002918 0.7498521 0.5002918 0.7498521 0.5245487 0.7255951 0.5002918 0.774109 0.5245487 0.7498521 0.5245487 0.7498521 0.5002918 0.7498521 0.5488056 0.7255951 0.5488056 0.7255951 0.5245487 0.7498521 0.5245487 0.7498521 0.5488056 0.7255951 0.5245487 0.7498521 0.5488056 0.7498521 0.5730624 0.7255951 0.5488056 0.774109 0.5245487 0.774109 0.5488056 0.7498521 0.5245487 0.774109 0.5488056 0.7498521 0.5488056 0.7498521 0.5245487 0.7983658 0.5488056 0.774109 0.5488056 0.774109 0.5245487 0.7983658 0.5488056 0.7983658 0.5730624 0.774109 0.5488056 0.774109 0.5730624 0.7498521 0.5730624 0.7498521 0.5488056 0.774109 0.5488056 0.774109 0.5730624 0.7498521 0.5488056 0.7983658 0.5730624 0.774109 0.5730624 0.774109 0.5488056 0.7498521 0.5730624 0.774109 0.5730624 0.7619805 0.5973194 0.774109 0.5730624 0.7983658 0.5730624 0.7862374 0.5973194 0.7983658 0.4275211 0.774109 0.4275211 0.7862374 0.4032642 0.7983658 0.4275211 0.7983658 0.451778 0.774109 0.4275211 0.7983658 0.451778 0.774109 0.451778 0.774109 0.4275211 0.7983658 0.451778 0.7983658 0.4760348 0.774109 0.451778 0.774109 0.4275211 0.7498521 0.4275211 0.7619805 0.4032642 0.774109 0.4275211 0.774109 0.451778 0.7498521 0.4275211 0.7983658 0.4760348 0.774109 0.4760348 0.774109 0.451778 0.7983658 0.4760348 0.7983658 0.5002918 0.774109 0.4760348 0.774109 0.451778 0.7498521 0.451778 0.7498521 0.4275211 0.774109 0.451778 0.774109 0.4760348 0.7498521 0.451778 0.7498521 0.4275211 0.7255951 0.4275211 0.7377236 0.4032642 0.7498521 0.4275211 0.7498521 0.451778 0.7255951 0.4275211 0.7983658 0.5002918 0.774109 0.5002918 0.774109 0.4760348 0.7983658 0.5002918 0.7983658 0.5245487 0.774109 0.5002918 0.774109 0.4760348 0.7498521 0.4760348 0.7498521 0.451778 0.774109 0.4760348 0.774109 0.5002918 0.7498521 0.4760348 0.7498521 0.451778 0.7255951 0.451778 0.7255951 0.4275211 0.7498521 0.451778 0.7498521 0.4760348 0.7255951 0.451778 0.7255951 0.4275211 0.7013382 0.4275211 0.7134666 0.4032642 0.7255951 0.4275211 0.7255951 0.451778 0.7013382 0.4275211 0.7983658 0.5245487 0.774109 0.5245487 0.774109 0.5002918 0.7983658 0.5245487 0.7983658 0.5488056 0.774109 0.5245487 0.774109 0.5002918 0.7498521 0.5002918 0.7498521 0.4760348 0.774109 0.5002918 0.774109 0.5245487 0.7498521 0.5002918 0.7498521 0.4760348 0.7255951 0.4760348 0.7255951 0.451778 0.7498521 0.4760348 0.7498521 0.5002918 0.7255951 0.4760348 0.7255951 0.451778 0.7013382 0.451778 0.7013382 0.4275211 0.7255951 0.451778 0.7255951 0.4760348 0.7013382 0.451778 0.7013382 0.4275211 0.6770814 0.4275211 0.6892097 0.4032642 0.7013382 0.4275211 0.7013382 0.451778 0.6770814 0.4275211 0.7498521 0.5002918 0.7255951 0.5002918 0.7255951 0.4760348 0.7255951 0.4760348 0.7013382 0.4760348 0.7013382 0.451778 0.7255951 0.4760348 0.7255951 0.5002918 0.7013382 0.4760348 0.7013382 0.451778 0.6770814 0.451778 0.6770814 0.4275211 0.7013382 0.451778 0.7013382 0.4760348 0.6770814 0.451778 0.6770814 0.4275211 0.6528243 0.4275211 0.6649529 0.4032642 0.6770814 0.4275211 0.6770814 0.451778 0.6528243 0.4275211 0.6528243 0.4275211 0.6285675 0.4275211 0.6406959 0.4032642 0.6770814 0.451778 0.6528243 0.451778 0.6528243 0.4275211 0.6528243 0.4275211 0.6528243 0.451778 0.6285675 0.4275211 0.7013382 0.4760348 0.6770814 0.4760348 0.6770814 0.451778 0.6770814 0.451778 0.6770814 0.4760348 0.6528243 0.451778 0.6285675 0.4275211 0.6043106 0.4275211 0.6164391 0.4032642 0.6285675 0.4275211 0.6285675 0.451778 0.6043106 0.4275211 0.6528243 0.451778 0.6285675 0.451778 0.6285675 0.4275211 0.6285675 0.451778 0.6043106 0.451778 0.6043106 0.4275211 0.6528243 0.451778 0.6528243 0.4760348 0.6285675 0.451778 0.6770814 0.4760348 0.6528243 0.4760348 0.6528243 0.451778 0.6285675 0.451778 0.6285675 0.4760348 0.6043106 0.451778 0.6528243 0.4760348 0.6285675 0.4760348 0.6285675 0.451778 0.6285675 0.4760348 0.6043106 0.4760348 0.6043106 0.451778 0.6770814 0.4760348 0.6770814 0.5002918 0.6528243 0.4760348 0.6285675 0.4760348 0.6285675 0.5002918 0.6043106 0.4760348 0.6285675 0.5002918 0.6043106 0.5002918 0.6043106 0.4760348 0.6528243 0.4760348 0.6528243 0.5002918 0.6285675 0.4760348 0.6528243 0.5002918 0.6285675 0.5002918 0.6285675 0.4760348 0.6770814 0.5002918 0.6528243 0.5002918 0.6528243 0.4760348 0.6285675 0.5002918 0.6285675 0.5245487 0.6043106 0.5002918 0.6285675 0.5245487 0.6043106 0.5245487 0.6043106 0.5002918 0.6528243 0.5002918 0.6528243 0.5245487 0.6285675 0.5002918 0.6528243 0.5245487 0.6285675 0.5245487 0.6285675 0.5002918 0.6285675 0.5245487 0.6285675 0.5488056 0.6043106 0.5245487 0.6285675 0.5488056 0.6043106 0.5488056 0.6043106 0.5245487 0.6528243 0.5245487 0.6528243 0.5488056 0.6285675 0.5245487 0.6528243 0.5488056 0.6285675 0.5488056 0.6285675 0.5245487 0.6770814 0.5245487 0.6528243 0.5245487 0.6528243 0.5002918 0.6770814 0.5002918 0.6770814 0.5245487 0.6528243 0.5002918 0.6770814 0.5488056 0.6528243 0.5488056 0.6528243 0.5245487 0.6770814 0.5245487 0.6770814 0.5488056 0.6528243 0.5245487 0.6285675 0.5488056 0.6285675 0.5730624 0.6043106 0.5488056 0.6285675 0.5730624 0.6043106 0.5730624 0.6043106 0.5488056 0.6043106 0.5730624 0.6285675 0.5730624 0.6164391 0.5973194 0.6528243 0.5730624 0.6285675 0.5730624 0.6285675 0.5488056 0.6285675 0.5730624 0.6528243 0.5730624 0.6406959 0.5973194 0.6528243 0.5488056 0.6528243 0.5730624 0.6285675 0.5488056 0.6770814 0.5730624 0.6528243 0.5730624 0.6528243 0.5488056 0.6528243 0.5730624 0.6770814 0.5730624 0.6649529 0.5973194 0.6770814 0.5488056 0.6770814 0.5730624 0.6528243 0.5488056 0.6770814 0.5730624 0.7013382 0.5730624 0.6892097 0.5973194 0.7013382 0.5730624 0.6770814 0.5730624 0.6770814 0.5488056 0.7013382 0.5488056 0.7013382 0.5730624 0.6770814 0.5488056 0.7013382 0.5488056 0.6770814 0.5488056 0.6770814 0.5245487 0.7013382 0.5730624 0.7255951 0.5730624 0.7134666 0.5973194 0.7255951 0.5730624 0.7013382 0.5730624 0.7013382 0.5488056 0.7013382 0.5245487 0.7013382 0.5488056 0.6770814 0.5245487 0.7013382 0.5245487 0.6770814 0.5245487 0.6770814 0.5002918 0.7255951 0.5488056 0.7255951 0.5730624 0.7013382 0.5488056 0.7255951 0.5488056 0.7013382 0.5488056 0.7013382 0.5245487 0.7255951 0.5730624 0.7498521 0.5730624 0.7377236 0.5973194 0.7498521 0.5730624 0.7255951 0.5730624 0.7255951 0.5488056 0.7013382 0.5002918 0.7013382 0.5245487 0.6770814 0.5002918 0.7013382 0.5002918 0.6770814 0.5002918 0.6770814 0.4760348 0.7013382 0.4760348 0.7013382 0.5002918 0.6770814 0.4760348 0.7255951 0.5002918 0.7013382 0.5002918 0.7013382 0.4760348 0.7255951 0.5245487 0.7013382 0.5245487 0.7013382 0.5002918 0.7255951 0.5002918 0.7255951 0.5245487 0.7013382 0.5002918 0.7255951 0.5245487 0.7255951 0.5488056 0.7013382 0.5245487 0.7498521 0.5245487 0.7255951 0.5245487 0.7255951 0.5002918 0.7498521 0.5002918 0.7498521 0.5245487 0.7255951 0.5002918 0.774109 0.5245487 0.7498521 0.5245487 0.7498521 0.5002918 0.7498521 0.5488056 0.7255951 0.5488056 0.7255951 0.5245487 0.7498521 0.5245487 0.7498521 0.5488056 0.7255951 0.5245487 0.7498521 0.5488056 0.7498521 0.5730624 0.7255951 0.5488056 0.774109 0.5245487 0.774109 0.5488056 0.7498521 0.5245487 0.774109 0.5488056 0.7498521 0.5488056 0.7498521 0.5245487 0.7983658 0.5488056 0.774109 0.5488056 0.774109 0.5245487 0.7983658 0.5488056 0.7983658 0.5730624 0.774109 0.5488056 0.774109 0.5730624 0.7498521 0.5730624 0.7498521 0.5488056 0.774109 0.5488056 0.774109 0.5730624 0.7498521 0.5488056 0.7983658 0.5730624 0.774109 0.5730624 0.774109 0.5488056 0.7498521 0.5730624 0.774109 0.5730624 0.7619805 0.5973194 0.774109 0.5730624 0.7983658 0.5730624 0.7862374 0.5973194 0.7983658 0.4275211 0.774109 0.4275211 0.7862374 0.4032642 0.7983658 0.4275211 0.7983658 0.451778 0.774109 0.4275211 0.7983658 0.451778 0.774109 0.451778 0.774109 0.4275211 0.7983658 0.451778 0.7983658 0.4760348 0.774109 0.451778 0.774109 0.4275211 0.7498521 0.4275211 0.7619805 0.4032642 0.774109 0.4275211 0.774109 0.451778 0.7498521 0.4275211 0.7983658 0.4760348 0.774109 0.4760348 0.774109 0.451778 0.7983658 0.4760348 0.7983658 0.5002918 0.774109 0.4760348 0.774109 0.451778 0.7498521 0.451778 0.7498521 0.4275211 0.774109 0.451778 0.774109 0.4760348 0.7498521 0.451778 0.7498521 0.4275211 0.7255951 0.4275211 0.7377236 0.4032642 0.7498521 0.4275211 0.7498521 0.451778 0.7255951 0.4275211 0.7983658 0.5002918 0.774109 0.5002918 0.774109 0.4760348 0.7983658 0.5002918 0.7983658 0.5245487 0.774109 0.5002918 0.774109 0.4760348 0.7498521 0.4760348 0.7498521 0.451778 0.774109 0.4760348 0.774109 0.5002918 0.7498521 0.4760348 0.7498521 0.451778 0.7255951 0.451778 0.7255951 0.4275211 0.7498521 0.451778 0.7498521 0.4760348 0.7255951 0.451778 0.7255951 0.4275211 0.7013382 0.4275211 0.7134666 0.4032642 0.7255951 0.4275211 0.7255951 0.451778 0.7013382 0.4275211 0.7983658 0.5245487 0.774109 0.5245487 0.774109 0.5002918 0.7983658 0.5245487 0.7983658 0.5488056 0.774109 0.5245487 0.774109 0.5002918 0.7498521 0.5002918 0.7498521 0.4760348 0.774109 0.5002918 0.774109 0.5245487 0.7498521 0.5002918 0.7498521 0.4760348 0.7255951 0.4760348 0.7255951 0.451778 0.7498521 0.4760348 0.7498521 0.5002918 0.7255951 0.4760348 0.7255951 0.451778 0.7013382 0.451778 0.7013382 0.4275211 0.7255951 0.451778 0.7255951 0.4760348 0.7013382 0.451778 0.7013382 0.4275211 0.6770814 0.4275211 0.6892097 0.4032642 0.7013382 0.4275211 0.7013382 0.451778 0.6770814 0.4275211 0.7498521 0.5002918 0.7255951 0.5002918 0.7255951 0.4760348 0.7255951 0.4760348 0.7013382 0.4760348 0.7013382 0.451778 0.7255951 0.4760348 0.7255951 0.5002918 0.7013382 0.4760348 0.7013382 0.451778 0.6770814 0.451778 0.6770814 0.4275211 0.7013382 0.451778 0.7013382 0.4760348 0.6770814 0.451778 0.6770814 0.4275211 0.6528243 0.4275211 0.6649529 0.4032642 0.6770814 0.4275211 0.6770814 0.451778 0.6528243 0.4275211 0.6528243 0.4275211 0.6285675 0.4275211 0.6406959 0.4032642 0.6770814 0.451778 0.6528243 0.451778 0.6528243 0.4275211 0.6528243 0.4275211 0.6528243 0.451778 0.6285675 0.4275211 0.7013382 0.4760348 0.6770814 0.4760348 0.6770814 0.451778 0.6770814 0.451778 0.6770814 0.4760348 0.6528243 0.451778 0.6285675 0.4275211 0.6043106 0.4275211 0.6164391 0.4032642 0.6285675 0.4275211 0.6285675 0.451778 0.6043106 0.4275211 0.6528243 0.451778 0.6285675 0.451778 0.6285675 0.4275211 0.6285675 0.451778 0.6043106 0.451778 0.6043106 0.4275211 0.6528243 0.451778 0.6528243 0.4760348 0.6285675 0.451778 0.6770814 0.4760348 0.6528243 0.4760348 0.6528243 0.451778 0.6285675 0.451778 0.6285675 0.4760348 0.6043106 0.451778 0.6528243 0.4760348 0.6285675 0.4760348 0.6285675 0.451778 0.6285675 0.4760348 0.6043106 0.4760348 0.6043106 0.451778 0.6770814 0.4760348 0.6770814 0.5002918 0.6528243 0.4760348 0.6285675 0.4760348 0.6285675 0.5002918 0.6043106 0.4760348 0.6285675 0.5002918 0.6043106 0.5002918 0.6043106 0.4760348 0.6528243 0.4760348 0.6528243 0.5002918 0.6285675 0.4760348 0.6528243 0.5002918 0.6285675 0.5002918 0.6285675 0.4760348 0.6770814 0.5002918 0.6528243 0.5002918 0.6528243 0.4760348 0.6285675 0.5002918 0.6285675 0.5245487 0.6043106 0.5002918 0.6285675 0.5245487 0.6043106 0.5245487 0.6043106 0.5002918 0.6528243 0.5002918 0.6528243 0.5245487 0.6285675 0.5002918 0.6528243 0.5245487 0.6285675 0.5245487 0.6285675 0.5002918 0.6285675 0.5245487 0.6285675 0.5488056 0.6043106 0.5245487 0.6285675 0.5488056 0.6043106 0.5488056 0.6043106 0.5245487 0.6528243 0.5245487 0.6528243 0.5488056 0.6285675 0.5245487 0.6528243 0.5488056 0.6285675 0.5488056 0.6285675 0.5245487 0.6770814 0.5245487 0.6528243 0.5245487 0.6528243 0.5002918 0.6770814 0.5002918 0.6770814 0.5245487 0.6528243 0.5002918 0.6770814 0.5488056 0.6528243 0.5488056 0.6528243 0.5245487 0.6770814 0.5245487 0.6770814 0.5488056 0.6528243 0.5245487 0.6285675 0.5488056 0.6285675 0.5730624 0.6043106 0.5488056 0.6285675 0.5730624 0.6043106 0.5730624 0.6043106 0.5488056 0.6043106 0.5730624 0.6285675 0.5730624 0.6164391 0.5973194 0.6528243 0.5730624 0.6285675 0.5730624 0.6285675 0.5488056 0.6285675 0.5730624 0.6528243 0.5730624 0.6406959 0.5973194 0.6528243 0.5488056 0.6528243 0.5730624 0.6285675 0.5488056 0.6770814 0.5730624 0.6528243 0.5730624 0.6528243 0.5488056 0.6528243 0.5730624 0.6770814 0.5730624 0.6649529 0.5973194 0.6770814 0.5488056 0.6770814 0.5730624 0.6528243 0.5488056 0.6770814 0.5730624 0.7013382 0.5730624 0.6892097 0.5973194 0.7013382 0.5730624 0.6770814 0.5730624 0.6770814 0.5488056 0.7013382 0.5488056 0.7013382 0.5730624 0.6770814 0.5488056 0.7013382 0.5488056 0.6770814 0.5488056 0.6770814 0.5245487 0.7013382 0.5730624 0.7255951 0.5730624 0.7134666 0.5973194 0.7255951 0.5730624 0.7013382 0.5730624 0.7013382 0.5488056 0.7013382 0.5245487 0.7013382 0.5488056 0.6770814 0.5245487 0.7013382 0.5245487 0.6770814 0.5245487 0.6770814 0.5002918 0.7255951 0.5488056 0.7255951 0.5730624 0.7013382 0.5488056 0.7255951 0.5488056 0.7013382 0.5488056 0.7013382 0.5245487 0.7255951 0.5730624 0.7498521 0.5730624 0.7377236 0.5973194 0.7498521 0.5730624 0.7255951 0.5730624 0.7255951 0.5488056 0.7013382 0.5002918 0.7013382 0.5245487 0.6770814 0.5002918 0.7013382 0.5002918 0.6770814 0.5002918 0.6770814 0.4760348 0.7013382 0.4760348 0.7013382 0.5002918 0.6770814 0.4760348 0.7255951 0.5002918 0.7013382 0.5002918 0.7013382 0.4760348 0.7255951 0.5245487 0.7013382 0.5245487 0.7013382 0.5002918 0.7255951 0.5002918 0.7255951 0.5245487 0.7013382 0.5002918 0.7255951 0.5245487 0.7255951 0.5488056 0.7013382 0.5245487 0.7498521 0.5245487 0.7255951 0.5245487 0.7255951 0.5002918 0.7498521 0.5002918 0.7498521 0.5245487 0.7255951 0.5002918 0.774109 0.5245487 0.7498521 0.5245487 0.7498521 0.5002918 0.7498521 0.5488056 0.7255951 0.5488056 0.7255951 0.5245487 0.7498521 0.5245487 0.7498521 0.5488056 0.7255951 0.5245487 0.7498521 0.5488056 0.7498521 0.5730624 0.7255951 0.5488056 0.774109 0.5245487 0.774109 0.5488056 0.7498521 0.5245487 0.774109 0.5488056 0.7498521 0.5488056 0.7498521 0.5245487 0.7983658 0.5488056 0.774109 0.5488056 0.774109 0.5245487 0.7983658 0.5488056 0.7983658 0.5730624 0.774109 0.5488056 0.774109 0.5730624 0.7498521 0.5730624 0.7498521 0.5488056 0.774109 0.5488056 0.774109 0.5730624 0.7498521 0.5488056 0.7983658 0.5730624 0.774109 0.5730624 0.774109 0.5488056 0.7498521 0.5730624 0.774109 0.5730624 0.7619805 0.5973194 0.774109 0.5730624 0.7983658 0.5730624 0.7862374 0.5973194 0.7983658 0.4275211 0.774109 0.4275211 0.7862374 0.4032642 0.7983658 0.4275211 0.7983658 0.451778 0.774109 0.4275211 0.7983658 0.451778 0.774109 0.451778 0.774109 0.4275211 0.7983658 0.451778 0.7983658 0.4760348 0.774109 0.451778 0.774109 0.4275211 0.7498521 0.4275211 0.7619805 0.4032642 0.774109 0.4275211 0.774109 0.451778 0.7498521 0.4275211 0.7983658 0.4760348 0.774109 0.4760348 0.774109 0.451778 0.7983658 0.4760348 0.7983658 0.5002918 0.774109 0.4760348 0.774109 0.451778 0.7498521 0.451778 0.7498521 0.4275211 0.774109 0.451778 0.774109 0.4760348 0.7498521 0.451778 0.7498521 0.4275211 0.7255951 0.4275211 0.7377236 0.4032642 0.7498521 0.4275211 0.7498521 0.451778 0.7255951 0.4275211 0.7983658 0.5002918 0.774109 0.5002918 0.774109 0.4760348 0.7983658 0.5002918 0.7983658 0.5245487 0.774109 0.5002918 0.774109 0.4760348 0.7498521 0.4760348 0.7498521 0.451778 0.774109 0.4760348 0.774109 0.5002918 0.7498521 0.4760348 0.7498521 0.451778 0.7255951 0.451778 0.7255951 0.4275211 0.7498521 0.451778 0.7498521 0.4760348 0.7255951 0.451778 0.7255951 0.4275211 0.7013382 0.4275211 0.7134666 0.4032642 0.7255951 0.4275211 0.7255951 0.451778 0.7013382 0.4275211 0.7983658 0.5245487 0.774109 0.5245487 0.774109 0.5002918 0.7983658 0.5245487 0.7983658 0.5488056 0.774109 0.5245487 0.774109 0.5002918 0.7498521 0.5002918 0.7498521 0.4760348 0.774109 0.5002918 0.774109 0.5245487 0.7498521 0.5002918 0.7498521 0.4760348 0.7255951 0.4760348 0.7255951 0.451778 0.7498521 0.4760348 0.7498521 0.5002918 0.7255951 0.4760348 0.7255951 0.451778 0.7013382 0.451778 0.7013382 0.4275211 0.7255951 0.451778 0.7255951 0.4760348 0.7013382 0.451778 0.7013382 0.4275211 0.6770814 0.4275211 0.6892097 0.4032642 0.7013382 0.4275211 0.7013382 0.451778 0.6770814 0.4275211 0.7498521 0.5002918 0.7255951 0.5002918 0.7255951 0.4760348 0.7255951 0.4760348 0.7013382 0.4760348 0.7013382 0.451778 0.7255951 0.4760348 0.7255951 0.5002918 0.7013382 0.4760348 0.7013382 0.451778 0.6770814 0.451778 0.6770814 0.4275211 0.7013382 0.451778 0.7013382 0.4760348 0.6770814 0.451778 0.6770814 0.4275211 0.6528243 0.4275211 0.6649529 0.4032642 0.6770814 0.4275211 0.6770814 0.451778 0.6528243 0.4275211 0.6528243 0.4275211 0.6285675 0.4275211 0.6406959 0.4032642 0.6770814 0.451778 0.6528243 0.451778 0.6528243 0.4275211 0.6528243 0.4275211 0.6528243 0.451778 0.6285675 0.4275211 0.7013382 0.4760348 0.6770814 0.4760348 0.6770814 0.451778 0.6770814 0.451778 0.6770814 0.4760348 0.6528243 0.451778 0.6285675 0.4275211 0.6043106 0.4275211 0.6164391 0.4032642 0.6285675 0.4275211 0.6285675 0.451778 0.6043106 0.4275211 0.6528243 0.451778 0.6285675 0.451778 0.6285675 0.4275211 0.6285675 0.451778 0.6043106 0.451778 0.6043106 0.4275211 0.6528243 0.451778 0.6528243 0.4760348 0.6285675 0.451778 0.6770814 0.4760348 0.6528243 0.4760348 0.6528243 0.451778 0.6285675 0.451778 0.6285675 0.4760348 0.6043106 0.451778 0.6528243 0.4760348 0.6285675 0.4760348 0.6285675 0.451778 0.6285675 0.4760348 0.6043106 0.4760348 0.6043106 0.451778 0.6770814 0.4760348 0.6770814 0.5002918 0.6528243 0.4760348 0.6285675 0.4760348 0.6285675 0.5002918 0.6043106 0.4760348 0.6285675 0.5002918 0.6043106 0.5002918 0.6043106 0.4760348 0.6528243 0.4760348 0.6528243 0.5002918 0.6285675 0.4760348 0.6528243 0.5002918 0.6285675 0.5002918 0.6285675 0.4760348 0.6770814 0.5002918 0.6528243 0.5002918 0.6528243 0.4760348 0.6285675 0.5002918 0.6285675 0.5245487 0.6043106 0.5002918 0.6285675 0.5245487 0.6043106 0.5245487 0.6043106 0.5002918 0.6528243 0.5002918 0.6528243 0.5245487 0.6285675 0.5002918 0.6528243 0.5245487 0.6285675 0.5245487 0.6285675 0.5002918 0.6285675 0.5245487 0.6285675 0.5488056 0.6043106 0.5245487 0.6285675 0.5488056 0.6043106 0.5488056 0.6043106 0.5245487 0.6528243 0.5245487 0.6528243 0.5488056 0.6285675 0.5245487 0.6528243 0.5488056 0.6285675 0.5488056 0.6285675 0.5245487 0.6770814 0.5245487 0.6528243 0.5245487 0.6528243 0.5002918 0.6770814 0.5002918 0.6770814 0.5245487 0.6528243 0.5002918 0.6770814 0.5488056 0.6528243 0.5488056 0.6528243 0.5245487 0.6770814 0.5245487 0.6770814 0.5488056 0.6528243 0.5245487 0.6285675 0.5488056 0.6285675 0.5730624 0.6043106 0.5488056 0.6285675 0.5730624 0.6043106 0.5730624 0.6043106 0.5488056 0.6043106 0.5730624 0.6285675 0.5730624 0.6164391 0.5973194 0.6528243 0.5730624 0.6285675 0.5730624 0.6285675 0.5488056 0.6285675 0.5730624 0.6528243 0.5730624 0.6406959 0.5973194 0.6528243 0.5488056 0.6528243 0.5730624 0.6285675 0.5488056 0.6770814 0.5730624 0.6528243 0.5730624 0.6528243 0.5488056 0.6528243 0.5730624 0.6770814 0.5730624 0.6649529 0.5973194 0.6770814 0.5488056 0.6770814 0.5730624 0.6528243 0.5488056 0.6770814 0.5730624 0.7013382 0.5730624 0.6892097 0.5973194 0.7013382 0.5730624 0.6770814 0.5730624 0.6770814 0.5488056 0.7013382 0.5488056 0.7013382 0.5730624 0.6770814 0.5488056 0.7013382 0.5488056 0.6770814 0.5488056 0.6770814 0.5245487 0.7013382 0.5730624 0.7255951 0.5730624 0.7134666 0.5973194 0.7255951 0.5730624 0.7013382 0.5730624 0.7013382 0.5488056 0.7013382 0.5245487 0.7013382 0.5488056 0.6770814 0.5245487 0.7013382 0.5245487 0.6770814 0.5245487 0.6770814 0.5002918 0.7255951 0.5488056 0.7255951 0.5730624 0.7013382 0.5488056 0.7255951 0.5488056 0.7013382 0.5488056 0.7013382 0.5245487 0.7255951 0.5730624 0.7498521 0.5730624 0.7377236 0.5973194 0.7498521 0.5730624 0.7255951 0.5730624 0.7255951 0.5488056 0.7013382 0.5002918 0.7013382 0.5245487 0.6770814 0.5002918 0.7013382 0.5002918 0.6770814 0.5002918 0.6770814 0.4760348 0.7013382 0.4760348 0.7013382 0.5002918 0.6770814 0.4760348 0.7255951 0.5002918 0.7013382 0.5002918 0.7013382 0.4760348 0.7255951 0.5245487 0.7013382 0.5245487 0.7013382 0.5002918 0.7255951 0.5002918 0.7255951 0.5245487 0.7013382 0.5002918 0.7255951 0.5245487 0.7255951 0.5488056 0.7013382 0.5245487 0.7498521 0.5245487 0.7255951 0.5245487 0.7255951 0.5002918 0.7498521 0.5002918 0.7498521 0.5245487 0.7255951 0.5002918 0.774109 0.5245487 0.7498521 0.5245487 0.7498521 0.5002918 0.7498521 0.5488056 0.7255951 0.5488056 0.7255951 0.5245487 0.7498521 0.5245487 0.7498521 0.5488056 0.7255951 0.5245487 0.7498521 0.5488056 0.7498521 0.5730624 0.7255951 0.5488056 0.774109 0.5245487 0.774109 0.5488056 0.7498521 0.5245487 0.774109 0.5488056 0.7498521 0.5488056 0.7498521 0.5245487 0.7983658 0.5488056 0.774109 0.5488056 0.774109 0.5245487 0.7983658 0.5488056 0.7983658 0.5730624 0.774109 0.5488056 0.774109 0.5730624 0.7498521 0.5730624 0.7498521 0.5488056 0.774109 0.5488056 0.774109 0.5730624 0.7498521 0.5488056 0.7983658 0.5730624 0.774109 0.5730624 0.774109 0.5488056 0.7498521 0.5730624 0.774109 0.5730624 0.7619805 0.5973194 0.774109 0.5730624 0.7983658 0.5730624 0.7862374 0.5973194 0.7983658 0.4275211 0.774109 0.4275211 0.7862374 0.4032642 0.7983658 0.4275211 0.7983658 0.451778 0.774109 0.4275211 0.7983658 0.451778 0.774109 0.451778 0.774109 0.4275211 0.7983658 0.451778 0.7983658 0.4760348 0.774109 0.451778 0.774109 0.4275211 0.7498521 0.4275211 0.7619805 0.4032642 0.774109 0.4275211 0.774109 0.451778 0.7498521 0.4275211 0.7983658 0.4760348 0.774109 0.4760348 0.774109 0.451778 0.7983658 0.4760348 0.7983658 0.5002918 0.774109 0.4760348 0.774109 0.451778 0.7498521 0.451778 0.7498521 0.4275211 0.774109 0.451778 0.774109 0.4760348 0.7498521 0.451778 0.7498521 0.4275211 0.7255951 0.4275211 0.7377236 0.4032642 0.7498521 0.4275211 0.7498521 0.451778 0.7255951 0.4275211 0.7983658 0.5002918 0.774109 0.5002918 0.774109 0.4760348 0.7983658 0.5002918 0.7983658 0.5245487 0.774109 0.5002918 0.774109 0.4760348 0.7498521 0.4760348 0.7498521 0.451778 0.774109 0.4760348 0.774109 0.5002918 0.7498521 0.4760348 0.7498521 0.451778 0.7255951 0.451778 0.7255951 0.4275211 0.7498521 0.451778 0.7498521 0.4760348 0.7255951 0.451778 0.7255951 0.4275211 0.7013382 0.4275211 0.7134666 0.4032642 0.7255951 0.4275211 0.7255951 0.451778 0.7013382 0.4275211 0.7983658 0.5245487 0.774109 0.5245487 0.774109 0.5002918 0.7983658 0.5245487 0.7983658 0.5488056 0.774109 0.5245487 0.774109 0.5002918 0.7498521 0.5002918 0.7498521 0.4760348 0.774109 0.5002918 0.774109 0.5245487 0.7498521 0.5002918 0.7498521 0.4760348 0.7255951 0.4760348 0.7255951 0.451778 0.7498521 0.4760348 0.7498521 0.5002918 0.7255951 0.4760348 0.7255951 0.451778 0.7013382 0.451778 0.7013382 0.4275211 0.7255951 0.451778 0.7255951 0.4760348 0.7013382 0.451778 0.7013382 0.4275211 0.6770814 0.4275211 0.6892097 0.4032642 0.7013382 0.4275211 0.7013382 0.451778 0.6770814 0.4275211 0.7498521 0.5002918 0.7255951 0.5002918 0.7255951 0.4760348 0.7255951 0.4760348 0.7013382 0.4760348 0.7013382 0.451778 0.7255951 0.4760348 0.7255951 0.5002918 0.7013382 0.4760348 0.7013382 0.451778 0.6770814 0.451778 0.6770814 0.4275211 0.7013382 0.451778 0.7013382 0.4760348 0.6770814 0.451778 0.6770814 0.4275211 0.6528243 0.4275211 0.6649529 0.4032642 0.6770814 0.4275211 0.6770814 0.451778 0.6528243 0.4275211 0.6528243 0.4275211 0.6285675 0.4275211 0.6406959 0.4032642 0.6770814 0.451778 0.6528243 0.451778 0.6528243 0.4275211 0.6528243 0.4275211 0.6528243 0.451778 0.6285675 0.4275211 0.7013382 0.4760348 0.6770814 0.4760348 0.6770814 0.451778 0.6770814 0.451778 0.6770814 0.4760348 0.6528243 0.451778 0.6285675 0.4275211 0.6043106 0.4275211 0.6164391 0.4032642 0.6285675 0.4275211 0.6285675 0.451778 0.6043106 0.4275211 0.6528243 0.451778 0.6285675 0.451778 0.6285675 0.4275211 0.6285675 0.451778 0.6043106 0.451778 0.6043106 0.4275211 0.6528243 0.451778 0.6528243 0.4760348 0.6285675 0.451778 0.6770814 0.4760348 0.6528243 0.4760348 0.6528243 0.451778 0.6285675 0.451778 0.6285675 0.4760348 0.6043106 0.451778 0.6528243 0.4760348 0.6285675 0.4760348 0.6285675 0.451778 0.6285675 0.4760348 0.6043106 0.4760348 0.6043106 0.451778 0.6770814 0.4760348 0.6770814 0.5002918 0.6528243 0.4760348 0.6285675 0.4760348 0.6285675 0.5002918 0.6043106 0.4760348 0.6285675 0.5002918 0.6043106 0.5002918 0.6043106 0.4760348 0.6528243 0.4760348 0.6528243 0.5002918 0.6285675 0.4760348 0.6528243 0.5002918 0.6285675 0.5002918 0.6285675 0.4760348 0.6770814 0.5002918 0.6528243 0.5002918 0.6528243 0.4760348 0.6285675 0.5002918 0.6285675 0.5245487 0.6043106 0.5002918 0.6285675 0.5245487 0.6043106 0.5245487 0.6043106 0.5002918 0.6528243 0.5002918 0.6528243 0.5245487 0.6285675 0.5002918 0.6528243 0.5245487 0.6285675 0.5245487 0.6285675 0.5002918 0.6285675 0.5245487 0.6285675 0.5488056 0.6043106 0.5245487 0.6285675 0.5488056 0.6043106 0.5488056 0.6043106 0.5245487 0.6528243 0.5245487 0.6528243 0.5488056 0.6285675 0.5245487 0.6528243 0.5488056 0.6285675 0.5488056 0.6285675 0.5245487 0.6770814 0.5245487 0.6528243 0.5245487 0.6528243 0.5002918 0.6770814 0.5002918 0.6770814 0.5245487 0.6528243 0.5002918 0.6770814 0.5488056 0.6528243 0.5488056 0.6528243 0.5245487 0.6770814 0.5245487 0.6770814 0.5488056 0.6528243 0.5245487 0.6285675 0.5488056 0.6285675 0.5730624 0.6043106 0.5488056 0.6285675 0.5730624 0.6043106 0.5730624 0.6043106 0.5488056 0.6043106 0.5730624 0.6285675 0.5730624 0.6164391 0.5973194 0.6528243 0.5730624 0.6285675 0.5730624 0.6285675 0.5488056 0.6285675 0.5730624 0.6528243 0.5730624 0.6406959 0.5973194 0.6528243 0.5488056 0.6528243 0.5730624 0.6285675 0.5488056 0.6770814 0.5730624 0.6528243 0.5730624 0.6528243 0.5488056 0.6528243 0.5730624 0.6770814 0.5730624 0.6649529 0.5973194 0.6770814 0.5488056 0.6770814 0.5730624 0.6528243 0.5488056 0.6770814 0.5730624 0.7013382 0.5730624 0.6892097 0.5973194 0.7013382 0.5730624 0.6770814 0.5730624 0.6770814 0.5488056 0.7013382 0.5488056 0.7013382 0.5730624 0.6770814 0.5488056 0.7013382 0.5488056 0.6770814 0.5488056 0.6770814 0.5245487 0.7013382 0.5730624 0.7255951 0.5730624 0.7134666 0.5973194 0.7255951 0.5730624 0.7013382 0.5730624 0.7013382 0.5488056 0.7013382 0.5245487 0.7013382 0.5488056 0.6770814 0.5245487 0.7013382 0.5245487 0.6770814 0.5245487 0.6770814 0.5002918 0.7255951 0.5488056 0.7255951 0.5730624 0.7013382 0.5488056 0.7255951 0.5488056 0.7013382 0.5488056 0.7013382 0.5245487 0.7255951 0.5730624 0.7498521 0.5730624 0.7377236 0.5973194 0.7498521 0.5730624 0.7255951 0.5730624 0.7255951 0.5488056 0.7013382 0.5002918 0.7013382 0.5245487 0.6770814 0.5002918 0.7013382 0.5002918 0.6770814 0.5002918 0.6770814 0.4760348 0.7013382 0.4760348 0.7013382 0.5002918 0.6770814 0.4760348 0.7255951 0.5002918 0.7013382 0.5002918 0.7013382 0.4760348 0.7255951 0.5245487 0.7013382 0.5245487 0.7013382 0.5002918 0.7255951 0.5002918 0.7255951 0.5245487 0.7013382 0.5002918 0.7255951 0.5245487 0.7255951 0.5488056 0.7013382 0.5245487 0.7498521 0.5245487 0.7255951 0.5245487 0.7255951 0.5002918 0.7498521 0.5002918 0.7498521 0.5245487 0.7255951 0.5002918 0.774109 0.5245487 0.7498521 0.5245487 0.7498521 0.5002918 0.7498521 0.5488056 0.7255951 0.5488056 0.7255951 0.5245487 0.7498521 0.5245487 0.7498521 0.5488056 0.7255951 0.5245487 0.7498521 0.5488056 0.7498521 0.5730624 0.7255951 0.5488056 0.774109 0.5245487 0.774109 0.5488056 0.7498521 0.5245487 0.774109 0.5488056 0.7498521 0.5488056 0.7498521 0.5245487 0.7983658 0.5488056 0.774109 0.5488056 0.774109 0.5245487 0.7983658 0.5488056 0.7983658 0.5730624 0.774109 0.5488056 0.774109 0.5730624 0.7498521 0.5730624 0.7498521 0.5488056 0.774109 0.5488056 0.774109 0.5730624 0.7498521 0.5488056 0.7983658 0.5730624 0.774109 0.5730624 0.774109 0.5488056 0.7498521 0.5730624 0.774109 0.5730624 0.7619805 0.5973194 0.774109 0.5730624 0.7983658 0.5730624 0.7862374 0.5973194 0.8623895 0.9170104 0.8500009 0.9170105 0.8500007 0.7510317 0.8623893 0.7510316 0.8623895 0.9170104 0.8500007 0.7510317 0.8500007 0.7510317 0.8500007 0.6680422 0.8623893 0.7510316 0.8623895 0.9170104 0.8623893 0.7510316 0.8747777 0.7510315 0.8747778 0.9170104 0.8623895 0.9170104 0.8747777 0.7510315 0.8747778 0.9170104 0.8747777 0.7510315 0.8871664 0.9170104 0.8500007 0.6680422 0.8623892 0.6680422 0.8623893 0.7510316 0.8623892 0.6680422 0.8500007 0.6680422 0.8500005 0.5020633 0.8747776 0.6680421 0.8747777 0.7510315 0.8623893 0.7510316 0.8623892 0.6680422 0.8747776 0.6680421 0.8623893 0.7510316 0.8747777 0.7510315 0.8871663 0.7510315 0.8871664 0.9170104 0.8871663 0.7510315 0.8747777 0.7510315 0.8747776 0.6680421 0.8995546 0.7510317 0.8995547 0.9170106 0.8871664 0.9170104 0.8871663 0.7510315 0.8995546 0.7510317 0.8871664 0.9170104 0.8995546 0.6680422 0.8995546 0.7510317 0.8871663 0.7510315 0.8871662 0.6680421 0.8995546 0.6680422 0.8871663 0.7510315 0.8871662 0.6680421 0.8871663 0.7510315 0.8747776 0.6680421 0.8995544 0.5020633 0.8995546 0.6680422 0.8871662 0.6680421 0.8747776 0.6680421 0.8747775 0.5020632 0.8871662 0.6680421 0.8747776 0.6680421 0.8623892 0.6680422 0.8747775 0.5020632 0.887166 0.5020632 0.8995544 0.5020633 0.8871662 0.6680421 0.8747775 0.5020632 0.887166 0.5020632 0.8871662 0.6680421 0.8995543 0.3360844 0.8995544 0.5020633 0.887166 0.5020632 0.8623892 0.6680422 0.8623891 0.5020633 0.8747775 0.5020632 0.8623891 0.5020633 0.8623892 0.6680422 0.8500005 0.5020633 0.8623891 0.5020633 0.8500005 0.5020633 0.8500003 0.3360844 0.8747775 0.5020632 0.8747773 0.3360844 0.887166 0.5020632 0.8747775 0.5020632 0.8623891 0.5020633 0.8747773 0.3360844 0.8871659 0.3360844 0.8995543 0.3360844 0.887166 0.5020632 0.8747773 0.3360844 0.8871659 0.3360844 0.887166 0.5020632 0.8995543 0.253095 0.8995543 0.3360844 0.8871659 0.3360844 0.8623889 0.3360844 0.8623891 0.5020633 0.8500003 0.3360844 0.8623891 0.5020633 0.8623889 0.3360844 0.8747773 0.3360844 0.8500003 0.3360844 0.8500003 0.253095 0.8623889 0.3360844 0.8871659 0.3360844 0.8747773 0.3360844 0.8747773 0.2530949 0.8747773 0.2530949 0.8747773 0.3360844 0.8623889 0.3360844 0.8871658 0.2530949 0.8995543 0.253095 0.8871659 0.3360844 0.8871658 0.2530949 0.8871659 0.3360844 0.8747773 0.2530949 0.8995539 0.004126667 0.8995543 0.253095 0.8871658 0.2530949 0.8871657 0.004126667 0.8995539 0.004126667 0.8871658 0.2530949 0.874777 0.004126667 0.8871657 0.004126667 0.8871658 0.2530949 0.8747773 0.2530949 0.874777 0.004126667 0.8871658 0.2530949 0.8623889 0.253095 0.8747773 0.2530949 0.8623889 0.3360844 0.8747773 0.2530949 0.8623889 0.253095 0.874777 0.004126667 0.8500003 0.253095 0.8623889 0.253095 0.8623889 0.3360844 0.8623889 0.253095 0.8623886 0.004126727 0.874777 0.004126667 0.8623889 0.253095 0.8500003 0.253095 0.85 0.004126727 0.8623886 0.004126727 0.8623889 0.253095 0.85 0.004126727 0.8500009 0.9170105 0.8500008 0.8340212 0.8623895 0.9170104 0.8500008 0.8340212 0.8623894 0.8340211 0.8623895 0.9170104 0.8500008 0.8340212 0.8500007 0.7510317 0.8623894 0.8340211 0.8623894 0.8340211 0.8747778 0.834021 0.8623895 0.9170104 0.8747778 0.834021 0.8747778 0.9170104 0.8623895 0.9170104 0.8871664 0.9170104 0.8747778 0.9170104 0.8747778 0.834021 0.8500007 0.7510317 0.8623893 0.7510316 0.8623894 0.8340211 0.8500007 0.7510317 0.8500007 0.6680422 0.8623893 0.7510316 0.8995548 0.8340211 0.8995547 0.9170106 0.8871664 0.9170104 0.8871663 0.834021 0.8995548 0.8340211 0.8871664 0.9170104 0.8871663 0.834021 0.8871664 0.9170104 0.8747778 0.834021 0.8995546 0.7510317 0.8995548 0.8340211 0.8871663 0.834021 0.8747777 0.7510315 0.8747778 0.834021 0.8623894 0.8340211 0.8871663 0.834021 0.8747778 0.834021 0.8747777 0.7510315 0.8623893 0.7510316 0.8747777 0.7510315 0.8623894 0.8340211 0.8871663 0.7510315 0.8995546 0.7510317 0.8871663 0.834021 0.8871663 0.7510315 0.8871663 0.834021 0.8747777 0.7510315 0.8995546 0.6680422 0.8995546 0.7510317 0.8871663 0.7510315 0.8747776 0.6680421 0.8747777 0.7510315 0.8623893 0.7510316 0.8871663 0.7510315 0.8747777 0.7510315 0.8747776 0.6680421 0.8871662 0.6680421 0.8995546 0.6680422 0.8871663 0.7510315 0.8871662 0.6680421 0.8871663 0.7510315 0.8747776 0.6680421 0.8995544 0.5020633 0.8995546 0.6680422 0.8871662 0.6680421 0.8623892 0.6680422 0.8747776 0.6680421 0.8623893 0.7510316 0.8500007 0.6680422 0.8623892 0.6680422 0.8623893 0.7510316 0.8623892 0.6680422 0.8500007 0.6680422 0.8500005 0.5020633 0.8747776 0.6680421 0.8747775 0.5020632 0.8871662 0.6680421 0.8747776 0.6680421 0.8623892 0.6680422 0.8747775 0.5020632 0.887166 0.5020632 0.8995544 0.5020633 0.8871662 0.6680421 0.8747775 0.5020632 0.887166 0.5020632 0.8871662 0.6680421 0.8995543 0.3360844 0.8995544 0.5020633 0.887166 0.5020632 0.8623891 0.5020633 0.8623892 0.6680422 0.8500005 0.5020633 0.8623892 0.6680422 0.8623891 0.5020633 0.8747775 0.5020632 0.8623891 0.5020633 0.8500005 0.5020633 0.8500003 0.3360844 0.8747775 0.5020632 0.8747773 0.3360844 0.887166 0.5020632 0.8747775 0.5020632 0.8623891 0.5020633 0.8747773 0.3360844 0.8871659 0.3360844 0.8995543 0.3360844 0.887166 0.5020632 0.8747773 0.3360844 0.8871659 0.3360844 0.887166 0.5020632 0.8995543 0.253095 0.8995543 0.3360844 0.8871659 0.3360844 0.8623889 0.3360844 0.8623891 0.5020633 0.8500003 0.3360844 0.8623891 0.5020633 0.8623889 0.3360844 0.8747773 0.3360844 0.8500003 0.3360844 0.8500003 0.253095 0.8623889 0.3360844 0.8871659 0.3360844 0.8747773 0.3360844 0.8747773 0.2530949 0.8747773 0.2530949 0.8747773 0.3360844 0.8623889 0.3360844 0.8871658 0.2530949 0.8995543 0.253095 0.8871659 0.3360844 0.8871658 0.2530949 0.8871659 0.3360844 0.8747773 0.2530949 0.8995539 0.004126667 0.8995543 0.253095 0.8871658 0.2530949 0.8871657 0.004126667 0.8995539 0.004126667 0.8871658 0.2530949 0.874777 0.004126667 0.8871657 0.004126667 0.8871658 0.2530949 0.8747773 0.2530949 0.874777 0.004126667 0.8871658 0.2530949 0.8623889 0.253095 0.8747773 0.2530949 0.8623889 0.3360844 0.8747773 0.2530949 0.8623889 0.253095 0.874777 0.004126667 0.8500003 0.253095 0.8623889 0.253095 0.8623889 0.3360844 0.8623889 0.253095 0.8623886 0.004126727 0.874777 0.004126667 0.8623889 0.253095 0.8500003 0.253095 0.85 0.004126727 0.8623886 0.004126727 0.8623889 0.253095 0.85 0.004126727 0.8500007 0.7510317 0.8500007 0.6680422 0.8623893 0.7510316 0.8500007 0.6680422 0.8623892 0.6680422 0.8623893 0.7510316 0.8623892 0.6680422 0.8500007 0.6680422 0.8500005 0.5020633 0.8623892 0.6680422 0.8747776 0.6680421 0.8623893 0.7510316 0.8747776 0.6680421 0.8747777 0.7510315 0.8623893 0.7510316 0.8871663 0.7510315 0.8747777 0.7510315 0.8747776 0.6680421 0.8623891 0.5020633 0.8623892 0.6680422 0.8500005 0.5020633 0.8623891 0.5020633 0.8500005 0.5020633 0.8500003 0.3360844 0.8995546 0.6680422 0.8995546 0.7510317 0.8871663 0.7510315 0.8871662 0.6680421 0.8995546 0.6680422 0.8871663 0.7510315 0.8871662 0.6680421 0.8871663 0.7510315 0.8747776 0.6680421 0.8995544 0.5020633 0.8995546 0.6680422 0.8871662 0.6680421 0.8747776 0.6680421 0.8623892 0.6680422 0.8747775 0.5020632 0.8747776 0.6680421 0.8747775 0.5020632 0.8871662 0.6680421 0.8623892 0.6680422 0.8623891 0.5020633 0.8747775 0.5020632 0.887166 0.5020632 0.8995544 0.5020633 0.8871662 0.6680421 0.8747775 0.5020632 0.887166 0.5020632 0.8871662 0.6680421 0.8995543 0.3360844 0.8995544 0.5020633 0.887166 0.5020632 0.8747775 0.5020632 0.8623891 0.5020633 0.8747773 0.3360844 0.8747775 0.5020632 0.8747773 0.3360844 0.887166 0.5020632 0.8871659 0.3360844 0.8995543 0.3360844 0.887166 0.5020632 0.8747773 0.3360844 0.8871659 0.3360844 0.887166 0.5020632 0.8995543 0.253095 0.8995543 0.3360844 0.8871659 0.3360844 0.8623891 0.5020633 0.8623889 0.3360844 0.8747773 0.3360844 0.8623889 0.3360844 0.8623891 0.5020633 0.8500003 0.3360844 0.8500003 0.3360844 0.8500003 0.253095 0.8623889 0.3360844 0.8871659 0.3360844 0.8747773 0.3360844 0.8747773 0.2530949 0.8747773 0.2530949 0.8747773 0.3360844 0.8623889 0.3360844 0.8871658 0.2530949 0.8995543 0.253095 0.8871659 0.3360844 0.8871658 0.2530949 0.8871659 0.3360844 0.8747773 0.2530949 0.8995539 0.004126667 0.8995543 0.253095 0.8871658 0.2530949 0.8871657 0.004126667 0.8995539 0.004126667 0.8871658 0.2530949 0.874777 0.004126667 0.8871657 0.004126667 0.8871658 0.2530949 0.8747773 0.2530949 0.874777 0.004126667 0.8871658 0.2530949 0.8623889 0.253095 0.8747773 0.2530949 0.8623889 0.3360844 0.8747773 0.2530949 0.8623889 0.253095 0.874777 0.004126667 0.8500003 0.253095 0.8623889 0.253095 0.8623889 0.3360844 0.8623889 0.253095 0.8623886 0.004126727 0.874777 0.004126667 0.8623889 0.253095 0.8500003 0.253095 0.85 0.004126727 0.8623886 0.004126727 0.8623889 0.253095 0.85 0.004126727 0.8500009 0.9170105 0.8500008 0.8340212 0.8623895 0.9170104 0.8500008 0.8340212 0.8623894 0.8340211 0.8623895 0.9170104 0.8500008 0.8340212 0.8500007 0.7510317 0.8623894 0.8340211 0.8623894 0.8340211 0.8747778 0.834021 0.8623895 0.9170104 0.8747778 0.834021 0.8747778 0.9170104 0.8623895 0.9170104 0.8871664 0.9170104 0.8747778 0.9170104 0.8747778 0.834021 0.8500007 0.7510317 0.8623893 0.7510316 0.8623894 0.8340211 0.8500007 0.7510317 0.8500007 0.6680422 0.8623893 0.7510316 0.8995548 0.8340211 0.8995547 0.9170106 0.8871664 0.9170104 0.8871663 0.834021 0.8995548 0.8340211 0.8871664 0.9170104 0.8871663 0.834021 0.8871664 0.9170104 0.8747778 0.834021 0.8995546 0.7510317 0.8995548 0.8340211 0.8871663 0.834021 0.8747777 0.7510315 0.8747778 0.834021 0.8623894 0.8340211 0.8871663 0.834021 0.8747778 0.834021 0.8747777 0.7510315 0.8623893 0.7510316 0.8747777 0.7510315 0.8623894 0.8340211 0.8871663 0.7510315 0.8995546 0.7510317 0.8871663 0.834021 0.8871663 0.7510315 0.8871663 0.834021 0.8747777 0.7510315 0.8995546 0.6680422 0.8995546 0.7510317 0.8871663 0.7510315 0.8747776 0.6680421 0.8747777 0.7510315 0.8623893 0.7510316 0.8871663 0.7510315 0.8747777 0.7510315 0.8747776 0.6680421 0.8871662 0.6680421 0.8995546 0.6680422 0.8871663 0.7510315 0.8871662 0.6680421 0.8871663 0.7510315 0.8747776 0.6680421 0.8995545 0.5850528 0.8995546 0.6680422 0.8871662 0.6680421 0.8623892 0.6680422 0.8747776 0.6680421 0.8623893 0.7510316 0.8500007 0.6680422 0.8623892 0.6680422 0.8623893 0.7510316 0.8500007 0.6680422 0.8500006 0.5850528 0.8623892 0.6680422 0.8871662 0.6680421 0.8747776 0.6680421 0.8747776 0.5850527 0.8747776 0.5850527 0.8747776 0.6680421 0.8623892 0.6680422 0.8871662 0.5850527 0.8995545 0.5850528 0.8871662 0.6680421 0.8871662 0.5850527 0.8871662 0.6680421 0.8747776 0.5850527 0.8995544 0.5020633 0.8995545 0.5850528 0.8871662 0.5850527 0.8500006 0.5850528 0.8623891 0.5850528 0.8623892 0.6680422 0.8623891 0.5850528 0.8747776 0.5850527 0.8623892 0.6680422 0.8500006 0.5850528 0.8500005 0.5020633 0.8623891 0.5850528 0.8871662 0.5850527 0.8747776 0.5850527 0.8747775 0.5020632 0.8747775 0.5020632 0.8747776 0.5850527 0.8623891 0.5850528 0.887166 0.5020632 0.8995544 0.5020633 0.8871662 0.5850527 0.887166 0.5020632 0.8871662 0.5850527 0.8747775 0.5020632 0.8995544 0.4190739 0.8995544 0.5020633 0.887166 0.5020632 0.8500005 0.5020633 0.8623891 0.5020633 0.8623891 0.5850528 0.8623891 0.5020633 0.8747775 0.5020632 0.8623891 0.5850528 0.8500005 0.5020633 0.8500004 0.4190739 0.8623891 0.5020633 0.887166 0.5020632 0.8747775 0.5020632 0.8747774 0.4190737 0.8747774 0.4190737 0.8747775 0.5020632 0.8623891 0.5020633 0.8871659 0.4190737 0.8995544 0.4190739 0.887166 0.5020632 0.8871659 0.4190737 0.887166 0.5020632 0.8747774 0.4190737 0.8995543 0.3360844 0.8995544 0.4190739 0.8871659 0.4190737 0.8500004 0.4190739 0.862389 0.4190739 0.8623891 0.5020633 0.862389 0.4190739 0.8747774 0.4190737 0.8623891 0.5020633 0.8500004 0.4190739 0.8500003 0.3360844 0.862389 0.4190739 0.8871659 0.4190737 0.8747774 0.4190737 0.8747773 0.3360844 0.8747773 0.3360844 0.8747774 0.4190737 0.862389 0.4190739 0.8871659 0.3360844 0.8995543 0.3360844 0.8871659 0.4190737 0.8871659 0.3360844 0.8871659 0.4190737 0.8747773 0.3360844 0.8995543 0.253095 0.8995543 0.3360844 0.8871659 0.3360844 0.8500003 0.3360844 0.8623889 0.3360844 0.862389 0.4190739 0.8623889 0.3360844 0.8747773 0.3360844 0.862389 0.4190739 0.8500003 0.3360844 0.8500003 0.253095 0.8623889 0.3360844 0.8871659 0.3360844 0.8747773 0.3360844 0.8747773 0.2530949 0.8747773 0.2530949 0.8747773 0.3360844 0.8623889 0.3360844 0.8871658 0.2530949 0.8995543 0.253095 0.8871659 0.3360844 0.8871658 0.2530949 0.8871659 0.3360844 0.8747773 0.2530949 0.8995541 0.1701055 0.8995543 0.253095 0.8871658 0.2530949 0.8500003 0.253095 0.8623889 0.253095 0.8623889 0.3360844 0.8623889 0.253095 0.8747773 0.2530949 0.8623889 0.3360844 0.8500003 0.253095 0.8500003 0.1701055 0.8623889 0.253095 0.8871658 0.2530949 0.8747773 0.2530949 0.8747772 0.1701055 0.8747772 0.1701055 0.8747773 0.2530949 0.8623889 0.253095 0.8871658 0.1701053 0.8995541 0.1701055 0.8871658 0.2530949 0.8871658 0.1701053 0.8871658 0.2530949 0.8747772 0.1701055 0.8995541 0.08711612 0.8995541 0.1701055 0.8871658 0.1701053 0.8500003 0.1701055 0.8623889 0.1701056 0.8623889 0.253095 0.8623889 0.1701056 0.8747772 0.1701055 0.8623889 0.253095 0.8500003 0.1701055 0.8500002 0.08711612 0.8623889 0.1701056 0.8871658 0.1701053 0.8747772 0.1701055 0.8747771 0.087116 0.8747771 0.087116 0.8747772 0.1701055 0.8623889 0.1701056 0.8871657 0.087116 0.8995541 0.08711612 0.8871658 0.1701053 0.8871657 0.087116 0.8871658 0.1701053 0.8747771 0.087116 0.8995539 0.004126667 0.8995541 0.08711612 0.8871657 0.087116 0.8871657 0.004126667 0.8995539 0.004126667 0.8871657 0.087116 0.8871657 0.004126667 0.8871657 0.087116 0.874777 0.004126667 0.8871657 0.087116 0.8747771 0.087116 0.874777 0.004126667 0.8623887 0.08711612 0.8747771 0.087116 0.8623889 0.1701056 0.874777 0.004126667 0.8747771 0.087116 0.8623887 0.08711612 0.8500002 0.08711612 0.8623887 0.08711612 0.8623889 0.1701056 0.8623886 0.004126727 0.874777 0.004126667 0.8623887 0.08711612 0.8500002 0.08711612 0.85 0.004126727 0.8623887 0.08711612 0.85 0.004126727 0.8623886 0.004126727 0.8623887 0.08711612 0.8500009 0.9170105 0.8500008 0.8340212 0.8623895 0.9170104 0.8500008 0.8340212 0.8623894 0.8340211 0.8623895 0.9170104 0.8500008 0.8340212 0.8500007 0.7510317 0.8623894 0.8340211 0.8623894 0.8340211 0.8747778 0.834021 0.8623895 0.9170104 0.8747778 0.834021 0.8747778 0.9170104 0.8623895 0.9170104 0.8871664 0.9170104 0.8747778 0.9170104 0.8747778 0.834021 0.8500007 0.7510317 0.8623893 0.7510316 0.8623894 0.8340211 0.8500007 0.7510317 0.8500007 0.6680422 0.8623893 0.7510316 0.8995548 0.8340211 0.8995547 0.9170106 0.8871664 0.9170104 0.8871663 0.834021 0.8995548 0.8340211 0.8871664 0.9170104 0.8871663 0.834021 0.8871664 0.9170104 0.8747778 0.834021 0.8995546 0.7510317 0.8995548 0.8340211 0.8871663 0.834021 0.8747777 0.7510315 0.8747778 0.834021 0.8623894 0.8340211 0.8871663 0.834021 0.8747778 0.834021 0.8747777 0.7510315 0.8623893 0.7510316 0.8747777 0.7510315 0.8623894 0.8340211 0.8871663 0.7510315 0.8995546 0.7510317 0.8871663 0.834021 0.8871663 0.7510315 0.8871663 0.834021 0.8747777 0.7510315 0.8995546 0.6680422 0.8995546 0.7510317 0.8871663 0.7510315 0.8747776 0.6680421 0.8747777 0.7510315 0.8623893 0.7510316 0.8871663 0.7510315 0.8747777 0.7510315 0.8747776 0.6680421 0.8871662 0.6680421 0.8995546 0.6680422 0.8871663 0.7510315 0.8871662 0.6680421 0.8871663 0.7510315 0.8747776 0.6680421 0.8995544 0.5020633 0.8995546 0.6680422 0.8871662 0.6680421 0.8623892 0.6680422 0.8747776 0.6680421 0.8623893 0.7510316 0.8500007 0.6680422 0.8623892 0.6680422 0.8623893 0.7510316 0.8623892 0.6680422 0.8500007 0.6680422 0.8500005 0.5020633 0.8747776 0.6680421 0.8747775 0.5020632 0.8871662 0.6680421 0.8747776 0.6680421 0.8623892 0.6680422 0.8747775 0.5020632 0.887166 0.5020632 0.8995544 0.5020633 0.8871662 0.6680421 0.8747775 0.5020632 0.887166 0.5020632 0.8871662 0.6680421 0.8995543 0.3360844 0.8995544 0.5020633 0.887166 0.5020632 0.8623891 0.5020633 0.8623892 0.6680422 0.8500005 0.5020633 0.8623892 0.6680422 0.8623891 0.5020633 0.8747775 0.5020632 0.8623891 0.5020633 0.8500005 0.5020633 0.8500003 0.3360844 0.8747775 0.5020632 0.8747773 0.3360844 0.887166 0.5020632 0.8747775 0.5020632 0.8623891 0.5020633 0.8747773 0.3360844 0.8871659 0.3360844 0.8995543 0.3360844 0.887166 0.5020632 0.8747773 0.3360844 0.8871659 0.3360844 0.887166 0.5020632 0.8995543 0.253095 0.8995543 0.3360844 0.8871659 0.3360844 0.8623889 0.3360844 0.8623891 0.5020633 0.8500003 0.3360844 0.8623891 0.5020633 0.8623889 0.3360844 0.8747773 0.3360844 0.8500003 0.3360844 0.8500003 0.253095 0.8623889 0.3360844 0.8871659 0.3360844 0.8747773 0.3360844 0.8747773 0.2530949 0.8747773 0.2530949 0.8747773 0.3360844 0.8623889 0.3360844 0.8871658 0.2530949 0.8995543 0.253095 0.8871659 0.3360844 0.8871658 0.2530949 0.8871659 0.3360844 0.8747773 0.2530949 0.8995539 0.004126667 0.8995543 0.253095 0.8871658 0.2530949 0.8871657 0.004126667 0.8995539 0.004126667 0.8871658 0.2530949 0.874777 0.004126667 0.8871657 0.004126667 0.8871658 0.2530949 0.8747773 0.2530949 0.874777 0.004126667 0.8871658 0.2530949 0.8623889 0.253095 0.8747773 0.2530949 0.8623889 0.3360844 0.8747773 0.2530949 0.8623889 0.253095 0.874777 0.004126667 0.8500003 0.253095 0.8623889 0.253095 0.8623889 0.3360844 0.8623889 0.253095 0.8623886 0.004126727 0.874777 0.004126667 0.8623889 0.253095 0.8500003 0.253095 0.85 0.004126727 0.8623886 0.004126727 0.8623889 0.253095 0.85 0.004126727 0.8500009 0.9170105 0.8500008 0.8340212 0.8623895 0.9170104 0.8500008 0.8340212 0.8623894 0.8340211 0.8623895 0.9170104 0.8500008 0.8340212 0.8500007 0.7510317 0.8623894 0.8340211 0.8623894 0.8340211 0.8747778 0.834021 0.8623895 0.9170104 0.8747778 0.834021 0.8747778 0.9170104 0.8623895 0.9170104 0.8871664 0.9170104 0.8747778 0.9170104 0.8747778 0.834021 0.8500007 0.7510317 0.8623893 0.7510316 0.8623894 0.8340211 0.8500007 0.7510317 0.8500007 0.6680422 0.8623893 0.7510316 0.8995548 0.8340211 0.8995547 0.9170106 0.8871664 0.9170104 0.8871663 0.834021 0.8995548 0.8340211 0.8871664 0.9170104 0.8871663 0.834021 0.8871664 0.9170104 0.8747778 0.834021 0.8995546 0.7510317 0.8995548 0.8340211 0.8871663 0.834021 0.8747777 0.7510315 0.8747778 0.834021 0.8623894 0.8340211 0.8871663 0.834021 0.8747778 0.834021 0.8747777 0.7510315 0.8623893 0.7510316 0.8747777 0.7510315 0.8623894 0.8340211 0.8871663 0.7510315 0.8995546 0.7510317 0.8871663 0.834021 0.8871663 0.7510315 0.8871663 0.834021 0.8747777 0.7510315 0.8995546 0.6680422 0.8995546 0.7510317 0.8871663 0.7510315 0.8747776 0.6680421 0.8747777 0.7510315 0.8623893 0.7510316 0.8871663 0.7510315 0.8747777 0.7510315 0.8747776 0.6680421 0.8871662 0.6680421 0.8995546 0.6680422 0.8871663 0.7510315 0.8871662 0.6680421 0.8871663 0.7510315 0.8747776 0.6680421 0.8995544 0.5020633 0.8995546 0.6680422 0.8871662 0.6680421 0.8623892 0.6680422 0.8747776 0.6680421 0.8623893 0.7510316 0.8500007 0.6680422 0.8623892 0.6680422 0.8623893 0.7510316 0.8623892 0.6680422 0.8500007 0.6680422 0.8500005 0.5020633 0.8747776 0.6680421 0.8747775 0.5020632 0.8871662 0.6680421 0.8747776 0.6680421 0.8623892 0.6680422 0.8747775 0.5020632 0.887166 0.5020632 0.8995544 0.5020633 0.8871662 0.6680421 0.8747775 0.5020632 0.887166 0.5020632 0.8871662 0.6680421 0.8995543 0.3360844 0.8995544 0.5020633 0.887166 0.5020632 0.8623891 0.5020633 0.8623892 0.6680422 0.8500005 0.5020633 0.8623892 0.6680422 0.8623891 0.5020633 0.8747775 0.5020632 0.8623891 0.5020633 0.8500005 0.5020633 0.8500003 0.3360844 0.8747775 0.5020632 0.8747773 0.3360844 0.887166 0.5020632 0.8747775 0.5020632 0.8623891 0.5020633 0.8747773 0.3360844 0.8871659 0.3360844 0.8995543 0.3360844 0.887166 0.5020632 0.8747773 0.3360844 0.8871659 0.3360844 0.887166 0.5020632 0.8995543 0.253095 0.8995543 0.3360844 0.8871659 0.3360844 0.8623889 0.3360844 0.8623891 0.5020633 0.8500003 0.3360844 0.8623891 0.5020633 0.8623889 0.3360844 0.8747773 0.3360844 0.8500003 0.3360844 0.8500003 0.253095 0.8623889 0.3360844 0.8871659 0.3360844 0.8747773 0.3360844 0.8747773 0.2530949 0.8747773 0.2530949 0.8747773 0.3360844 0.8623889 0.3360844 0.8871658 0.2530949 0.8995543 0.253095 0.8871659 0.3360844 0.8871658 0.2530949 0.8871659 0.3360844 0.8747773 0.2530949 0.8995539 0.004126667 0.8995543 0.253095 0.8871658 0.2530949 0.8871657 0.004126667 0.8995539 0.004126667 0.8871658 0.2530949 0.874777 0.004126667 0.8871657 0.004126667 0.8871658 0.2530949 0.8747773 0.2530949 0.874777 0.004126667 0.8871658 0.2530949 0.8623889 0.253095 0.8747773 0.2530949 0.8623889 0.3360844 0.8747773 0.2530949 0.8623889 0.253095 0.874777 0.004126667 0.8500003 0.253095 0.8623889 0.253095 0.8623889 0.3360844 0.8623889 0.253095 0.8623886 0.004126727 0.874777 0.004126667 0.8623889 0.253095 0.8500003 0.253095 0.85 0.004126727 0.8623886 0.004126727 0.8623889 0.253095 0.85 0.004126727 0.8500009 0.9170105 0.8500008 0.8340212 0.8623895 0.9170104 0.8500008 0.8340212 0.8623894 0.8340211 0.8623895 0.9170104 0.8500008 0.8340212 0.8500007 0.7510317 0.8623894 0.8340211 0.8623894 0.8340211 0.8747778 0.834021 0.8623895 0.9170104 0.8747778 0.834021 0.8747778 0.9170104 0.8623895 0.9170104 0.8871664 0.9170104 0.8747778 0.9170104 0.8747778 0.834021 0.8500007 0.7510317 0.8623893 0.7510316 0.8623894 0.8340211 0.8500007 0.7510317 0.8500007 0.6680422 0.8623893 0.7510316 0.8995548 0.8340211 0.8995547 0.9170106 0.8871664 0.9170104 0.8871663 0.834021 0.8995548 0.8340211 0.8871664 0.9170104 0.8871663 0.834021 0.8871664 0.9170104 0.8747778 0.834021 0.8995546 0.7510317 0.8995548 0.8340211 0.8871663 0.834021 0.8747777 0.7510315 0.8747778 0.834021 0.8623894 0.8340211 0.8871663 0.834021 0.8747778 0.834021 0.8747777 0.7510315 0.8623893 0.7510316 0.8747777 0.7510315 0.8623894 0.8340211 0.8871663 0.7510315 0.8995546 0.7510317 0.8871663 0.834021 0.8871663 0.7510315 0.8871663 0.834021 0.8747777 0.7510315 0.8995546 0.6680422 0.8995546 0.7510317 0.8871663 0.7510315 0.8747776 0.6680421 0.8747777 0.7510315 0.8623893 0.7510316 0.8871663 0.7510315 0.8747777 0.7510315 0.8747776 0.6680421 0.8871662 0.6680421 0.8995546 0.6680422 0.8871663 0.7510315 0.8871662 0.6680421 0.8871663 0.7510315 0.8747776 0.6680421 0.8995544 0.5020633 0.8995546 0.6680422 0.8871662 0.6680421 0.8623892 0.6680422 0.8747776 0.6680421 0.8623893 0.7510316 0.8500007 0.6680422 0.8623892 0.6680422 0.8623893 0.7510316 0.8623892 0.6680422 0.8500007 0.6680422 0.8500005 0.5020633 0.8747776 0.6680421 0.8747775 0.5020632 0.8871662 0.6680421 0.8747776 0.6680421 0.8623892 0.6680422 0.8747775 0.5020632 0.887166 0.5020632 0.8995544 0.5020633 0.8871662 0.6680421 0.8747775 0.5020632 0.887166 0.5020632 0.8871662 0.6680421 0.8995543 0.3360844 0.8995544 0.5020633 0.887166 0.5020632 0.8623891 0.5020633 0.8623892 0.6680422 0.8500005 0.5020633 0.8623892 0.6680422 0.8623891 0.5020633 0.8747775 0.5020632 0.8623891 0.5020633 0.8500005 0.5020633 0.8500003 0.3360844 0.8747775 0.5020632 0.8747773 0.3360844 0.887166 0.5020632 0.8747775 0.5020632 0.8623891 0.5020633 0.8747773 0.3360844 0.8871659 0.3360844 0.8995543 0.3360844 0.887166 0.5020632 0.8747773 0.3360844 0.8871659 0.3360844 0.887166 0.5020632 0.8995543 0.253095 0.8995543 0.3360844 0.8871659 0.3360844 0.8623889 0.3360844 0.8623891 0.5020633 0.8500003 0.3360844 0.8623891 0.5020633 0.8623889 0.3360844 0.8747773 0.3360844 0.8500003 0.3360844 0.8500003 0.253095 0.8623889 0.3360844 0.8871659 0.3360844 0.8747773 0.3360844 0.8747773 0.2530949 0.8747773 0.2530949 0.8747773 0.3360844 0.8623889 0.3360844 0.8871658 0.2530949 0.8995543 0.253095 0.8871659 0.3360844 0.8871658 0.2530949 0.8871659 0.3360844 0.8747773 0.2530949 0.8995539 0.004126667 0.8995543 0.253095 0.8871658 0.2530949 0.8871657 0.004126667 0.8995539 0.004126667 0.8871658 0.2530949 0.874777 0.004126667 0.8871657 0.004126667 0.8871658 0.2530949 0.8747773 0.2530949 0.874777 0.004126667 0.8871658 0.2530949 0.8623889 0.253095 0.8747773 0.2530949 0.8623889 0.3360844 0.8747773 0.2530949 0.8623889 0.253095 0.874777 0.004126667 0.8500003 0.253095 0.8623889 0.253095 0.8623889 0.3360844 0.8623889 0.253095 0.8623886 0.004126727 0.874777 0.004126667 0.8623889 0.253095 0.8500003 0.253095 0.85 0.004126727 0.8623886 0.004126727 0.8623889 0.253095 0.85 0.004126727 0.8500009 0.9170105 0.8500008 0.8340212 0.8623895 0.9170104 0.8500008 0.8340212 0.8623894 0.8340211 0.8623895 0.9170104 0.8500008 0.8340212 0.8500007 0.7510317 0.8623894 0.8340211 0.8623894 0.8340211 0.8747778 0.834021 0.8623895 0.9170104 0.8747778 0.834021 0.8747778 0.9170104 0.8623895 0.9170104 0.8871664 0.9170104 0.8747778 0.9170104 0.8747778 0.834021 0.8500007 0.7510317 0.8623893 0.7510316 0.8623894 0.8340211 0.8500007 0.7510317 0.8500007 0.6680422 0.8623893 0.7510316 0.8995548 0.8340211 0.8995547 0.9170106 0.8871664 0.9170104 0.8871663 0.834021 0.8995548 0.8340211 0.8871664 0.9170104 0.8871663 0.834021 0.8871664 0.9170104 0.8747778 0.834021 0.8995546 0.7510317 0.8995548 0.8340211 0.8871663 0.834021 0.8747777 0.7510315 0.8747778 0.834021 0.8623894 0.8340211 0.8871663 0.834021 0.8747778 0.834021 0.8747777 0.7510315 0.8623893 0.7510316 0.8747777 0.7510315 0.8623894 0.8340211 0.8871663 0.7510315 0.8995546 0.7510317 0.8871663 0.834021 0.8871663 0.7510315 0.8871663 0.834021 0.8747777 0.7510315 0.8995546 0.6680422 0.8995546 0.7510317 0.8871663 0.7510315 0.8747776 0.6680421 0.8747777 0.7510315 0.8623893 0.7510316 0.8871663 0.7510315 0.8747777 0.7510315 0.8747776 0.6680421 0.8871662 0.6680421 0.8995546 0.6680422 0.8871663 0.7510315 0.8871662 0.6680421 0.8871663 0.7510315 0.8747776 0.6680421 0.8995544 0.5020633 0.8995546 0.6680422 0.8871662 0.6680421 0.8623892 0.6680422 0.8747776 0.6680421 0.8623893 0.7510316 0.8500007 0.6680422 0.8623892 0.6680422 0.8623893 0.7510316 0.8623892 0.6680422 0.8500007 0.6680422 0.8500005 0.5020633 0.8747776 0.6680421 0.8747775 0.5020632 0.8871662 0.6680421 0.8747776 0.6680421 0.8623892 0.6680422 0.8747775 0.5020632 0.887166 0.5020632 0.8995544 0.5020633 0.8871662 0.6680421 0.8747775 0.5020632 0.887166 0.5020632 0.8871662 0.6680421 0.8995543 0.3360844 0.8995544 0.5020633 0.887166 0.5020632 0.8623891 0.5020633 0.8623892 0.6680422 0.8500005 0.5020633 0.8623892 0.6680422 0.8623891 0.5020633 0.8747775 0.5020632 0.8623891 0.5020633 0.8500005 0.5020633 0.8500003 0.3360844 0.8747775 0.5020632 0.8747773 0.3360844 0.887166 0.5020632 0.8747775 0.5020632 0.8623891 0.5020633 0.8747773 0.3360844 0.8871659 0.3360844 0.8995543 0.3360844 0.887166 0.5020632 0.8747773 0.3360844 0.8871659 0.3360844 0.887166 0.5020632 0.8995543 0.253095 0.8995543 0.3360844 0.8871659 0.3360844 0.8623889 0.3360844 0.8623891 0.5020633 0.8500003 0.3360844 0.8623891 0.5020633 0.8623889 0.3360844 0.8747773 0.3360844 0.8500003 0.3360844 0.8500003 0.253095 0.8623889 0.3360844 0.8871659 0.3360844 0.8747773 0.3360844 0.8747773 0.2530949 0.8747773 0.2530949 0.8747773 0.3360844 0.8623889 0.3360844 0.8871658 0.2530949 0.8995543 0.253095 0.8871659 0.3360844 0.8871658 0.2530949 0.8871659 0.3360844 0.8747773 0.2530949 0.8995539 0.004126667 0.8995543 0.253095 0.8871658 0.2530949 0.8871657 0.004126667 0.8995539 0.004126667 0.8871658 0.2530949 0.874777 0.004126667 0.8871657 0.004126667 0.8871658 0.2530949 0.8747773 0.2530949 0.874777 0.004126667 0.8871658 0.2530949 0.8623889 0.253095 0.8747773 0.2530949 0.8623889 0.3360844 0.8747773 0.2530949 0.8623889 0.253095 0.874777 0.004126667 0.8500003 0.253095 0.8623889 0.253095 0.8623889 0.3360844 0.8623889 0.253095 0.8623886 0.004126727 0.874777 0.004126667 0.8623889 0.253095 0.8500003 0.253095 0.85 0.004126727 0.8623886 0.004126727 0.8623889 0.253095 0.85 0.004126727 0.8500009 0.9170105 0.8500008 0.8340212 0.8623895 0.9170104 0.8500008 0.8340212 0.8623894 0.8340211 0.8623895 0.9170104 0.8500008 0.8340212 0.8500007 0.7510317 0.8623894 0.8340211 0.8623894 0.8340211 0.8747778 0.834021 0.8623895 0.9170104 0.8747778 0.834021 0.8747778 0.9170104 0.8623895 0.9170104 0.8871664 0.9170104 0.8747778 0.9170104 0.8747778 0.834021 0.8500007 0.7510317 0.8623893 0.7510316 0.8623894 0.8340211 0.8500007 0.7510317 0.8500007 0.6680422 0.8623893 0.7510316 0.8995548 0.8340211 0.8995547 0.9170106 0.8871664 0.9170104 0.8871663 0.834021 0.8995548 0.8340211 0.8871664 0.9170104 0.8871663 0.834021 0.8871664 0.9170104 0.8747778 0.834021 0.8995546 0.7510317 0.8995548 0.8340211 0.8871663 0.834021 0.8747777 0.7510315 0.8747778 0.834021 0.8623894 0.8340211 0.8871663 0.834021 0.8747778 0.834021 0.8747777 0.7510315 0.8623893 0.7510316 0.8747777 0.7510315 0.8623894 0.8340211 0.8871663 0.7510315 0.8995546 0.7510317 0.8871663 0.834021 0.8871663 0.7510315 0.8871663 0.834021 0.8747777 0.7510315 0.8995546 0.6680422 0.8995546 0.7510317 0.8871663 0.7510315 0.8747776 0.6680421 0.8747777 0.7510315 0.8623893 0.7510316 0.8871663 0.7510315 0.8747777 0.7510315 0.8747776 0.6680421 0.8871662 0.6680421 0.8995546 0.6680422 0.8871663 0.7510315 0.8871662 0.6680421 0.8871663 0.7510315 0.8747776 0.6680421 0.8995544 0.5020633 0.8995546 0.6680422 0.8871662 0.6680421 0.8623892 0.6680422 0.8747776 0.6680421 0.8623893 0.7510316 0.8500007 0.6680422 0.8623892 0.6680422 0.8623893 0.7510316 0.8623892 0.6680422 0.8500007 0.6680422 0.8500005 0.5020633 0.8747776 0.6680421 0.8747775 0.5020632 0.8871662 0.6680421 0.8747776 0.6680421 0.8623892 0.6680422 0.8747775 0.5020632 0.887166 0.5020632 0.8995544 0.5020633 0.8871662 0.6680421 0.8747775 0.5020632 0.887166 0.5020632 0.8871662 0.6680421 0.8995543 0.3360844 0.8995544 0.5020633 0.887166 0.5020632 0.8623891 0.5020633 0.8623892 0.6680422 0.8500005 0.5020633 0.8623892 0.6680422 0.8623891 0.5020633 0.8747775 0.5020632 0.8623891 0.5020633 0.8500005 0.5020633 0.8500003 0.3360844 0.8747775 0.5020632 0.8747773 0.3360844 0.887166 0.5020632 0.8747775 0.5020632 0.8623891 0.5020633 0.8747773 0.3360844 0.8871659 0.3360844 0.8995543 0.3360844 0.887166 0.5020632 0.8747773 0.3360844 0.8871659 0.3360844 0.887166 0.5020632 0.8995543 0.253095 0.8995543 0.3360844 0.8871659 0.3360844 0.8623889 0.3360844 0.8623891 0.5020633 0.8500003 0.3360844 0.8623891 0.5020633 0.8623889 0.3360844 0.8747773 0.3360844 0.8500003 0.3360844 0.8500003 0.253095 0.8623889 0.3360844 0.8871659 0.3360844 0.8747773 0.3360844 0.8747773 0.2530949 0.8747773 0.2530949 0.8747773 0.3360844 0.8623889 0.3360844 0.8871658 0.2530949 0.8995543 0.253095 0.8871659 0.3360844 0.8871658 0.2530949 0.8871659 0.3360844 0.8747773 0.2530949 0.8995539 0.004126667 0.8995543 0.253095 0.8871658 0.2530949 0.8871657 0.004126667 0.8995539 0.004126667 0.8871658 0.2530949 0.874777 0.004126667 0.8871657 0.004126667 0.8871658 0.2530949 0.8747773 0.2530949 0.874777 0.004126667 0.8871658 0.2530949 0.8623889 0.253095 0.8747773 0.2530949 0.8623889 0.3360844 0.8747773 0.2530949 0.8623889 0.253095 0.874777 0.004126667 0.8500003 0.253095 0.8623889 0.253095 0.8623889 0.3360844 0.8623889 0.253095 0.8623886 0.004126727 0.874777 0.004126667 0.8623889 0.253095 0.8500003 0.253095 0.85 0.004126727 0.8623886 0.004126727 0.8623889 0.253095 0.85 0.004126727 0.8500009 0.9170105 0.8500008 0.8340212 0.8623895 0.9170104 0.8500008 0.8340212 0.8623894 0.8340211 0.8623895 0.9170104 0.8500008 0.8340212 0.8500007 0.7510317 0.8623894 0.8340211 0.8623894 0.8340211 0.8747778 0.834021 0.8623895 0.9170104 0.8747778 0.834021 0.8747778 0.9170104 0.8623895 0.9170104 0.8871664 0.9170104 0.8747778 0.9170104 0.8747778 0.834021 0.8500007 0.7510317 0.8623893 0.7510316 0.8623894 0.8340211 0.8500007 0.7510317 0.8500007 0.6680422 0.8623893 0.7510316 0.8995548 0.8340211 0.8995547 0.9170106 0.8871664 0.9170104 0.8871663 0.834021 0.8995548 0.8340211 0.8871664 0.9170104 0.8871663 0.834021 0.8871664 0.9170104 0.8747778 0.834021 0.8995546 0.7510317 0.8995548 0.8340211 0.8871663 0.834021 0.8747777 0.7510315 0.8747778 0.834021 0.8623894 0.8340211 0.8871663 0.834021 0.8747778 0.834021 0.8747777 0.7510315 0.8623893 0.7510316 0.8747777 0.7510315 0.8623894 0.8340211 0.8871663 0.7510315 0.8995546 0.7510317 0.8871663 0.834021 0.8871663 0.7510315 0.8871663 0.834021 0.8747777 0.7510315 0.8995546 0.6680422 0.8995546 0.7510317 0.8871663 0.7510315 0.8747776 0.6680421 0.8747777 0.7510315 0.8623893 0.7510316 0.8871663 0.7510315 0.8747777 0.7510315 0.8747776 0.6680421 0.8871662 0.6680421 0.8995546 0.6680422 0.8871663 0.7510315 0.8871662 0.6680421 0.8871663 0.7510315 0.8747776 0.6680421 0.8995544 0.5020633 0.8995546 0.6680422 0.8871662 0.6680421 0.8623892 0.6680422 0.8747776 0.6680421 0.8623893 0.7510316 0.8500007 0.6680422 0.8623892 0.6680422 0.8623893 0.7510316 0.8623892 0.6680422 0.8500007 0.6680422 0.8500005 0.5020633 0.8747776 0.6680421 0.8747775 0.5020632 0.8871662 0.6680421 0.8747776 0.6680421 0.8623892 0.6680422 0.8747775 0.5020632 0.887166 0.5020632 0.8995544 0.5020633 0.8871662 0.6680421 0.8747775 0.5020632 0.887166 0.5020632 0.8871662 0.6680421 0.8995543 0.3360844 0.8995544 0.5020633 0.887166 0.5020632 0.8623891 0.5020633 0.8623892 0.6680422 0.8500005 0.5020633 0.8623892 0.6680422 0.8623891 0.5020633 0.8747775 0.5020632 0.8623891 0.5020633 0.8500005 0.5020633 0.8500003 0.3360844 0.8747775 0.5020632 0.8747773 0.3360844 0.887166 0.5020632 0.8747775 0.5020632 0.8623891 0.5020633 0.8747773 0.3360844 0.8871659 0.3360844 0.8995543 0.3360844 0.887166 0.5020632 0.8747773 0.3360844 0.8871659 0.3360844 0.887166 0.5020632 0.8995543 0.253095 0.8995543 0.3360844 0.8871659 0.3360844 0.8623889 0.3360844 0.8623891 0.5020633 0.8500003 0.3360844 0.8623891 0.5020633 0.8623889 0.3360844 0.8747773 0.3360844 0.8500003 0.3360844 0.8500003 0.253095 0.8623889 0.3360844 0.8871659 0.3360844 0.8747773 0.3360844 0.8747773 0.2530949 0.8747773 0.2530949 0.8747773 0.3360844 0.8623889 0.3360844 0.8871658 0.2530949 0.8995543 0.253095 0.8871659 0.3360844 0.8871658 0.2530949 0.8871659 0.3360844 0.8747773 0.2530949 0.8995539 0.004126667 0.8995543 0.253095 0.8871658 0.2530949 0.8871657 0.004126667 0.8995539 0.004126667 0.8871658 0.2530949 0.874777 0.004126667 0.8871657 0.004126667 0.8871658 0.2530949 0.8747773 0.2530949 0.874777 0.004126667 0.8871658 0.2530949 0.8623889 0.253095 0.8747773 0.2530949 0.8623889 0.3360844 0.8747773 0.2530949 0.8623889 0.253095 0.874777 0.004126667 0.8500003 0.253095 0.8623889 0.253095 0.8623889 0.3360844 0.8623889 0.253095 0.8623886 0.004126727 0.874777 0.004126667 0.8623889 0.253095 0.8500003 0.253095 0.85 0.004126727 0.8623886 0.004126727 0.8623889 0.253095 0.85 0.004126727 0.2998781 0.4008972 0.3603795 0.4988183 0.291721 0.4195379 0.2998781 0.4008972 0.291721 0.4195379 0.2596485 0.3357589 0.3603795 0.4988183 0.3233214 0.4716368 0.291721 0.4195379 0.3233214 0.4716368 0.3603795 0.4988183 0.2756842 0.4971434 0.291721 0.4195379 0.2663025 0.3776309 0.2596485 0.3357589 0.2854635 0.4713087 0.3233214 0.4716368 0.2756842 0.4971434 0.2761059 0.4371039 0.291721 0.4195379 0.3233214 0.4716368 0.2761059 0.4371039 0.3233214 0.4716368 0.2854635 0.4713087 0.2663025 0.3776309 0.291721 0.4195379 0.2761059 0.4371039 0.2854635 0.4713087 0.2756842 0.4971434 0.2269495 0.4706251 0.2761059 0.4371039 0.2854635 0.4713087 0.2269495 0.4706251 0.2756842 0.4971434 0.1912367 0.4954755 0.2269495 0.4706251 0.2269495 0.4706251 0.1912367 0.4954755 0.2224282 0.4226546 0.2761059 0.4371039 0.2433066 0.4319711 0.2663025 0.3776309 0.2269495 0.4706251 0.2433066 0.4319711 0.2761059 0.4371039 0.2663025 0.3776309 0.2433066 0.4319711 0.2596485 0.3357589 0.2433066 0.4319711 0.2269495 0.4706251 0.2224282 0.4226546 0.2433066 0.4319711 0.2224282 0.4226546 0.2596485 0.3357589 0.2998781 0.4008972 0.3603795 0.4988183 0.291721 0.4195379 0.2998781 0.4008972 0.291721 0.4195379 0.2596485 0.3357589 0.3603795 0.4988183 0.3233214 0.4716368 0.291721 0.4195379 0.3233214 0.4716368 0.3603795 0.4988183 0.2756842 0.4971434 0.291721 0.4195379 0.2663025 0.3776309 0.2596485 0.3357589 0.2854635 0.4713087 0.3233214 0.4716368 0.2756842 0.4971434 0.2761059 0.4371039 0.291721 0.4195379 0.3233214 0.4716368 0.2761059 0.4371039 0.3233214 0.4716368 0.2854635 0.4713087 0.2663025 0.3776309 0.291721 0.4195379 0.2761059 0.4371039 0.2854635 0.4713087 0.2756842 0.4971434 0.2269495 0.4706251 0.2761059 0.4371039 0.2854635 0.4713087 0.2269495 0.4706251 0.2756842 0.4971434 0.1912367 0.4954755 0.2269495 0.4706251 0.2269495 0.4706251 0.1912367 0.4954755 0.2224282 0.4226546 0.2761059 0.4371039 0.2433066 0.4319711 0.2663025 0.3776309 0.2269495 0.4706251 0.2433066 0.4319711 0.2761059 0.4371039 0.2663025 0.3776309 0.2433066 0.4319711 0.2596485 0.3357589 0.2433066 0.4319711 0.2269495 0.4706251 0.2224282 0.4226546 0.2433066 0.4319711 0.2224282 0.4226546 0.2596485 0.3357589 0.2998781 0.4008972 0.3603795 0.4988183 0.291721 0.4195379 0.2998781 0.4008972 0.291721 0.4195379 0.2596485 0.3357589 0.3603795 0.4988183 0.3233214 0.4716368 0.291721 0.4195379 0.3233214 0.4716368 0.3603795 0.4988183 0.2756842 0.4971434 0.291721 0.4195379 0.2663025 0.3776309 0.2596485 0.3357589 0.2854635 0.4713087 0.3233214 0.4716368 0.2756842 0.4971434 0.2761059 0.4371039 0.291721 0.4195379 0.3233214 0.4716368 0.2761059 0.4371039 0.3233214 0.4716368 0.2854635 0.4713087 0.2663025 0.3776309 0.291721 0.4195379 0.2761059 0.4371039 0.2854635 0.4713087 0.2756842 0.4971434 0.2269495 0.4706251 0.2761059 0.4371039 0.2854635 0.4713087 0.2269495 0.4706251 0.2756842 0.4971434 0.1912367 0.4954755 0.2269495 0.4706251 0.2269495 0.4706251 0.1912367 0.4954755 0.2224282 0.4226546 0.2761059 0.4371039 0.2433066 0.4319711 0.2663025 0.3776309 0.2269495 0.4706251 0.2433066 0.4319711 0.2761059 0.4371039 0.2663025 0.3776309 0.2433066 0.4319711 0.2596485 0.3357589 0.2433066 0.4319711 0.2269495 0.4706251 0.2224282 0.4226546 0.2433066 0.4319711 0.2224282 0.4226546 0.2596485 0.3357589 0.2998781 0.4008972 0.3603795 0.4988183 0.291721 0.4195379 0.2998781 0.4008972 0.291721 0.4195379 0.2596485 0.3357589 0.3603795 0.4988183 0.3233214 0.4716368 0.291721 0.4195379 0.3233214 0.4716368 0.3603795 0.4988183 0.2756842 0.4971434 0.291721 0.4195379 0.2663025 0.3776309 0.2596485 0.3357589 0.2854635 0.4713087 0.3233214 0.4716368 0.2756842 0.4971434 0.2761059 0.4371039 0.291721 0.4195379 0.3233214 0.4716368 0.2761059 0.4371039 0.3233214 0.4716368 0.2854635 0.4713087 0.2663025 0.3776309 0.291721 0.4195379 0.2761059 0.4371039 0.2854635 0.4713087 0.2756842 0.4971434 0.2269495 0.4706251 0.2761059 0.4371039 0.2854635 0.4713087 0.2269495 0.4706251 0.2756842 0.4971434 0.1912367 0.4954755 0.2269495 0.4706251 0.2269495 0.4706251 0.1912367 0.4954755 0.2224282 0.4226546 0.2761059 0.4371039 0.2433066 0.4319711 0.2663025 0.3776309 0.2269495 0.4706251 0.2433066 0.4319711 0.2761059 0.4371039 0.2663025 0.3776309 0.2433066 0.4319711 0.2596485 0.3357589 0.2433066 0.4319711 0.2269495 0.4706251 0.2224282 0.4226546 0.2433066 0.4319711 0.2224282 0.4226546 0.2596485 0.3357589 0.2998781 0.4008972 0.3603795 0.4988183 0.291721 0.4195379 0.2998781 0.4008972 0.291721 0.4195379 0.2596485 0.3357589 0.3603795 0.4988183 0.3233214 0.4716368 0.291721 0.4195379 0.3233214 0.4716368 0.3603795 0.4988183 0.2756842 0.4971434 0.291721 0.4195379 0.2663025 0.3776309 0.2596485 0.3357589 0.2854635 0.4713087 0.3233214 0.4716368 0.2756842 0.4971434 0.2761059 0.4371039 0.291721 0.4195379 0.3233214 0.4716368 0.2761059 0.4371039 0.3233214 0.4716368 0.2854635 0.4713087 0.2663025 0.3776309 0.291721 0.4195379 0.2761059 0.4371039 0.2854635 0.4713087 0.2756842 0.4971434 0.2269495 0.4706251 0.2761059 0.4371039 0.2854635 0.4713087 0.2269495 0.4706251 0.2756842 0.4971434 0.1912367 0.4954755 0.2269495 0.4706251 0.2269495 0.4706251 0.1912367 0.4954755 0.2224282 0.4226546 0.2761059 0.4371039 0.2433066 0.4319711 0.2663025 0.3776309 0.2269495 0.4706251 0.2433066 0.4319711 0.2761059 0.4371039 0.2663025 0.3776309 0.2433066 0.4319711 0.2596485 0.3357589 0.2433066 0.4319711 0.2269495 0.4706251 0.2224282 0.4226546 0.2433066 0.4319711 0.2224282 0.4226546 0.2596485 0.3357589 0.2998781 0.4008972 0.3603795 0.4988183 0.291721 0.4195379 0.2998781 0.4008972 0.291721 0.4195379 0.2596485 0.3357589 0.3603795 0.4988183 0.3233214 0.4716368 0.291721 0.4195379 0.3233214 0.4716368 0.3603795 0.4988183 0.2756842 0.4971434 0.291721 0.4195379 0.2663025 0.3776309 0.2596485 0.3357589 0.2854635 0.4713087 0.3233214 0.4716368 0.2756842 0.4971434 0.2761059 0.4371039 0.291721 0.4195379 0.3233214 0.4716368 0.2761059 0.4371039 0.3233214 0.4716368 0.2854635 0.4713087 0.2663025 0.3776309 0.291721 0.4195379 0.2761059 0.4371039 0.2854635 0.4713087 0.2756842 0.4971434 0.2269495 0.4706251 0.2761059 0.4371039 0.2854635 0.4713087 0.2269495 0.4706251 0.2756842 0.4971434 0.1912367 0.4954755 0.2269495 0.4706251 0.2269495 0.4706251 0.1912367 0.4954755 0.2224282 0.4226546 0.2761059 0.4371039 0.2433066 0.4319711 0.2663025 0.3776309 0.2269495 0.4706251 0.2433066 0.4319711 0.2761059 0.4371039 0.2663025 0.3776309 0.2433066 0.4319711 0.2596485 0.3357589 0.2433066 0.4319711 0.2269495 0.4706251 0.2224282 0.4226546 0.2433066 0.4319711 0.2224282 0.4226546 0.2596485 0.3357589 0.2998781 0.4008972 0.3603795 0.4988183 0.291721 0.4195379 0.2998781 0.4008972 0.291721 0.4195379 0.2596485 0.3357589 0.3603795 0.4988183 0.3233214 0.4716368 0.291721 0.4195379 0.3233214 0.4716368 0.3603795 0.4988183 0.2756842 0.4971434 0.291721 0.4195379 0.2663025 0.3776309 0.2596485 0.3357589 0.2854635 0.4713087 0.3233214 0.4716368 0.2756842 0.4971434 0.2761059 0.4371039 0.291721 0.4195379 0.3233214 0.4716368 0.2761059 0.4371039 0.3233214 0.4716368 0.2854635 0.4713087 0.2663025 0.3776309 0.291721 0.4195379 0.2761059 0.4371039 0.2854635 0.4713087 0.2756842 0.4971434 0.2269495 0.4706251 0.2761059 0.4371039 0.2854635 0.4713087 0.2269495 0.4706251 0.2756842 0.4971434 0.1912367 0.4954755 0.2269495 0.4706251 0.2269495 0.4706251 0.1912367 0.4954755 0.2224282 0.4226546 0.2761059 0.4371039 0.2433066 0.4319711 0.2663025 0.3776309 0.2269495 0.4706251 0.2433066 0.4319711 0.2761059 0.4371039 0.2663025 0.3776309 0.2433066 0.4319711 0.2596485 0.3357589 0.2433066 0.4319711 0.2269495 0.4706251 0.2224282 0.4226546 0.2433066 0.4319711 0.2224282 0.4226546 0.2596485 0.3357589 0.2998781 0.4008972 0.3603795 0.4988183 0.291721 0.4195379 0.2998781 0.4008972 0.291721 0.4195379 0.2596485 0.3357589 0.3603795 0.4988183 0.3233214 0.4716368 0.291721 0.4195379 0.3233214 0.4716368 0.3603795 0.4988183 0.2756842 0.4971434 0.291721 0.4195379 0.2663025 0.3776309 0.2596485 0.3357589 0.2854635 0.4713087 0.3233214 0.4716368 0.2756842 0.4971434 0.2761059 0.4371039 0.291721 0.4195379 0.3233214 0.4716368 0.2761059 0.4371039 0.3233214 0.4716368 0.2854635 0.4713087 0.2663025 0.3776309 0.291721 0.4195379 0.2761059 0.4371039 0.2854635 0.4713087 0.2756842 0.4971434 0.2269495 0.4706251 0.2761059 0.4371039 0.2854635 0.4713087 0.2269495 0.4706251 0.2756842 0.4971434 0.1912367 0.4954755 0.2269495 0.4706251 0.2269495 0.4706251 0.1912367 0.4954755 0.2224282 0.4226546 0.2761059 0.4371039 0.2433066 0.4319711 0.2663025 0.3776309 0.2269495 0.4706251 0.2433066 0.4319711 0.2761059 0.4371039 0.2663025 0.3776309 0.2433066 0.4319711 0.2596485 0.3357589 0.2433066 0.4319711 0.2269495 0.4706251 0.2224282 0.4226546 0.2433066 0.4319711 0.2224282 0.4226546 0.2596485 0.3357589 0.2998781 0.4008972 0.3603795 0.4988183 0.291721 0.4195379 0.2998781 0.4008972 0.291721 0.4195379 0.2596485 0.3357589 0.3603795 0.4988183 0.3233214 0.4716368 0.291721 0.4195379 0.3233214 0.4716368 0.3603795 0.4988183 0.2756842 0.4971434 0.291721 0.4195379 0.2663025 0.3776309 0.2596485 0.3357589 0.2854635 0.4713087 0.3233214 0.4716368 0.2756842 0.4971434 0.2761059 0.4371039 0.291721 0.4195379 0.3233214 0.4716368 0.2761059 0.4371039 0.3233214 0.4716368 0.2854635 0.4713087 0.2663025 0.3776309 0.291721 0.4195379 0.2761059 0.4371039 0.2854635 0.4713087 0.2756842 0.4971434 0.2269495 0.4706251 0.2761059 0.4371039 0.2854635 0.4713087 0.2269495 0.4706251 0.2756842 0.4971434 0.1912367 0.4954755 0.2269495 0.4706251 0.2269495 0.4706251 0.1912367 0.4954755 0.2224282 0.4226546 0.2761059 0.4371039 0.2433066 0.4319711 0.2663025 0.3776309 0.2269495 0.4706251 0.2433066 0.4319711 0.2761059 0.4371039 0.2663025 0.3776309 0.2433066 0.4319711 0.2596485 0.3357589 0.2433066 0.4319711 0.2269495 0.4706251 0.2224282 0.4226546 0.2433066 0.4319711 0.2224282 0.4226546 0.2596485 0.3357589 0.2998781 0.4008972 0.3603795 0.4988183 0.291721 0.4195379 0.2998781 0.4008972 0.291721 0.4195379 0.2596485 0.3357589 0.3603795 0.4988183 0.3233214 0.4716368 0.291721 0.4195379 0.3233214 0.4716368 0.3603795 0.4988183 0.2756842 0.4971434 0.291721 0.4195379 0.2663025 0.3776309 0.2596485 0.3357589 0.2854635 0.4713087 0.3233214 0.4716368 0.2756842 0.4971434 0.2761059 0.4371039 0.291721 0.4195379 0.3233214 0.4716368 0.2761059 0.4371039 0.3233214 0.4716368 0.2854635 0.4713087 0.2663025 0.3776309 0.291721 0.4195379 0.2761059 0.4371039 0.2854635 0.4713087 0.2756842 0.4971434 0.2269495 0.4706251 0.2761059 0.4371039 0.2854635 0.4713087 0.2269495 0.4706251 0.2756842 0.4971434 0.1912367 0.4954755 0.2269495 0.4706251 0.2269495 0.4706251 0.1912367 0.4954755 0.2224282 0.4226546 0.2761059 0.4371039 0.2433066 0.4319711 0.2663025 0.3776309 0.2269495 0.4706251 0.2433066 0.4319711 0.2761059 0.4371039 0.2663025 0.3776309 0.2433066 0.4319711 0.2596485 0.3357589 0.2433066 0.4319711 0.2269495 0.4706251 0.2224282 0.4226546 0.2433066 0.4319711 0.2224282 0.4226546 0.2596485 0.3357589 0.2998781 0.4008972 0.3603795 0.4988183 0.291721 0.4195379 0.2998781 0.4008972 0.291721 0.4195379 0.2596485 0.3357589 0.3603795 0.4988183 0.3233214 0.4716368 0.291721 0.4195379 0.3233214 0.4716368 0.3603795 0.4988183 0.2756842 0.4971434 0.291721 0.4195379 0.2663025 0.3776309 0.2596485 0.3357589 0.2854635 0.4713087 0.3233214 0.4716368 0.2756842 0.4971434 0.2761059 0.4371039 0.291721 0.4195379 0.3233214 0.4716368 0.2761059 0.4371039 0.3233214 0.4716368 0.2854635 0.4713087 0.2663025 0.3776309 0.291721 0.4195379 0.2761059 0.4371039 0.2854635 0.4713087 0.2756842 0.4971434 0.2269495 0.4706251 0.2761059 0.4371039 0.2854635 0.4713087 0.2269495 0.4706251 0.2756842 0.4971434 0.1912367 0.4954755 0.2269495 0.4706251 0.2269495 0.4706251 0.1912367 0.4954755 0.2224282 0.4226546 0.2761059 0.4371039 0.2433066 0.4319711 0.2663025 0.3776309 0.2269495 0.4706251 0.2433066 0.4319711 0.2761059 0.4371039 0.2663025 0.3776309 0.2433066 0.4319711 0.2596485 0.3357589 0.2433066 0.4319711 0.2269495 0.4706251 0.2224282 0.4226546 0.2433066 0.4319711 0.2224282 0.4226546 0.2596485 0.3357589 0.2998781 0.4008972 0.3603795 0.4988183 0.291721 0.4195379 0.2998781 0.4008972 0.291721 0.4195379 0.2596485 0.3357589 0.3603795 0.4988183 0.3233214 0.4716368 0.291721 0.4195379 0.3233214 0.4716368 0.3603795 0.4988183 0.2756842 0.4971434 0.291721 0.4195379 0.2663025 0.3776309 0.2596485 0.3357589 0.2854635 0.4713087 0.3233214 0.4716368 0.2756842 0.4971434 0.2761059 0.4371039 0.291721 0.4195379 0.3233214 0.4716368 0.2761059 0.4371039 0.3233214 0.4716368 0.2854635 0.4713087 0.2663025 0.3776309 0.291721 0.4195379 0.2761059 0.4371039 0.2854635 0.4713087 0.2756842 0.4971434 0.2269495 0.4706251 0.2761059 0.4371039 0.2854635 0.4713087 0.2269495 0.4706251 0.2756842 0.4971434 0.1912367 0.4954755 0.2269495 0.4706251 0.2269495 0.4706251 0.1912367 0.4954755 0.2224282 0.4226546 0.2761059 0.4371039 0.2433066 0.4319711 0.2663025 0.3776309 0.2269495 0.4706251 0.2433066 0.4319711 0.2761059 0.4371039 0.2663025 0.3776309 0.2433066 0.4319711 0.2596485 0.3357589 0.2433066 0.4319711 0.2269495 0.4706251 0.2224282 0.4226546 0.2433066 0.4319711 0.2224282 0.4226546 0.2596485 0.3357589 0.2998781 0.4008972 0.3603795 0.4988183 0.291721 0.4195379 0.2998781 0.4008972 0.291721 0.4195379 0.2596485 0.3357589 0.3603795 0.4988183 0.3233214 0.4716368 0.291721 0.4195379 0.3233214 0.4716368 0.3603795 0.4988183 0.2756842 0.4971434 0.291721 0.4195379 0.2663025 0.3776309 0.2596485 0.3357589 0.2854635 0.4713087 0.3233214 0.4716368 0.2756842 0.4971434 0.2761059 0.4371039 0.291721 0.4195379 0.3233214 0.4716368 0.2761059 0.4371039 0.3233214 0.4716368 0.2854635 0.4713087 0.2663025 0.3776309 0.291721 0.4195379 0.2761059 0.4371039 0.2854635 0.4713087 0.2756842 0.4971434 0.2269495 0.4706251 0.2761059 0.4371039 0.2854635 0.4713087 0.2269495 0.4706251 0.2756842 0.4971434 0.1912367 0.4954755 0.2269495 0.4706251 0.2269495 0.4706251 0.1912367 0.4954755 0.2224282 0.4226546 0.2761059 0.4371039 0.2433066 0.4319711 0.2663025 0.3776309 0.2269495 0.4706251 0.2433066 0.4319711 0.2761059 0.4371039 0.2663025 0.3776309 0.2433066 0.4319711 0.2596485 0.3357589 0.2433066 0.4319711 0.2269495 0.4706251 0.2224282 0.4226546 0.2433066 0.4319711 0.2224282 0.4226546 0.2596485 0.3357589 0.2998781 0.4008972 0.3603795 0.4988183 0.291721 0.4195379 0.2998781 0.4008972 0.291721 0.4195379 0.2596485 0.3357589 0.3603795 0.4988183 0.3233214 0.4716368 0.291721 0.4195379 0.3233214 0.4716368 0.3603795 0.4988183 0.2756842 0.4971434 0.291721 0.4195379 0.2663025 0.3776309 0.2596485 0.3357589 0.2854635 0.4713087 0.3233214 0.4716368 0.2756842 0.4971434 0.2761059 0.4371039 0.291721 0.4195379 0.3233214 0.4716368 0.2761059 0.4371039 0.3233214 0.4716368 0.2854635 0.4713087 0.2663025 0.3776309 0.291721 0.4195379 0.2761059 0.4371039 0.2854635 0.4713087 0.2756842 0.4971434 0.2269495 0.4706251 0.2761059 0.4371039 0.2854635 0.4713087 0.2269495 0.4706251 0.2756842 0.4971434 0.1912367 0.4954755 0.2269495 0.4706251 0.2269495 0.4706251 0.1912367 0.4954755 0.2224282 0.4226546 0.2761059 0.4371039 0.2433066 0.4319711 0.2663025 0.3776309 0.2269495 0.4706251 0.2433066 0.4319711 0.2761059 0.4371039 0.2663025 0.3776309 0.2433066 0.4319711 0.2596485 0.3357589 0.2433066 0.4319711 0.2269495 0.4706251 0.2224282 0.4226546 0.2433066 0.4319711 0.2224282 0.4226546 0.2596485 0.3357589 0.2998781 0.4008972 0.3603795 0.4988183 0.291721 0.4195379 0.2998781 0.4008972 0.291721 0.4195379 0.2596485 0.3357589 0.3603795 0.4988183 0.3233214 0.4716368 0.291721 0.4195379 0.3233214 0.4716368 0.3603795 0.4988183 0.2756842 0.4971434 0.291721 0.4195379 0.2663025 0.3776309 0.2596485 0.3357589 0.2854635 0.4713087 0.3233214 0.4716368 0.2756842 0.4971434 0.2761059 0.4371039 0.291721 0.4195379 0.3233214 0.4716368 0.2761059 0.4371039 0.3233214 0.4716368 0.2854635 0.4713087 0.2663025 0.3776309 0.291721 0.4195379 0.2761059 0.4371039 0.2854635 0.4713087 0.2756842 0.4971434 0.2269495 0.4706251 0.2761059 0.4371039 0.2854635 0.4713087 0.2269495 0.4706251 0.2756842 0.4971434 0.1912367 0.4954755 0.2269495 0.4706251 0.2269495 0.4706251 0.1912367 0.4954755 0.2224282 0.4226546 0.2761059 0.4371039 0.2433066 0.4319711 0.2663025 0.3776309 0.2269495 0.4706251 0.2433066 0.4319711 0.2761059 0.4371039 0.2663025 0.3776309 0.2433066 0.4319711 0.2596485 0.3357589 0.2433066 0.4319711 0.2269495 0.4706251 0.2224282 0.4226546 0.2433066 0.4319711 0.2224282 0.4226546 0.2596485 0.3357589 0.2998781 0.4008972 0.3603795 0.4988183 0.291721 0.4195379 0.2998781 0.4008972 0.291721 0.4195379 0.2596485 0.3357589 0.3603795 0.4988183 0.3233214 0.4716368 0.291721 0.4195379 0.3233214 0.4716368 0.3603795 0.4988183 0.2756842 0.4971434 0.291721 0.4195379 0.2663025 0.3776309 0.2596485 0.3357589 0.2854635 0.4713087 0.3233214 0.4716368 0.2756842 0.4971434 0.2761059 0.4371039 0.291721 0.4195379 0.3233214 0.4716368 0.2761059 0.4371039 0.3233214 0.4716368 0.2854635 0.4713087 0.2663025 0.3776309 0.291721 0.4195379 0.2761059 0.4371039 0.2854635 0.4713087 0.2756842 0.4971434 0.2269495 0.4706251 0.2761059 0.4371039 0.2854635 0.4713087 0.2269495 0.4706251 0.2756842 0.4971434 0.1912367 0.4954755 0.2269495 0.4706251 0.2269495 0.4706251 0.1912367 0.4954755 0.2224282 0.4226546 0.2761059 0.4371039 0.2433066 0.4319711 0.2663025 0.3776309 0.2269495 0.4706251 0.2433066 0.4319711 0.2761059 0.4371039 0.2663025 0.3776309 0.2433066 0.4319711 0.2596485 0.3357589 0.2433066 0.4319711 0.2269495 0.4706251 0.2224282 0.4226546 0.2433066 0.4319711 0.2224282 0.4226546 0.2596485 0.3357589 0.2998781 0.4008972 0.3603795 0.4988183 0.291721 0.4195379 0.2998781 0.4008972 0.291721 0.4195379 0.2596485 0.3357589 0.3603795 0.4988183 0.3233214 0.4716368 0.291721 0.4195379 0.3233214 0.4716368 0.3603795 0.4988183 0.2756842 0.4971434 0.291721 0.4195379 0.2663025 0.3776309 0.2596485 0.3357589 0.2854635 0.4713087 0.3233214 0.4716368 0.2756842 0.4971434 0.2761059 0.4371039 0.291721 0.4195379 0.3233214 0.4716368 0.2761059 0.4371039 0.3233214 0.4716368 0.2854635 0.4713087 0.2663025 0.3776309 0.291721 0.4195379 0.2761059 0.4371039 0.2854635 0.4713087 0.2756842 0.4971434 0.2269495 0.4706251 0.2761059 0.4371039 0.2854635 0.4713087 0.2269495 0.4706251 0.2756842 0.4971434 0.1912367 0.4954755 0.2269495 0.4706251 0.2269495 0.4706251 0.1912367 0.4954755 0.2224282 0.4226546 0.2761059 0.4371039 0.2433066 0.4319711 0.2663025 0.3776309 0.2269495 0.4706251 0.2433066 0.4319711 0.2761059 0.4371039 0.2663025 0.3776309 0.2433066 0.4319711 0.2596485 0.3357589 0.2433066 0.4319711 0.2269495 0.4706251 0.2224282 0.4226546 0.2433066 0.4319711 0.2224282 0.4226546 0.2596485 0.3357589 0.2998781 0.4008972 0.3603795 0.4988183 0.291721 0.4195379 0.2998781 0.4008972 0.291721 0.4195379 0.2596485 0.3357589 0.3603795 0.4988183 0.3233214 0.4716368 0.291721 0.4195379 0.3233214 0.4716368 0.3603795 0.4988183 0.2756842 0.4971434 0.291721 0.4195379 0.2663025 0.3776309 0.2596485 0.3357589 0.2854635 0.4713087 0.3233214 0.4716368 0.2756842 0.4971434 0.2761059 0.4371039 0.291721 0.4195379 0.3233214 0.4716368 0.2761059 0.4371039 0.3233214 0.4716368 0.2854635 0.4713087 0.2663025 0.3776309 0.291721 0.4195379 0.2761059 0.4371039 0.2854635 0.4713087 0.2756842 0.4971434 0.2269495 0.4706251 0.2761059 0.4371039 0.2854635 0.4713087 0.2269495 0.4706251 0.2756842 0.4971434 0.1912367 0.4954755 0.2269495 0.4706251 0.2269495 0.4706251 0.1912367 0.4954755 0.2224282 0.4226546 0.2761059 0.4371039 0.2433066 0.4319711 0.2663025 0.3776309 0.2269495 0.4706251 0.2433066 0.4319711 0.2761059 0.4371039 0.2663025 0.3776309 0.2433066 0.4319711 0.2596485 0.3357589 0.2433066 0.4319711 0.2269495 0.4706251 0.2224282 0.4226546 0.2433066 0.4319711 0.2224282 0.4226546 0.2596485 0.3357589 0.2998781 0.4008972 0.3603795 0.4988183 0.291721 0.4195379 0.2998781 0.4008972 0.291721 0.4195379 0.2596485 0.3357589 0.3603795 0.4988183 0.3233214 0.4716368 0.291721 0.4195379 0.3233214 0.4716368 0.3603795 0.4988183 0.2756842 0.4971434 0.291721 0.4195379 0.2663025 0.3776309 0.2596485 0.3357589 0.2854635 0.4713087 0.3233214 0.4716368 0.2756842 0.4971434 0.2761059 0.4371039 0.291721 0.4195379 0.3233214 0.4716368 0.2761059 0.4371039 0.3233214 0.4716368 0.2854635 0.4713087 0.2663025 0.3776309 0.291721 0.4195379 0.2761059 0.4371039 0.2854635 0.4713087 0.2756842 0.4971434 0.2269495 0.4706251 0.2761059 0.4371039 0.2854635 0.4713087 0.2269495 0.4706251 0.2756842 0.4971434 0.1912367 0.4954755 0.2269495 0.4706251 0.2269495 0.4706251 0.1912367 0.4954755 0.2224282 0.4226546 0.2761059 0.4371039 0.2433066 0.4319711 0.2663025 0.3776309 0.2269495 0.4706251 0.2433066 0.4319711 0.2761059 0.4371039 0.2663025 0.3776309 0.2433066 0.4319711 0.2596485 0.3357589 0.2433066 0.4319711 0.2269495 0.4706251 0.2224282 0.4226546 0.2433066 0.4319711 0.2224282 0.4226546 0.2596485 0.3357589 0.2998781 0.4008972 0.3603795 0.4988183 0.291721 0.4195379 0.2998781 0.4008972 0.291721 0.4195379 0.2596485 0.3357589 0.3603795 0.4988183 0.3233214 0.4716368 0.291721 0.4195379 0.3233214 0.4716368 0.3603795 0.4988183 0.2756842 0.4971434 0.291721 0.4195379 0.2663025 0.3776309 0.2596485 0.3357589 0.2854635 0.4713087 0.3233214 0.4716368 0.2756842 0.4971434 0.2761059 0.4371039 0.291721 0.4195379 0.3233214 0.4716368 0.2761059 0.4371039 0.3233214 0.4716368 0.2854635 0.4713087 0.2663025 0.3776309 0.291721 0.4195379 0.2761059 0.4371039 0.2854635 0.4713087 0.2756842 0.4971434 0.2269495 0.4706251 0.2761059 0.4371039 0.2854635 0.4713087 0.2269495 0.4706251 0.2756842 0.4971434 0.1912367 0.4954755 0.2269495 0.4706251 0.2269495 0.4706251 0.1912367 0.4954755 0.2224282 0.4226546 0.2761059 0.4371039 0.2433066 0.4319711 0.2663025 0.3776309 0.2269495 0.4706251 0.2433066 0.4319711 0.2761059 0.4371039 0.2663025 0.3776309 0.2433066 0.4319711 0.2596485 0.3357589 0.2433066 0.4319711 0.2269495 0.4706251 0.2224282 0.4226546 0.2433066 0.4319711 0.2224282 0.4226546 0.2596485 0.3357589 0.2998781 0.4008972 0.3603795 0.4988183 0.291721 0.4195379 0.2998781 0.4008972 0.291721 0.4195379 0.2596485 0.3357589 0.3603795 0.4988183 0.3233214 0.4716368 0.291721 0.4195379 0.3233214 0.4716368 0.3603795 0.4988183 0.2756842 0.4971434 0.291721 0.4195379 0.2663025 0.3776309 0.2596485 0.3357589 0.2854635 0.4713087 0.3233214 0.4716368 0.2756842 0.4971434 0.2761059 0.4371039 0.291721 0.4195379 0.3233214 0.4716368 0.2761059 0.4371039 0.3233214 0.4716368 0.2854635 0.4713087 0.2663025 0.3776309 0.291721 0.4195379 0.2761059 0.4371039 0.2854635 0.4713087 0.2756842 0.4971434 0.2269495 0.4706251 0.2761059 0.4371039 0.2854635 0.4713087 0.2269495 0.4706251 0.2756842 0.4971434 0.1912367 0.4954755 0.2269495 0.4706251 0.2269495 0.4706251 0.1912367 0.4954755 0.2224282 0.4226546 0.2761059 0.4371039 0.2433066 0.4319711 0.2663025 0.3776309 0.2269495 0.4706251 0.2433066 0.4319711 0.2761059 0.4371039 0.2663025 0.3776309 0.2433066 0.4319711 0.2596485 0.3357589 0.2433066 0.4319711 0.2269495 0.4706251 0.2224282 0.4226546 0.2433066 0.4319711 0.2224282 0.4226546 0.2596485 0.3357589 0.2998781 0.4008972 0.3603795 0.4988183 0.291721 0.4195379 0.2998781 0.4008972 0.291721 0.4195379 0.2596485 0.3357589 0.3603795 0.4988183 0.3233214 0.4716368 0.291721 0.4195379 0.3233214 0.4716368 0.3603795 0.4988183 0.2756842 0.4971434 0.291721 0.4195379 0.2663025 0.3776309 0.2596485 0.3357589 0.2854635 0.4713087 0.3233214 0.4716368 0.2756842 0.4971434 0.2761059 0.4371039 0.291721 0.4195379 0.3233214 0.4716368 0.2761059 0.4371039 0.3233214 0.4716368 0.2854635 0.4713087 0.2663025 0.3776309 0.291721 0.4195379 0.2761059 0.4371039 0.2854635 0.4713087 0.2756842 0.4971434 0.2269495 0.4706251 0.2761059 0.4371039 0.2854635 0.4713087 0.2269495 0.4706251 0.2756842 0.4971434 0.1912367 0.4954755 0.2269495 0.4706251 0.2269495 0.4706251 0.1912367 0.4954755 0.2224282 0.4226546 0.2761059 0.4371039 0.2433066 0.4319711 0.2663025 0.3776309 0.2269495 0.4706251 0.2433066 0.4319711 0.2761059 0.4371039 0.2663025 0.3776309 0.2433066 0.4319711 0.2596485 0.3357589 0.2433066 0.4319711 0.2269495 0.4706251 0.2224282 0.4226546 0.2433066 0.4319711 0.2224282 0.4226546 0.2596485 0.3357589 0.2998781 0.4008972 0.3603795 0.4988183 0.291721 0.4195379 0.2998781 0.4008972 0.291721 0.4195379 0.2596485 0.3357589 0.3603795 0.4988183 0.3233214 0.4716368 0.291721 0.4195379 0.3233214 0.4716368 0.3603795 0.4988183 0.2756842 0.4971434 0.291721 0.4195379 0.2663025 0.3776309 0.2596485 0.3357589 0.2854635 0.4713087 0.3233214 0.4716368 0.2756842 0.4971434 0.2761059 0.4371039 0.291721 0.4195379 0.3233214 0.4716368 0.2761059 0.4371039 0.3233214 0.4716368 0.2854635 0.4713087 0.2663025 0.3776309 0.291721 0.4195379 0.2761059 0.4371039 0.2854635 0.4713087 0.2756842 0.4971434 0.2269495 0.4706251 0.2761059 0.4371039 0.2854635 0.4713087 0.2269495 0.4706251 0.2756842 0.4971434 0.1912367 0.4954755 0.2269495 0.4706251 0.2269495 0.4706251 0.1912367 0.4954755 0.2224282 0.4226546 0.2761059 0.4371039 0.2433066 0.4319711 0.2663025 0.3776309 0.2269495 0.4706251 0.2433066 0.4319711 0.2761059 0.4371039 0.2663025 0.3776309 0.2433066 0.4319711 0.2596485 0.3357589 0.2433066 0.4319711 0.2269495 0.4706251 0.2224282 0.4226546 0.2433066 0.4319711 0.2224282 0.4226546 0.2596485 0.3357589 0.2998781 0.4008972 0.3603795 0.4988183 0.291721 0.4195379 0.2998781 0.4008972 0.291721 0.4195379 0.2596485 0.3357589 0.3603795 0.4988183 0.3233214 0.4716368 0.291721 0.4195379 0.3233214 0.4716368 0.3603795 0.4988183 0.2756842 0.4971434 0.291721 0.4195379 0.2663025 0.3776309 0.2596485 0.3357589 0.2854635 0.4713087 0.3233214 0.4716368 0.2756842 0.4971434 0.2761059 0.4371039 0.291721 0.4195379 0.3233214 0.4716368 0.2761059 0.4371039 0.3233214 0.4716368 0.2854635 0.4713087 0.2663025 0.3776309 0.291721 0.4195379 0.2761059 0.4371039 0.2854635 0.4713087 0.2756842 0.4971434 0.2269495 0.4706251 0.2761059 0.4371039 0.2854635 0.4713087 0.2269495 0.4706251 0.2756842 0.4971434 0.1912367 0.4954755 0.2269495 0.4706251 0.2269495 0.4706251 0.1912367 0.4954755 0.2224282 0.4226546 0.2761059 0.4371039 0.2433066 0.4319711 0.2663025 0.3776309 0.2269495 0.4706251 0.2433066 0.4319711 0.2761059 0.4371039 0.2663025 0.3776309 0.2433066 0.4319711 0.2596485 0.3357589 0.2433066 0.4319711 0.2269495 0.4706251 0.2224282 0.4226546 0.2433066 0.4319711 0.2224282 0.4226546 0.2596485 0.3357589 0.4243263 0.05710226 0.2830619 0.05845367 0.4240623 0.05133771 0.2830619 0.05845367 0.2829769 0.05206638 0.4240623 0.05133771 0.2830619 0.05845367 0.1421503 0.05878031 0.2829769 0.05206638 0.4240623 0.05133771 0.2829769 0.05206638 0.4238246 0.04556757 0.1421503 0.05878031 0.1422346 0.05207312 0.2829769 0.05206638 0.1421503 0.05878031 0.001716077 0.06077587 0.1422346 0.05207312 0.001716077 0.06077587 0.001761496 0.05328029 0.1422346 0.05207312 0.2829769 0.05206638 0.2830208 0.04569035 0.4238246 0.04556757 0.2829769 0.05206638 0.1422346 0.05207312 0.2830208 0.04569035 0.4238246 0.04556757 0.2830208 0.04569035 0.4237417 0.03978687 0.1422346 0.05207312 0.001761496 0.05328029 0.1423452 0.04536259 0.1422346 0.05207312 0.1423452 0.04536259 0.2830208 0.04569035 0.001761496 0.05328029 0.001597702 0.04579484 0.1423452 0.04536259 0.2830208 0.04569035 0.2831627 0.03932356 0.4237417 0.03978687 0.2830208 0.04569035 0.1423452 0.04536259 0.2831627 0.03932356 0.4237417 0.03978687 0.2831627 0.03932356 0.4238635 0.03400069 0.1423452 0.04536259 0.001597702 0.04579484 0.1424072 0.03864371 0.1423452 0.04536259 0.1424072 0.03864371 0.2831627 0.03932356 0.001597702 0.04579484 0.00129503 0.03832322 0.1424072 0.03864371 0.2831627 0.03932356 0.2833285 0.03295999 0.4238635 0.03400069 0.2831627 0.03932356 0.1424072 0.03864371 0.2833285 0.03295999 0.4238635 0.03400069 0.2833285 0.03295999 0.4241377 0.02822446 0.1424072 0.03864371 0.00129503 0.03832322 0.1423896 0.03191035 0.1424072 0.03864371 0.1423896 0.03191035 0.2833285 0.03295999 0.00129503 0.03832322 0.001028716 0.03085601 0.1423896 0.03191035 0.2833285 0.03295999 0.2834397 0.02659457 0.4241377 0.02822446 0.2833285 0.03295999 0.1423896 0.03191035 0.2834397 0.02659457 0.4241377 0.02822446 0.2834397 0.02659457 0.4244358 0.02245569 0.1423896 0.03191035 0.001028716 0.03085601 0.1423268 0.02517491 0.1423896 0.03191035 0.1423268 0.02517491 0.2834397 0.02659457 0.001028716 0.03085601 9.76562e-4 0.02338367 0.1423268 0.02517491 0.2834397 0.02659457 0.2834669 0.02022802 0.4244358 0.02245569 0.2834397 0.02659457 0.1423268 0.02517491 0.2834669 0.02022802 0.4244358 0.02245569 0.2834669 0.02022802 0.4246292 0.01668685 0.1423268 0.02517491 9.76562e-4 0.02338367 0.1422892 0.01844906 0.1423268 0.02517491 0.1422892 0.01844906 0.2834669 0.02022802 9.76562e-4 0.02338367 0.001215577 0.01591491 0.1422892 0.01844906 0.2834669 0.02022802 0.2834409 0.01384931 0.4246292 0.01668685 0.2834669 0.02022802 0.1422892 0.01844906 0.2834409 0.01384931 0.4246292 0.01668685 0.2834409 0.01384931 0.4246647 0.01091516 0.2834409 0.01384931 0.2834369 0.007460534 0.4246647 0.01091516 0.1422892 0.01844906 0.001215577 0.01591491 0.1423535 0.01173764 0.1422892 0.01844906 0.1423535 0.01173764 0.2834409 0.01384931 0.2834409 0.01384931 0.1423535 0.01173764 0.2834369 0.007460534 0.001215577 0.01591491 0.00167042 0.008449196 0.1423535 0.01173764 0.1423535 0.01173764 0.1425504 0.005032658 0.2834369 0.007460534 0.1423535 0.01173764 0.00167042 0.008449196 0.1425504 0.005032658 0.00167042 0.008449196 0.002165555 9.76562e-4 0.1425504 0.005032658 0.3969827 0.07308936 0.3916655 0.07085132 0.3970258 0.06555217 0.4023255 0.07091224 0.3969827 0.07308936 0.3970258 0.06555217 0.3916655 0.07085132 0.3894886 0.06550914 0.3970258 0.06555217 0.4045632 0.0655952 0.4023255 0.07091224 0.3970258 0.06555217 0.3894886 0.06550914 0.3917267 0.0601921 0.3970258 0.06555217 0.4023863 0.06025302 0.4045632 0.0655952 0.3970258 0.06555217 0.3917267 0.0601921 0.3970688 0.05801498 0.3970258 0.06555217 0.3970688 0.05801498 0.4023863 0.06025302 0.3970258 0.06555217 0.4079016 0.06067335 0.4148411 0.05784529 0.4147852 0.06763589 0.4049947 0.06757998 0.4079016 0.06067335 0.4147852 0.06763589 0.4148411 0.05784529 0.4217478 0.06075245 0.4147852 0.06763589 0.4078229 0.07451933 0.4049947 0.06757998 0.4147852 0.06763589 0.4217478 0.06075245 0.424576 0.0676918 0.4147852 0.06763589 0.4147293 0.07742643 0.4078229 0.07451933 0.4147852 0.06763589 0.424576 0.0676918 0.4216688 0.07459837 0.4147852 0.06763589 0.4216688 0.07459837 0.4147293 0.07742643 0.4147852 0.06763589</float_array>
          <technique_common>
            <accessor source="#SM_KB3D_MTM_PropCropTomatoes_A_Main-mesh-map-0-array" count="9372" stride="2">
              <param name="S" type="float"/>
              <param name="T" type="float"/>
            </accessor>
          </technique_common>
        </source>
        <source id="SM_KB3D_MTM_PropCropTomatoes_A_Main-mesh-map-1">
          <float_array id="SM_KB3D_MTM_PropCropTomatoes_A_Main-mesh-map-1-array" count="18744">0.3429554 0.6563761 0.3427293 0.6632955 0.3390176 0.6634879 0.3392412 0.6558104 0.3429554 0.6563761 0.3390176 0.6634879 0.3392412 0.6558104 0.3390176 0.6634879 0.3370511 0.6635898 0.3372734 0.6555107 0.3392412 0.6558104 0.3370511 0.6635898 0.3372734 0.6555107 0.3370511 0.6635898 0.3346586 0.6637139 0.3348792 0.655146 0.3372734 0.6555107 0.3346586 0.6637139 0.3348792 0.655146 0.3346586 0.6637139 0.3283148 0.6640427 0.328531 0.654179 0.3348792 0.655146 0.3283148 0.6640427 0.328531 0.654179 0.3283148 0.6640427 0.3142653 0.664771 0.3144719 0.6520375 0.328531 0.654179 0.3142653 0.664771 0.2971231 0.6588785 0.3144719 0.6520375 0.3142653 0.664771 0.2971231 0.6588785 0.3142653 0.664771 0.2962685 0.6896888 0.2971231 0.6588785 0.2980529 0.6253547 0.3144719 0.6520375 0.2971231 0.6588785 0.2962685 0.6896888 0.2787821 0.6996223 0.2789642 0.6136189 0.2980529 0.6253547 0.2971231 0.6588785 0.2788693 0.6584343 0.2789642 0.6136189 0.2971231 0.6588785 0.2788693 0.6584343 0.2971231 0.6588785 0.2787821 0.6996223 0.2789642 0.6136189 0.2788693 0.6584343 0.2390013 0.607164 0.2788693 0.6584343 0.2787821 0.6996223 0.237025 0.6563803 0.2788693 0.6584343 0.237025 0.6563803 0.2390013 0.607164 0.2787821 0.6996223 0.2352087 0.701613 0.237025 0.6563803 0.2390013 0.607164 0.237025 0.6563803 0.1693548 0.6565321 0.1693548 0.6565321 0.237025 0.6563803 0.2352087 0.701613 0.8244776 0.4155726 0.8243386 0.4198517 0.815476 0.4203138 0.8156089 0.4142138 0.8244776 0.4155726 0.815476 0.4203138 0.8156089 0.4142138 0.815476 0.4203138 0.8068378 0.4207642 0.8069649 0.4128894 0.8156089 0.4142138 0.8068378 0.4207642 0.7962982 0.41712 0.8069649 0.4128894 0.8068378 0.4207642 0.7962982 0.41712 0.8068378 0.4207642 0.7957728 0.4361741 0.7962982 0.41712 0.7968699 0.3963879 0.8069649 0.4128894 0.7962982 0.41712 0.7957728 0.4361741 0.7850216 0.4423173 0.7851336 0.3891301 0.7968699 0.3963879 0.7962982 0.41712 0.7850752 0.4168454 0.7851336 0.3891301 0.7962982 0.41712 0.7850752 0.4168454 0.7962982 0.41712 0.7850216 0.4423173 0.7851336 0.3891301 0.7850752 0.4168454 0.760563 0.3851383 0.7850752 0.4168454 0.7850216 0.4423173 0.7593479 0.4155752 0.7850752 0.4168454 0.7593479 0.4155752 0.760563 0.3851383 0.7850216 0.4423173 0.7582312 0.4435485 0.7593479 0.4155752 0.760563 0.3851383 0.7593479 0.4155752 0.7177419 0.415669 0.7177419 0.415669 0.7593479 0.4155752 0.7582312 0.4435485 0.7786483 0.8107739 0.7784849 0.8057121 0.7680707 0.8051655 0.7682269 0.8123812 0.7786483 0.8107739 0.7680707 0.8051655 0.7682269 0.8123812 0.7680707 0.8051655 0.7579202 0.8046327 0.7580695 0.8139477 0.7682269 0.8123812 0.7579202 0.8046327 0.7455354 0.8089434 0.7580695 0.8139477 0.7579202 0.8046327 0.7455354 0.8089434 0.7579202 0.8046327 0.7449179 0.7864046 0.7455354 0.8089434 0.7462072 0.8334672 0.7580695 0.8139477 0.7455354 0.8089434 0.7449179 0.7864046 0.7322845 0.7791379 0.732416 0.8420524 0.7462072 0.8334672 0.7455354 0.8089434 0.7323475 0.8092683 0.732416 0.8420524 0.7455354 0.8089434 0.7323475 0.8092683 0.7455354 0.8089434 0.7322845 0.7791379 0.732416 0.8420524 0.7323475 0.8092683 0.7035438 0.8467742 0.7323475 0.8092683 0.7322845 0.7791379 0.702116 0.8107708 0.7323475 0.8092683 0.702116 0.8107708 0.7035438 0.8467742 0.7322845 0.7791379 0.7008036 0.7776816 0.702116 0.8107708 0.7035438 0.8467742 0.702116 0.8107708 0.6532258 0.8106598 0.6532258 0.8106598 0.702116 0.8107708 0.7008036 0.7776816 0.534427 0.6596571 0.5342036 0.6660746 0.5199615 0.6667677 0.5201752 0.6576194 0.534427 0.6596571 0.5199615 0.6667677 0.5201752 0.6576194 0.5199615 0.6667677 0.50608 0.6674432 0.5062842 0.6556332 0.5201752 0.6576194 0.50608 0.6674432 0.4891429 0.661978 0.5062842 0.6556332 0.50608 0.6674432 0.4891429 0.661978 0.50608 0.6674432 0.4882985 0.6905536 0.4891429 0.661978 0.4900617 0.6308856 0.5062842 0.6556332 0.4891429 0.661978 0.4882985 0.6905536 0.4710214 0.6997666 0.4712013 0.6200011 0.4900617 0.6308856 0.4891429 0.661978 0.4711076 0.661566 0.4712013 0.6200011 0.4891429 0.661978 0.4711076 0.661566 0.4891429 0.661978 0.4710214 0.6997666 0.4712013 0.6200011 0.4711076 0.661566 0.4317166 0.6140145 0.4711076 0.661566 0.4710214 0.6997666 0.4297639 0.6596611 0.4711076 0.661566 0.4297639 0.6596611 0.4317166 0.6140145 0.4710214 0.6997666 0.4279693 0.701613 0.4297639 0.6596611 0.4317166 0.6140145 0.4297639 0.6596611 0.3629032 0.6598017 0.3629032 0.6598017 0.4297639 0.6596611 0.4279693 0.701613 0.3546787 0.1712363 0.3485355 0.1714019 0.347872 0.1819596 0.3566293 0.1818012 0.3546787 0.1712363 0.347872 0.1819596 0.3566293 0.1818012 0.347872 0.1819596 0.3472254 0.19225 0.3585307 0.1920986 0.3566293 0.1818012 0.3472254 0.19225 0.3524571 0.2048054 0.3585307 0.1920986 0.3472254 0.19225 0.3524571 0.2048054 0.3472254 0.19225 0.3251028 0.2054314 0.3524571 0.2048054 0.3822205 0.2041244 0.3585307 0.1920986 0.3524571 0.2048054 0.3251028 0.2054314 0.3162835 0.2182389 0.3926398 0.2181056 0.3822205 0.2041244 0.3524571 0.2048054 0.3528514 0.2181751 0.3926398 0.2181056 0.3524571 0.2048054 0.3528514 0.2181751 0.3524571 0.2048054 0.3162835 0.2182389 0.3926398 0.2181056 0.3528514 0.2181751 0.3983706 0.2473757 0.3528514 0.2181751 0.3162835 0.2182389 0.3546749 0.2488232 0.3528514 0.2181751 0.3546749 0.2488232 0.3983706 0.2473757 0.3162835 0.2182389 0.3145161 0.2501536 0.3546749 0.2488232 0.3983706 0.2473757 0.3546749 0.2488232 0.3545402 0.2983871 0.3545402 0.2983871 0.3546749 0.2488232 0.3145161 0.2501536 0.6120665 0.5882515 0.6198861 0.5883992 0.6201035 0.590823 0.6114271 0.590677 0.6120665 0.5882515 0.6201035 0.590823 0.6114271 0.590677 0.6201035 0.590823 0.6202188 0.5921071 0.6110884 0.591962 0.6114271 0.590677 0.6202188 0.5921071 0.6110884 0.591962 0.6202188 0.5921071 0.6203589 0.5936694 0.6106762 0.5935254 0.6110884 0.591962 0.6203589 0.5936694 0.6106762 0.5935254 0.6203589 0.5936694 0.6207305 0.5978119 0.6095835 0.5976707 0.6106762 0.5935254 0.6207305 0.5978119 0.6095835 0.5976707 0.6207305 0.5978119 0.6215536 0.6069863 0.6071634 0.6068513 0.6095835 0.5976707 0.6215536 0.6069863 0.6148943 0.6181802 0.6071634 0.6068513 0.6215536 0.6069863 0.6148943 0.6181802 0.6215536 0.6069863 0.6497132 0.6187382 0.6148943 0.6181802 0.5770089 0.6175729 0.6071634 0.6068513 0.6148943 0.6181802 0.6497132 0.6187382 0.6609392 0.6301568 0.5637462 0.6300379 0.5770089 0.6175729 0.6148943 0.6181802 0.6143924 0.6300998 0.5637462 0.6300379 0.6148943 0.6181802 0.6143924 0.6300998 0.6148943 0.6181802 0.6609392 0.6301568 0.5637462 0.6300379 0.6143924 0.6300998 0.5564516 0.6561337 0.6143924 0.6300998 0.6609392 0.6301568 0.6120712 0.6574242 0.6143924 0.6300998 0.6120712 0.6574242 0.5564516 0.6561337 0.6609392 0.6301568 0.6631889 0.6586103 0.6120712 0.6574242 0.5564516 0.6561337 0.6120712 0.6574242 0.6122426 0.701613 0.6122426 0.701613 0.6120712 0.6574242 0.6631889 0.6586103 0.5993179 0.1532258 0.6030772 0.1531006 0.6034833 0.1451222 0.5981242 0.1452419 0.5993179 0.1532258 0.6034833 0.1451222 0.5981242 0.1452419 0.6034833 0.1451222 0.6038789 0.1373457 0.5969607 0.1374602 0.5981242 0.1452419 0.6038789 0.1373457 0.6006774 0.1278576 0.5969607 0.1374602 0.6038789 0.1373457 0.6006774 0.1278576 0.6038789 0.1373457 0.6174169 0.1273846 0.6006774 0.1278576 0.5824637 0.1283723 0.5969607 0.1374602 0.6006774 0.1278576 0.6174169 0.1273846 0.6228139 0.117706 0.5760875 0.1178067 0.5824637 0.1283723 0.6006774 0.1278576 0.6004361 0.1177542 0.5760875 0.1178067 0.6006774 0.1278576 0.6004361 0.1177542 0.6006774 0.1278576 0.6228139 0.117706 0.5760875 0.1178067 0.6004361 0.1177542 0.5725806 0.09568738 0.6004361 0.1177542 0.6228139 0.117706 0.5993202 0.09459352 0.6004361 0.1177542 0.5993202 0.09459352 0.5725806 0.09568738 0.6228139 0.117706 0.6238954 0.09358817 0.5993202 0.09459352 0.5725806 0.09568738 0.5993202 0.09459352 0.5994026 0.05713814 0.5994026 0.05713814 0.5993202 0.09459352 0.6238954 0.09358817 0.8802859 0.4933422 0.8801372 0.4980612 0.8706584 0.4985708 0.8708006 0.4918438 0.8802859 0.4933422 0.8706584 0.4985708 0.8708006 0.4918438 0.8706584 0.4985708 0.8614197 0.4990675 0.8615556 0.4903833 0.8708006 0.4918438 0.8614197 0.4990675 0.8501473 0.4950488 0.8615556 0.4903833 0.8614197 0.4990675 0.8501473 0.4950488 0.8614197 0.4990675 0.8495853 0.5160613 0.8501473 0.4950488 0.8507587 0.4721856 0.8615556 0.4903833 0.8501473 0.4950488 0.8495853 0.5160613 0.8380866 0.5228359 0.8382063 0.4641819 0.8507587 0.4721856 0.8501473 0.4950488 0.8381439 0.4947458 0.8382063 0.4641819 0.8501473 0.4950488 0.8381439 0.4947458 0.8501473 0.4950488 0.8380866 0.5228359 0.8382063 0.4641819 0.8381439 0.4947458 0.8119274 0.4597797 0.8381439 0.4947458 0.8380866 0.5228359 0.8106278 0.493345 0.8381439 0.4947458 0.8106278 0.493345 0.8119274 0.4597797 0.8380866 0.5228359 0.8094334 0.5241935 0.8106278 0.493345 0.8119274 0.4597797 0.8106278 0.493345 0.766129 0.4934485 0.766129 0.4934485 0.8106278 0.493345 0.8094334 0.5241935 0.7429718 0.4899118 0.7428339 0.4951555 0.7340428 0.4957218 0.7341747 0.4882467 0.7429718 0.4899118 0.7340428 0.4957218 0.7341747 0.4882467 0.7340428 0.4957218 0.7254743 0.4962737 0.7256004 0.4866239 0.7341747 0.4882467 0.7254743 0.4962737 0.7150197 0.4918081 0.7256004 0.4866239 0.7254743 0.4962737 0.7150197 0.4918081 0.7254743 0.4962737 0.7144985 0.5151571 0.7150197 0.4918081 0.7155868 0.4664028 0.7256004 0.4866239 0.7150197 0.4918081 0.7144985 0.5151571 0.703834 0.5226849 0.7039451 0.4575091 0.7155868 0.4664028 0.7150197 0.4918081 0.7038872 0.4914715 0.7039451 0.4575091 0.7150197 0.4918081 0.7038872 0.4914715 0.7150197 0.4918081 0.703834 0.5226849 0.7039451 0.4575091 0.7038872 0.4914715 0.6795727 0.4526175 0.7038872 0.4914715 0.703834 0.5226849 0.6783673 0.489915 0.7038872 0.4914715 0.6783673 0.489915 0.6795727 0.4526175 0.703834 0.5226849 0.6772596 0.5241935 0.6783673 0.489915 0.6795727 0.4526175 0.6783673 0.489915 0.6370968 0.4900299 0.6370968 0.4900299 0.6783673 0.489915 0.6772596 0.5241935 0.04058945 0.01888114 0.04516255 0.01901412 0.04565644 0.02749067 0.03913736 0.02736347 0.04058945 0.01888114 0.04565644 0.02749067 0.03913736 0.02736347 0.04565644 0.02749067 0.04613775 0.03575259 0.03772199 0.03563106 0.03913736 0.02736347 0.04613775 0.03575259 0.04224324 0.04583311 0.03772199 0.03563106 0.04613775 0.03575259 0.04224324 0.04583311 0.04613775 0.03575259 0.06260621 0.04633569 0.04224324 0.04583311 0.02008688 0.04528629 0.03772199 0.03563106 0.04224324 0.04583311 0.06260621 0.04633569 0.06917142 0.05661857 0.01233053 0.05651152 0.02008688 0.04528629 0.04224324 0.04583311 0.04194968 0.05656731 0.01233053 0.05651152 0.04224324 0.04583311 0.04194968 0.05656731 0.04224324 0.04583311 0.06917142 0.05661857 0.01233053 0.05651152 0.04194968 0.05656731 0.008064508 0.08001184 0.04194968 0.05656731 0.06917142 0.05661857 0.04059225 0.08117401 0.04194968 0.05656731 0.04059225 0.08117401 0.008064508 0.08001184 0.06917142 0.05661857 0.07048714 0.08224213 0.04059225 0.08117401 0.008064508 0.08001184 0.04059225 0.08117401 0.0406925 0.1209678 0.0406925 0.1209678 0.04059225 0.08117401 0.07048714 0.08224213 0.1778228 0.2631705 0.1691263 0.2634264 0.1688845 0.267628 0.1785339 0.2673749 0.1778228 0.2631705 0.1688845 0.267628 0.1785339 0.2673749 0.1688845 0.267628 0.1687564 0.269854 0.1789106 0.2696024 0.1785339 0.2673749 0.1687564 0.269854 0.1789106 0.2696024 0.1687564 0.269854 0.1686005 0.2725622 0.1793689 0.2723124 0.1789106 0.2696024 0.1686005 0.2725622 0.1793689 0.2723124 0.1686005 0.2725622 0.1681872 0.279743 0.1805842 0.2794982 0.1793689 0.2723124 0.1681872 0.279743 0.1805842 0.2794982 0.1681872 0.279743 0.1672718 0.2956464 0.1832757 0.2954124 0.1805842 0.2794982 0.1672718 0.2956464 0.1746779 0.3150504 0.1832757 0.2954124 0.1672718 0.2956464 0.1746779 0.3150504 0.1672718 0.2956464 0.1359544 0.3160178 0.1746779 0.3150504 0.2168116 0.3139979 0.1832757 0.2954124 0.1746779 0.3150504 0.1359544 0.3160178 0.1234697 0.3358114 0.2315616 0.3356053 0.2168116 0.3139979 0.1746779 0.3150504 0.1752361 0.3357127 0.2315616 0.3356053 0.1746779 0.3150504 0.1752361 0.3357127 0.1746779 0.3150504 0.1234697 0.3358114 0.2315616 0.3356053 0.1752361 0.3357127 0.2396742 0.3808411 0.1752361 0.3357127 0.1234697 0.3358114 0.1778175 0.3830782 0.1752361 0.3357127 0.1778175 0.3830782 0.2396742 0.3808411 0.1234697 0.3358114 0.1209677 0.3851342 0.1778175 0.3830782 0.2396742 0.3808411 0.1778175 0.3830782 0.1776269 0.4596775 0.1776269 0.4596775 0.1778175 0.3830782 0.1209677 0.3851342 0.5219054 0.03362739 0.5261192 0.03374117 0.5265743 0.04099327 0.5205674 0.04088449 0.5219054 0.03362739 0.5265743 0.04099327 0.5205674 0.04088449 0.5265743 0.04099327 0.5270178 0.04806172 0.5192632 0.04795777 0.5205674 0.04088449 0.5270178 0.04806172 0.5234293 0.05668616 0.5192632 0.04795777 0.5270178 0.04806172 0.5234293 0.05668616 0.5270178 0.04806172 0.5421926 0.05711615 0.5234293 0.05668616 0.5030134 0.05621838 0.5192632 0.04795777 0.5234293 0.05668616 0.5421926 0.05711615 0.548242 0.06591367 0.4958664 0.06582212 0.5030134 0.05621838 0.5234293 0.05668616 0.5231588 0.0658698 0.4958664 0.06582212 0.5234293 0.05668616 0.5231588 0.0658698 0.5234293 0.05668616 0.548242 0.06591367 0.4958664 0.06582212 0.5231588 0.0658698 0.4919355 0.08592784 0.5231588 0.0658698 0.548242 0.06591367 0.5219079 0.0869221 0.5231588 0.0658698 0.5219079 0.0869221 0.4919355 0.08592784 0.548242 0.06591367 0.5494543 0.08783596 0.5219079 0.0869221 0.4919355 0.08592784 0.5219079 0.0869221 0.5220003 0.1209677 0.5220003 0.1209677 0.5219079 0.0869221 0.5494543 0.08783596 0.9593986 0.5859363 0.9592519 0.5912947 0.9499004 0.5918733 0.9500407 0.5842348 0.9593986 0.5859363 0.9499004 0.5918733 0.9500407 0.5842348 0.9499004 0.5918733 0.9407857 0.5924373 0.9409198 0.5825765 0.9500407 0.5842348 0.9407857 0.5924373 0.9296646 0.5878741 0.9409198 0.5825765 0.9407857 0.5924373 0.9296646 0.5878741 0.9407857 0.5924373 0.9291102 0.6117336 0.9296646 0.5878741 0.9302678 0.5619132 0.9409198 0.5825765 0.9296646 0.5878741 0.9291102 0.6117336 0.9177658 0.6194261 0.9178839 0.552825 0.9302678 0.5619132 0.9296646 0.5878741 0.9178224 0.5875301 0.9178839 0.552825 0.9296646 0.5878741 0.9178224 0.5875301 0.9296646 0.5878741 0.9177658 0.6194261 0.9178839 0.552825 0.9178224 0.5875301 0.8919578 0.5478264 0.9178224 0.5875301 0.9177658 0.6194261 0.8906757 0.5859395 0.9178224 0.5875301 0.8906757 0.5859395 0.8919578 0.5478264 0.9177658 0.6194261 0.8894973 0.6209678 0.8906757 0.5859395 0.8919578 0.5478264 0.8906757 0.5859395 0.8467742 0.5860571 0.8467742 0.5860571 0.8906757 0.5859395 0.8894973 0.6209678 0.1333343 0.1854839 0.1396086 0.1852768 0.1402862 0.1720747 0.1313419 0.1722728 0.1333343 0.1854839 0.1402862 0.1720747 0.1313419 0.1722728 0.1402862 0.1720747 0.1409466 0.1592069 0.1294001 0.1593962 0.1313419 0.1722728 0.1409466 0.1592069 0.1356033 0.1435066 0.1294001 0.1593962 0.1409466 0.1592069 0.1356033 0.1435066 0.1409466 0.1592069 0.1635416 0.1427239 0.1356033 0.1435066 0.1052045 0.1443582 0.1294001 0.1593962 0.1356033 0.1435066 0.1635416 0.1427239 0.1725491 0.1267084 0.0945627 0.1268751 0.1052045 0.1443582 0.1356033 0.1435066 0.1352006 0.1267883 0.0945627 0.1268751 0.1356033 0.1435066 0.1352006 0.1267883 0.1356033 0.1435066 0.1725491 0.1267084 0.0945627 0.1268751 0.1352006 0.1267883 0.08870965 0.09027379 0.1352006 0.1267883 0.1725491 0.1267084 0.1333381 0.08846366 0.1352006 0.1267883 0.1333381 0.08846366 0.08870965 0.09027379 0.1725491 0.1267084 0.1743542 0.08680009 0.1333381 0.08846366 0.08870965 0.09027379 0.1333381 0.08846366 0.1334756 0.02648544 0.1334756 0.02648544 0.1333381 0.08846366 0.1743542 0.08680009 0.9851994 0.6900073 0.9849981 0.6838399 0.972165 0.6831739 0.9723575 0.6919656 0.9851994 0.6900073 0.972165 0.6831739 0.9723575 0.6919656 0.972165 0.6831739 0.9596569 0.6825247 0.9598409 0.6938744 0.9723575 0.6919656 0.9596569 0.6825247 0.9443954 0.6877769 0.9598409 0.6938744 0.9596569 0.6825247 0.9443954 0.6877769 0.9596569 0.6825247 0.9436346 0.660315 0.9443954 0.6877769 0.9452233 0.7176573 0.9598409 0.6938744 0.9443954 0.6877769 0.9436346 0.660315 0.9280668 0.6514611 0.9282289 0.7281177 0.9452233 0.7176573 0.9443954 0.6877769 0.9281444 0.6881728 0.9282289 0.7281177 0.9443954 0.6877769 0.9281444 0.6881728 0.9443954 0.6877769 0.9280668 0.6514611 0.9282289 0.7281177 0.9281444 0.6881728 0.8926506 0.733871 0.9281444 0.6881728 0.9280668 0.6514611 0.890891 0.6900035 0.9281444 0.6881728 0.890891 0.6900035 0.8926506 0.733871 0.9280668 0.6514611 0.889274 0.6496868 0.890891 0.6900035 0.8926506 0.733871 0.890891 0.6900035 0.8306452 0.6898683 0.8306452 0.6898683 0.890891 0.6900035 0.889274 0.6496868 0.9771999 0.2901278 0.9771561 0.2913911 0.9743619 0.2915275 0.9744038 0.2897266 0.9771999 0.2901278 0.9743619 0.2915275 0.9744038 0.2897266 0.9743619 0.2915275 0.9716385 0.2916605 0.9716785 0.2893356 0.9744038 0.2897266 0.9716385 0.2916605 0.9683156 0.2905846 0.9716785 0.2893356 0.9716385 0.2916605 0.9683156 0.2905846 0.9716385 0.2916605 0.9681499 0.29621 0.9683156 0.2905846 0.9684958 0.2844638 0.9716785 0.2893356 0.9683156 0.2905846 0.9681499 0.29621 0.9647603 0.2980237 0.9647955 0.2823211 0.9684958 0.2844638 0.9683156 0.2905846 0.9647772 0.2905035 0.9647955 0.2823211 0.9683156 0.2905846 0.9647772 0.2905035 0.9683156 0.2905846 0.9647603 0.2980237 0.9647955 0.2823211 0.9647772 0.2905035 0.957049 0.2811426 0.9647772 0.2905035 0.9647603 0.2980237 0.9566659 0.2901285 0.9647772 0.2905035 0.9566659 0.2901285 0.957049 0.2811426 0.9647603 0.2980237 0.9563138 0.2983871 0.9566659 0.2901285 0.957049 0.2811426 0.9566659 0.2901285 0.9435484 0.2901562 0.9435484 0.2901562 0.9566659 0.2901285 0.9563138 0.2983871 0.4707225 0.271628 0.4722755 0.2716839 0.4724432 0.275245 0.4702294 0.2751916 0.4707225 0.271628 0.4724432 0.275245 0.4702294 0.2751916 0.4724432 0.275245 0.4726067 0.278716 0.4697488 0.2786649 0.4702294 0.2751916 0.4726067 0.278716 0.4712842 0.2829509 0.4697488 0.2786649 0.4726067 0.278716 0.4712842 0.2829509 0.4726067 0.278716 0.4781992 0.2831621 0.4712842 0.2829509 0.4637601 0.2827212 0.4697488 0.2786649 0.4712842 0.2829509 0.4781992 0.2831621 0.4804286 0.2874821 0.4611261 0.2874371 0.4637601 0.2827212 0.4712842 0.2829509 0.4711844 0.2874605 0.4611261 0.2874371 0.4712842 0.2829509 0.4711844 0.2874605 0.4712842 0.2829509 0.4804286 0.2874821 0.4611261 0.2874371 0.4711844 0.2874605 0.4596774 0.2973099 0.4711844 0.2874605 0.4804286 0.2874821 0.4707235 0.2977982 0.4711844 0.2874605 0.4707235 0.2977982 0.4596774 0.2973099 0.4804286 0.2874821 0.4808754 0.2982469 0.4707235 0.2977982 0.4596774 0.2973099 0.4707235 0.2977982 0.4707575 0.3145161 0.4707575 0.3145161 0.4707235 0.2977982 0.4808754 0.2982469 0.9344758 0.1082327 0.9344037 0.1101807 0.9298 0.110391 0.9298691 0.1076142 0.9344758 0.1082327 0.9298 0.110391 0.9298691 0.1076142 0.9298 0.110391 0.9253129 0.1105961 0.9253789 0.1070113 0.9298691 0.1076142 0.9253129 0.1105961 0.9198381 0.1089372 0.9253789 0.1070113 0.9253129 0.1105961 0.9198381 0.1089372 0.9253129 0.1105961 0.9195652 0.1176109 0.9198381 0.1089372 0.9201352 0.09949958 0.9253789 0.1070113 0.9198381 0.1089372 0.9195652 0.1176109 0.9139806 0.1204074 0.9140387 0.09619575 0.9201352 0.09949958 0.9198381 0.1089372 0.9140084 0.1088121 0.9140387 0.09619575 0.9198381 0.1089372 0.9140084 0.1088121 0.9198381 0.1089372 0.9139806 0.1204074 0.9140387 0.09619575 0.9140084 0.1088121 0.9012756 0.09437859 0.9140084 0.1088121 0.9139806 0.1204074 0.9006444 0.1082339 0.9140084 0.1088121 0.9006444 0.1082339 0.9012756 0.09437859 0.9139806 0.1204074 0.9000643 0.1209678 0.9006444 0.1082339 0.9012756 0.09437859 0.9006444 0.1082339 0.8790322 0.1082766 0.8790322 0.1082766 0.9006444 0.1082339 0.9000643 0.1209678 0.9088561 0.01772582 0.9107816 0.01779729 0.9109896 0.02235203 0.9082447 0.02228367 0.9088561 0.01772582 0.9109896 0.02235203 0.9082447 0.02228367 0.9109896 0.02235203 0.9111922 0.02679145 0.9076488 0.02672612 0.9082447 0.02228367 0.9111922 0.02679145 0.9095524 0.03220808 0.9076488 0.02672612 0.9111922 0.02679145 0.9095524 0.03220808 0.9111922 0.02679145 0.9181264 0.03247815 0.9095524 0.03220808 0.9002233 0.03191429 0.9076488 0.02672612 0.9095524 0.03220808 0.9181264 0.03247815 0.9208907 0.0380035 0.8969575 0.03794598 0.9002233 0.03191429 0.9095524 0.03220808 0.9094288 0.03797596 0.8969575 0.03794598 0.9095524 0.03220808 0.9094288 0.03797596 0.9095524 0.03220808 0.9208907 0.0380035 0.8969575 0.03794598 0.9094288 0.03797596 0.8951612 0.05057352 0.9094288 0.03797596 0.9208907 0.0380035 0.9088572 0.05119806 0.9094288 0.03797596 0.9088572 0.05119806 0.8951612 0.05057352 0.9208907 0.0380035 0.9214447 0.05177199 0.9088572 0.05119806 0.8951612 0.05057352 0.9088572 0.05119806 0.9088995 0.07258069 0.9088995 0.07258069 0.9088572 0.05119806 0.9214447 0.05177199 0.9485281 0.2302102 0.9484574 0.2336783 0.9476971 0.2337315 0.9477671 0.2300537 0.9485281 0.2302102 0.9476971 0.2337315 0.9477671 0.2300537 0.9476971 0.2337315 0.9456809 0.2338727 0.9457497 0.2296386 0.9477671 0.2300537 0.9456809 0.2338727 0.9457497 0.2296386 0.9456809 0.2338727 0.9412158 0.2341853 0.9412814 0.2287194 0.9457497 0.2296386 0.9412158 0.2341853 0.9357677 0.2316558 0.9412814 0.2287194 0.9412158 0.2341853 0.9357677 0.2316558 0.9412158 0.2341853 0.9354961 0.2448815 0.9357677 0.2316558 0.9360632 0.2172655 0.9412814 0.2287194 0.9357677 0.2316558 0.9354961 0.2448815 0.9299387 0.2491455 0.9299966 0.2122278 0.9360632 0.2172655 0.9357677 0.2316558 0.9299665 0.2314652 0.9299966 0.2122278 0.9357677 0.2316558 0.9299665 0.2314652 0.9357677 0.2316558 0.9299387 0.2491455 0.9299966 0.2122278 0.9299665 0.2314652 0.9172959 0.209457 0.9299665 0.2314652 0.9299387 0.2491455 0.9166678 0.2305836 0.9299665 0.2314652 0.9166678 0.2305836 0.9172959 0.209457 0.9299387 0.2491455 0.9160905 0.2500001 0.9166678 0.2305836 0.9172959 0.209457 0.9166678 0.2305836 0.8951613 0.2306486 0.8951613 0.2306486 0.9166678 0.2305836 0.9160905 0.2500001 0.07002943 0.1501863 0.0787419 0.1504423 0.0789842 0.1546456 0.06931704 0.1543924 0.07002943 0.1501863 0.0789842 0.1546456 0.06931704 0.1543924 0.0789842 0.1546456 0.07911252 0.1568725 0.06893968 0.1566208 0.06931704 0.1543924 0.07911252 0.1568725 0.06893968 0.1566208 0.07911252 0.1568725 0.07926869 0.1595818 0.06848049 0.159332 0.06893968 0.1566208 0.07926869 0.1595818 0.06848049 0.159332 0.07926869 0.1595818 0.07968276 0.1667656 0.06726294 0.1665207 0.06848049 0.159332 0.07968276 0.1667656 0.06726294 0.1665207 0.07968276 0.1667656 0.08059978 0.1826756 0.06456649 0.1824415 0.06726294 0.1665207 0.08059978 0.1826756 0.07318019 0.2020876 0.06456649 0.1824415 0.08059978 0.1826756 0.07318019 0.2020876 0.08059978 0.1826756 0.1119747 0.2030553 0.07318019 0.2020876 0.03096896 0.2010346 0.06456649 0.1824415 0.07318019 0.2020876 0.1119747 0.2030553 0.1244824 0.2228571 0.01619195 0.222651 0.03096896 0.2010346 0.07318019 0.2020876 0.07262092 0.2227584 0.01619195 0.222651 0.07318019 0.2020876 0.07262092 0.2227584 0.07318019 0.2020876 0.1244824 0.2228571 0.01619195 0.222651 0.07262092 0.2227584 0.008064508 0.2679054 0.07262092 0.2227584 0.1244824 0.2228571 0.07003474 0.2701435 0.07262092 0.2227584 0.07003474 0.2701435 0.008064508 0.2679054 0.1244824 0.2228571 0.126989 0.2722004 0.07003474 0.2701435 0.008064508 0.2679054 0.07003474 0.2701435 0.07022571 0.3467742 0.07022571 0.3467742 0.07003474 0.2701435 0.126989 0.2722004 0.5541632 0.1465308 0.558377 0.1466445 0.5588321 0.1538966 0.5528252 0.1537878 0.5541632 0.1465308 0.5588321 0.1538966 0.5528252 0.1537878 0.5588321 0.1538966 0.5592756 0.1609651 0.5515211 0.1608611 0.5528252 0.1537878 0.5592756 0.1609651 0.5556871 0.1695895 0.5515211 0.1608611 0.5592756 0.1609651 0.5556871 0.1695895 0.5592756 0.1609651 0.5744503 0.1700195 0.5556871 0.1695895 0.5352714 0.1691217 0.5515211 0.1608611 0.5556871 0.1695895 0.5744503 0.1700195 0.5804997 0.178817 0.5281245 0.1787254 0.5352714 0.1691217 0.5556871 0.1695895 0.5554166 0.1787731 0.5281245 0.1787254 0.5556871 0.1695895 0.5554166 0.1787731 0.5556871 0.1695895 0.5804997 0.178817 0.5281245 0.1787254 0.5554166 0.1787731 0.5241935 0.198831 0.5554166 0.1787731 0.5804997 0.178817 0.5541658 0.1998254 0.5554166 0.1787731 0.5541658 0.1998254 0.5241935 0.198831 0.5804997 0.178817 0.581712 0.2007392 0.5541658 0.1998254 0.5241935 0.198831 0.5541658 0.1998254 0.5542582 0.2338709 0.5542582 0.2338709 0.5541658 0.1998254 0.581712 0.2007392 0.2397229 0.008343219 0.2450813 0.008489847 0.2456599 0.01784145 0.2380214 0.01770114 0.2397229 0.008343219 0.2456599 0.01784145 0.2380214 0.01770114 0.2456599 0.01784145 0.2462239 0.0269562 0.236363 0.02682209 0.2380214 0.01770114 0.2462239 0.0269562 0.2416607 0.03807729 0.236363 0.02682209 0.2462239 0.0269562 0.2416607 0.03807729 0.2462239 0.0269562 0.2655203 0.03863167 0.2416607 0.03807729 0.2156997 0.03747403 0.236363 0.02682209 0.2416607 0.03807729 0.2655203 0.03863167 0.2732129 0.04997605 0.2066115 0.04985797 0.2156997 0.03747403 0.2416607 0.03807729 0.2413167 0.04991948 0.2066115 0.04985797 0.2416607 0.03807729 0.2413167 0.04991948 0.2416607 0.03807729 0.2732129 0.04997605 0.2066115 0.04985797 0.2413167 0.04991948 0.2016128 0.07578408 0.2413167 0.04991948 0.2732129 0.04997605 0.2397261 0.0770663 0.2413167 0.04991948 0.2397261 0.0770663 0.2016128 0.07578408 0.2732129 0.04997605 0.2747544 0.07824462 0.2397261 0.0770663 0.2016128 0.07578408 0.2397261 0.0770663 0.2398436 0.1209678 0.2398436 0.1209678 0.2397261 0.0770663 0.2747544 0.07824462 0.2462373 0.2983871 0.2525117 0.29818 0.2531893 0.2849779 0.2442451 0.2851759 0.2462373 0.2983871 0.2531893 0.2849779 0.2442451 0.2851759 0.2531893 0.2849779 0.2538497 0.2721101 0.2423032 0.2722994 0.2442451 0.2851759 0.2538497 0.2721101 0.2485064 0.2564098 0.2423032 0.2722994 0.2538497 0.2721101 0.2485064 0.2564098 0.2538497 0.2721101 0.2764446 0.255627 0.2485064 0.2564098 0.2181077 0.2572614 0.2423032 0.2722994 0.2485064 0.2564098 0.2764446 0.255627 0.2854521 0.2396115 0.207466 0.2397782 0.2181077 0.2572614 0.2485064 0.2564098 0.2481036 0.2396913 0.207466 0.2397782 0.2485064 0.2564098 0.2481036 0.2396913 0.2485064 0.2564098 0.2854521 0.2396115 0.207466 0.2397782 0.2481036 0.2396913 0.2016129 0.2031768 0.2481036 0.2396913 0.2854521 0.2396115 0.2462412 0.2013667 0.2481036 0.2396913 0.2462412 0.2013667 0.2016129 0.2031768 0.2854521 0.2396115 0.2872572 0.1997032 0.2462412 0.2013667 0.2016129 0.2031768 0.2462412 0.2013667 0.2463787 0.1393884 0.2463787 0.1393884 0.2462412 0.2013667 0.2872572 0.1997032 0.3099928 0.4596775 0.3161602 0.4594762 0.3168262 0.4466431 0.3080345 0.4468356 0.3099928 0.4596775 0.3168262 0.4466431 0.3080345 0.4468356 0.3168262 0.4466431 0.3174754 0.434135 0.3061257 0.434319 0.3080345 0.4468356 0.3174754 0.434135 0.3122231 0.4188736 0.3061257 0.434319 0.3174754 0.434135 0.3122231 0.4188736 0.3174754 0.434135 0.3396851 0.4181127 0.3122231 0.4188736 0.2823427 0.4197014 0.3061257 0.434319 0.3122231 0.4188736 0.3396851 0.4181127 0.348539 0.4025449 0.2718823 0.402707 0.2823427 0.4197014 0.3122231 0.4188736 0.3118273 0.4026225 0.2718823 0.402707 0.3122231 0.4188736 0.3118273 0.4026225 0.3122231 0.4188736 0.348539 0.4025449 0.2718823 0.402707 0.3118273 0.4026225 0.266129 0.3671286 0.3118273 0.4026225 0.348539 0.4025449 0.3099966 0.3653692 0.3118273 0.4026225 0.3099966 0.3653692 0.266129 0.3671286 0.348539 0.4025449 0.3503134 0.3637521 0.3099966 0.3653692 0.266129 0.3671286 0.3099966 0.3653692 0.3101318 0.3051233 0.3101318 0.3051233 0.3099966 0.3653692 0.3503134 0.3637521 0.08780205 0.6107164 0.09901338 0.6110658 0.09932518 0.6168027 0.08688539 0.6164572 0.08780205 0.6107164 0.09932518 0.6168027 0.08688539 0.6164572 0.09932518 0.6168027 0.09949034 0.619842 0.08639973 0.6194986 0.08688539 0.6164572 0.09949034 0.619842 0.08639973 0.6194986 0.09949034 0.619842 0.09969127 0.6235399 0.08580887 0.6231989 0.08639973 0.6194986 0.09969127 0.6235399 0.08580887 0.6231989 0.09969127 0.6235399 0.1002241 0.6333448 0.0842421 0.6330106 0.08580887 0.6231989 0.1002241 0.6333448 0.0842421 0.6330106 0.1002241 0.6333448 0.1014042 0.6550597 0.08077228 0.6547403 0.0842421 0.6330106 0.1014042 0.6550597 0.09185647 0.6815546 0.08077228 0.6547403 0.1014042 0.6550597 0.09185647 0.6815546 0.1014042 0.6550597 0.1417779 0.6828754 0.09185647 0.6815546 0.0375384 0.6801174 0.08077228 0.6547403 0.09185647 0.6815546 0.1417779 0.6828754 0.157873 0.7099022 0.01852303 0.7096208 0.0375384 0.6801174 0.09185647 0.6815546 0.09113681 0.7097674 0.01852303 0.7096208 0.09185647 0.6815546 0.09113681 0.7097674 0.09185647 0.6815546 0.157873 0.7099022 0.01852303 0.7096208 0.09113681 0.7097674 0.008064508 0.771387 0.09113681 0.7097674 0.157873 0.7099022 0.0878089 0.7744416 0.09113681 0.7097674 0.0878089 0.7744416 0.008064508 0.771387 0.157873 0.7099022 0.1610985 0.777249 0.0878089 0.7744416 0.008064508 0.771387 0.0878089 0.7744416 0.08805465 0.8790323 0.08805465 0.8790323 0.0878089 0.7744416 0.1610985 0.777249 0.4215473 0.302302 0.4275251 0.302465 0.4281706 0.3128538 0.4196492 0.312698 0.4215473 0.302302 0.4281706 0.3128538 0.4196492 0.312698 0.4281706 0.3128538 0.4287998 0.3229796 0.4177991 0.3228306 0.4196492 0.312698 0.4287998 0.3229796 0.423709 0.3353343 0.4177991 0.3228306 0.4287998 0.3229796 0.423709 0.3353343 0.4287998 0.3229796 0.4503266 0.3359503 0.423709 0.3353343 0.3947473 0.3346641 0.4177991 0.3228306 0.423709 0.3353343 0.4503266 0.3359503 0.4589083 0.348553 0.3846086 0.3484218 0.3947473 0.3346641 0.423709 0.3353343 0.4233254 0.3484901 0.3846086 0.3484218 0.423709 0.3353343 0.4233254 0.3484901 0.423709 0.3353343 0.4589083 0.348553 0.3846086 0.3484218 0.4233254 0.3484901 0.3790323 0.3772237 0.4233254 0.3484901 0.4589083 0.348553 0.4215509 0.3786481 0.4233254 0.3484901 0.4215509 0.3786481 0.3790323 0.3772237 0.4589083 0.348553 0.460628 0.3799572 0.4215509 0.3786481 0.3790323 0.3772237 0.4215509 0.3786481 0.421682 0.4274194 0.421682 0.4274194 0.4215509 0.3786481 0.460628 0.3799572 0.6355676 0.5546765 0.6353595 0.5498914 0.622094 0.5493746 0.6222931 0.556196 0.6355676 0.5546765 0.622094 0.5493746 0.6222931 0.556196 0.622094 0.5493746 0.6091645 0.548871 0.6093547 0.557677 0.6222931 0.556196 0.6091645 0.548871 0.5933889 0.5529461 0.6093547 0.557677 0.6091645 0.548871 0.5933889 0.5529461 0.6091645 0.548871 0.5926025 0.5316389 0.5933889 0.5529461 0.5942447 0.5761298 0.6093547 0.557677 0.5933889 0.5529461 0.5926025 0.5316389 0.5765102 0.5247693 0.5766777 0.5842458 0.5942447 0.5761298 0.5933889 0.5529461 0.5765904 0.5532532 0.5766777 0.5842458 0.5933889 0.5529461 0.5765904 0.5532532 0.5933889 0.5529461 0.5765102 0.5247693 0.5766777 0.5842458 0.5765904 0.5532532 0.5399008 0.5887097 0.5765904 0.5532532 0.5765102 0.5247693 0.538082 0.5546737 0.5765904 0.5532532 0.538082 0.5546737 0.5399008 0.5887097 0.5765102 0.5247693 0.5364105 0.5233926 0.538082 0.5546737 0.5399008 0.5887097 0.538082 0.5546737 0.4758064 0.5545688 0.4758064 0.5545688 0.538082 0.5546737 0.5364105 0.5233926 0.2490744 0.5887097 0.2557476 0.5885176 0.2564683 0.576267 0.2469554 0.5764508 0.2490744 0.5887097 0.2564683 0.576267 0.2469554 0.5764508 0.2564683 0.576267 0.2571707 0.5643268 0.2448901 0.5645024 0.2469554 0.5764508 0.2571707 0.5643268 0.2514877 0.5497581 0.2448901 0.5645024 0.2571707 0.5643268 0.2514877 0.5497581 0.2571707 0.5643268 0.281202 0.5490319 0.2514877 0.5497581 0.2191564 0.5505484 0.2448901 0.5645024 0.2514877 0.5497581 0.281202 0.5490319 0.2907822 0.5341708 0.2078381 0.5343255 0.2191564 0.5505484 0.2514877 0.5497581 0.2510594 0.5342449 0.2078381 0.5343255 0.2514877 0.5497581 0.2510594 0.5342449 0.2514877 0.5497581 0.2907822 0.5341708 0.2078381 0.5343255 0.2510594 0.5342449 0.2016129 0.5003623 0.2510594 0.5342449 0.2907822 0.5341708 0.2490785 0.4986827 0.2510594 0.5342449 0.2490785 0.4986827 0.2016129 0.5003623 0.2907822 0.5341708 0.2927021 0.497139 0.2490785 0.4986827 0.2016129 0.5003623 0.2490785 0.4986827 0.2492247 0.4411719 0.2492247 0.4411719 0.2490785 0.4986827 0.2927021 0.497139 0.06826162 0.3683006 0.07672548 0.3685876 0.07763952 0.3868889 0.06557404 0.3866143 0.06826162 0.3683006 0.07763952 0.3868889 0.06557404 0.3866143 0.07763952 0.3868889 0.07853037 0.4047266 0.06295454 0.4044642 0.06557404 0.3866143 0.07853037 0.4047266 0.07132244 0.4264909 0.06295454 0.4044642 0.07853037 0.4047266 0.07132244 0.4264909 0.07853037 0.4047266 0.1090102 0.427576 0.07132244 0.4264909 0.03031551 0.4253103 0.06295454 0.4044642 0.07132244 0.4264909 0.1090102 0.427576 0.121161 0.4497771 0.01596009 0.449546 0.03031551 0.4253103 0.07132244 0.4264909 0.07077914 0.4496665 0.01596009 0.449546 0.07132244 0.4264909 0.07077914 0.4496665 0.07132244 0.4264909 0.121161 0.4497771 0.01596009 0.449546 0.07077914 0.4496665 0.008064508 0.5002841 0.07077914 0.4496665 0.121161 0.4497771 0.06826674 0.5027933 0.07077914 0.4496665 0.06826674 0.5027933 0.008064508 0.5002841 0.121161 0.4497771 0.1235961 0.5050994 0.06826674 0.5027933 0.008064508 0.5002841 0.06826674 0.5027933 0.06845229 0.5887097 0.06845229 0.5887097 0.06826674 0.5027933 0.1235961 0.5050994 0.9812373 0.4652106 0.9811251 0.4591851 0.9739781 0.4585345 0.9740852 0.4671238 0.9812373 0.4652106 0.9739781 0.4585345 0.9740852 0.4671238 0.9739781 0.4585345 0.9670119 0.4579002 0.9671143 0.4689886 0.9740852 0.4671238 0.9670119 0.4579002 0.9585123 0.4630315 0.9671143 0.4689886 0.9670119 0.4579002 0.9585123 0.4630315 0.9670119 0.4579002 0.9580886 0.4362019 0.9585123 0.4630315 0.9589734 0.4922242 0.9671143 0.4689886 0.9585123 0.4630315 0.9580886 0.4362019 0.9494184 0.4275518 0.9495086 0.5024437 0.9589734 0.4922242 0.9585123 0.4630315 0.9494616 0.4634183 0.9495086 0.5024437 0.9585123 0.4630315 0.9494616 0.4634183 0.9585123 0.4630315 0.9494184 0.4275518 0.9495086 0.5024437 0.9494616 0.4634183 0.929694 0.5080645 0.9494616 0.4634183 0.9494184 0.4275518 0.928714 0.4652069 0.9494616 0.4634183 0.928714 0.4652069 0.929694 0.5080645 0.9494184 0.4275518 0.9278135 0.4258182 0.928714 0.4652069 0.929694 0.5080645 0.928714 0.4652069 0.8951613 0.4650748 0.8951613 0.4650748 0.928714 0.4652069 0.9278135 0.4258182 0.9664124 0.8392916 0.9661936 0.8314361 0.952242 0.8305878 0.9524513 0.8417859 0.9664124 0.8392916 0.952242 0.8305878 0.9524513 0.8417859 0.952242 0.8305878 0.9386436 0.829761 0.9388437 0.8442171 0.9524513 0.8417859 0.9386436 0.829761 0.922052 0.8364508 0.9388437 0.8442171 0.9386436 0.829761 0.922052 0.8364508 0.9386436 0.829761 0.9212248 0.8014723 0.922052 0.8364508 0.9229519 0.8745098 0.9388437 0.8442171 0.922052 0.8364508 0.9212248 0.8014723 0.9043001 0.7901949 0.9044763 0.8878333 0.9229519 0.8745098 0.922052 0.8364508 0.9043845 0.836955 0.9044763 0.8878333 0.922052 0.8364508 0.9043845 0.836955 0.922052 0.8364508 0.9043001 0.7901949 0.9044763 0.8878333 0.9043845 0.836955 0.8657969 0.8951613 0.9043845 0.836955 0.9043001 0.7901949 0.863884 0.8392868 0.9043845 0.836955 0.863884 0.8392868 0.8657969 0.8951613 0.9043001 0.7901949 0.862126 0.7879349 0.863884 0.8392868 0.8657969 0.8951613 0.863884 0.8392868 0.7983871 0.8391146 0.7983871 0.8391146 0.863884 0.8392868 0.862126 0.7879349 0.6624839 0.8493658 0.6621987 0.8563706 0.6440199 0.8571271 0.6442927 0.8471415 0.6624839 0.8493658 0.6440199 0.8571271 0.6442927 0.8471415 0.6440199 0.8571271 0.6263014 0.8578643 0.626562 0.8449736 0.6442927 0.8471415 0.6263014 0.8578643 0.6046826 0.851899 0.626562 0.8449736 0.6263014 0.8578643 0.6046826 0.851899 0.6263014 0.8578643 0.6036049 0.8830899 0.6046826 0.851899 0.6058553 0.8179611 0.626562 0.8449736 0.6046826 0.851899 0.6036049 0.8830899 0.5815521 0.893146 0.5817816 0.8060804 0.6058553 0.8179611 0.6046826 0.851899 0.581662 0.8514493 0.5817816 0.8060804 0.6046826 0.851899 0.581662 0.8514493 0.6046826 0.851899 0.5815521 0.893146 0.5817816 0.8060804 0.581662 0.8514493 0.5313828 0.7995458 0.581662 0.8514493 0.5815521 0.893146 0.5288903 0.84937 0.581662 0.8514493 0.5288903 0.84937 0.5313828 0.7995458 0.5815521 0.893146 0.5265997 0.8951613 0.5288903 0.84937 0.5313828 0.7995458 0.5288903 0.84937 0.4435484 0.8495236 0.4435484 0.8495236 0.5288903 0.84937 0.5265997 0.8951613 0.8662934 0.9382691 0.8660343 0.9472648 0.8637547 0.9473842 0.8640123 0.937918 0.8662934 0.9382691 0.8637547 0.9473842 0.8640123 0.937918 0.8637547 0.9473842 0.8609812 0.9475296 0.8612369 0.9374907 0.8640123 0.937918 0.8609812 0.9475296 0.8612369 0.9374907 0.8609812 0.9475296 0.8536272 0.9479149 0.8538779 0.9363577 0.8612369 0.9374907 0.8536272 0.9479149 0.8538779 0.9363577 0.8536272 0.9479149 0.8373404 0.9487683 0.83758 0.9338485 0.8538779 0.9363577 0.8373404 0.9487683 0.8174685 0.941864 0.83758 0.9338485 0.8373404 0.9487683 0.8174685 0.941864 0.8373404 0.9487683 0.8164779 0.9779641 0.8174685 0.941864 0.8185465 0.9025845 0.83758 0.9338485 0.8174685 0.941864 0.8164779 0.9779641 0.7962071 0.989603 0.7964181 0.8888338 0.8185465 0.9025845 0.8174685 0.941864 0.7963082 0.9413435 0.7964181 0.8888338 0.8174685 0.941864 0.7963082 0.9413435 0.8174685 0.941864 0.7962071 0.989603 0.7964181 0.8888338 0.7963082 0.9413435 0.7500917 0.8812708 0.7963082 0.9413435 0.7962071 0.989603 0.7478007 0.938937 0.7963082 0.9413435 0.7478007 0.938937 0.7500917 0.8812708 0.7962071 0.989603 0.7456951 0.9919355 0.7478007 0.938937 0.7500917 0.8812708 0.7478007 0.938937 0.6693548 0.9391147 0.6693548 0.9391147 0.7478007 0.938937 0.7456951 0.9919355 0.8032984 0.2593821 0.8085245 0.2594539 0.8090889 0.2640318 0.801639 0.2639632 0.8032984 0.2593821 0.8090889 0.2640318 0.801639 0.2639632 0.8090889 0.2640318 0.809639 0.2684938 0.8000215 0.2684282 0.801639 0.2639632 0.809639 0.2684938 0.8051884 0.2739381 0.8000215 0.2684282 0.809639 0.2684938 0.8051884 0.2739381 0.809639 0.2684938 0.8284591 0.2742095 0.8051884 0.2739381 0.7798681 0.2736427 0.8000215 0.2684282 0.8051884 0.2739381 0.8284591 0.2742095 0.8359618 0.279763 0.7710042 0.2797052 0.7798681 0.2736427 0.8051884 0.2739381 0.8048529 0.2797353 0.7710042 0.2797052 0.8051884 0.2739381 0.8048529 0.2797353 0.8051884 0.2739381 0.8359618 0.279763 0.7710042 0.2797052 0.8048529 0.2797353 0.766129 0.292397 0.8048529 0.2797353 0.8359618 0.279763 0.8033016 0.2930247 0.8048529 0.2797353 0.8033016 0.2930247 0.766129 0.292397 0.8359618 0.279763 0.8374653 0.2936015 0.8033016 0.2930247 0.766129 0.292397 0.8033016 0.2930247 0.8034161 0.3145162 0.8034161 0.3145162 0.8033016 0.2930247 0.8374653 0.2936015 0.9414038 0.8965609 0.9479056 0.8966851 0.9486078 0.9046043 0.9393392 0.9044855 0.9414038 0.8965609 0.9486078 0.9046043 0.9393392 0.9044855 0.9486078 0.9046043 0.9492921 0.9123231 0.937327 0.9122095 0.9393392 0.9044855 0.9492921 0.9123231 0.9437551 0.9217408 0.937327 0.9122095 0.9492921 0.9123231 0.9437551 0.9217408 0.9492921 0.9123231 0.9727062 0.9222103 0.9437551 0.9217408 0.9122542 0.92123 0.937327 0.9122095 0.9437551 0.9217408 0.9727062 0.9222103 0.9820403 0.9318171 0.9012266 0.9317171 0.9122542 0.92123 0.9437551 0.9217408 0.9433377 0.9317692 0.9012266 0.9317171 0.9437551 0.9217408 0.9433377 0.9317692 0.9437551 0.9217408 0.9820403 0.9318171 0.9012266 0.9317171 0.9433377 0.9317692 0.8951613 0.9536723 0.9433377 0.9317692 0.9820403 0.9318171 0.9414077 0.9547581 0.9433377 0.9317692 0.9414077 0.9547581 0.8951613 0.9536723 0.9820403 0.9318171 0.9839109 0.955756 0.9414077 0.9547581 0.8951613 0.9536723 0.9414077 0.9547581 0.9415503 0.9919355 0.9415503 0.9919355 0.9414077 0.9547581 0.9839109 0.955756 0.6705084 0.4114191 0.6703808 0.4163336 0.6622496 0.4168643 0.6623716 0.4098586 0.6705084 0.4114191 0.6622496 0.4168643 0.6623716 0.4098586 0.6622496 0.4168643 0.6543243 0.4173815 0.6544409 0.4083376 0.6623716 0.4098586 0.6543243 0.4173815 0.6446544 0.4131963 0.6544409 0.4083376 0.6543243 0.4173815 0.6446544 0.4131963 0.6543243 0.4173815 0.6441723 0.4350793 0.6446544 0.4131963 0.645179 0.3893862 0.6544409 0.4083376 0.6446544 0.4131963 0.6441723 0.4350793 0.6343083 0.4421345 0.634411 0.3810509 0.645179 0.3893862 0.6446544 0.4131963 0.6343575 0.4128809 0.634411 0.3810509 0.6446544 0.4131963 0.6343575 0.4128809 0.6446544 0.4131963 0.6343083 0.4421345 0.634411 0.3810509 0.6343575 0.4128809 0.6118682 0.3764664 0.6343575 0.4128809 0.6343083 0.4421345 0.6107533 0.4114221 0.6343575 0.4128809 0.6107533 0.4114221 0.6118682 0.3764664 0.6343083 0.4421345 0.6097287 0.4435484 0.6107533 0.4114221 0.6118682 0.3764664 0.6107533 0.4114221 0.5725806 0.4115298 0.5725806 0.4115298 0.6107533 0.4114221 0.6097287 0.4435484 0.5200077 0.3395224 0.5244382 0.3397229 0.524497 0.3414871 0.5198347 0.3412877 0.5200077 0.3395224 0.524497 0.3414871 0.5198347 0.3412877 0.524497 0.3414871 0.5245685 0.3436335 0.5196243 0.3434357 0.5198347 0.3412877 0.5245685 0.3436335 0.5196243 0.3434357 0.5245685 0.3436335 0.5247583 0.3493249 0.5190663 0.3491309 0.5196243 0.3434357 0.5247583 0.3493249 0.5190663 0.3491309 0.5247583 0.3493249 0.5251786 0.3619294 0.5178305 0.361744 0.5190663 0.3491309 0.5251786 0.3619294 0.5217782 0.3773085 0.5178305 0.361744 0.5251786 0.3619294 0.5217782 0.3773085 0.5251786 0.3619294 0.5395578 0.3780752 0.5217782 0.3773085 0.5024327 0.3764743 0.5178305 0.361744 0.5217782 0.3773085 0.5395578 0.3780752 0.5452901 0.393763 0.4956603 0.3935997 0.5024327 0.3764743 0.5217782 0.3773085 0.5215218 0.3936848 0.4956603 0.3935997 0.5217782 0.3773085 0.5215218 0.3936848 0.5217782 0.3773085 0.5452901 0.393763 0.4956603 0.3935997 0.5215218 0.3936848 0.4919355 0.4294523 0.5215218 0.3936848 0.5452901 0.393763 0.5203366 0.4312253 0.5215218 0.3936848 0.5203366 0.4312253 0.4919355 0.4294523 0.5452901 0.393763 0.5464388 0.4328548 0.5203366 0.4312253 0.4919355 0.4294523 0.5203366 0.4312253 0.5204241 0.4919355 0.5204241 0.4919355 0.5203366 0.4312253 0.5464388 0.4328548 0.4128715 0.83537 0.4126284 0.8228257 0.396829 0.8218995 0.3970614 0.8380934 0.4128715 0.83537 0.396829 0.8218995 0.3775519 0.8293935 0.3970614 0.8380934 0.396829 0.8218995 0.3775519 0.8293935 0.396829 0.8218995 0.3765909 0.7902104 0.3775519 0.8293935 0.3785976 0.8720274 0.3970614 0.8380934 0.3775519 0.8293935 0.3765909 0.7902104 0.3569267 0.7775774 0.3571314 0.8869524 0.3785976 0.8720274 0.3775519 0.8293935 0.3570248 0.8299583 0.3571314 0.8869524 0.3775519 0.8293935 0.3570248 0.8299583 0.3775519 0.8293935 0.3569267 0.7775774 0.3571314 0.8869524 0.3570248 0.8299583 0.3121916 0.8951613 0.3570248 0.8299583 0.3569267 0.7775774 0.3099691 0.8325704 0.3570248 0.8299583 0.3099691 0.8325704 0.3121916 0.8951613 0.3569267 0.7775774 0.3079265 0.7750457 0.3099691 0.8325704 0.3121916 0.8951613 0.3099691 0.8325704 0.2338709 0.8323774 0.2338709 0.8323774 0.3099691 0.8325704 0.3079265 0.7750457 0.451829 0.2500001 0.460334 0.2498307 0.4609619 0.2388297 0.4499825 0.2389914 0.451829 0.2500001 0.4609619 0.2388297 0.4558811 0.2254071 0.4499825 0.2389914 0.4609619 0.2388297 0.4558811 0.2254071 0.4609619 0.2388297 0.4824473 0.2247379 0.4558811 0.2254071 0.4269751 0.2261352 0.4499825 0.2389914 0.4558811 0.2254071 0.4824473 0.2247379 0.4910125 0.2110459 0.4168559 0.2111884 0.4269751 0.2261352 0.4558811 0.2254071 0.455498 0.2111141 0.4168559 0.2111884 0.4558811 0.2254071 0.455498 0.2111141 0.4558811 0.2254071 0.4910125 0.2110459 0.4168559 0.2111884 0.455498 0.2111141 0.4112903 0.1798969 0.455498 0.2111141 0.4910125 0.2110459 0.4537271 0.1783494 0.455498 0.2111141 0.4537271 0.1783494 0.4112903 0.1798969 0.4910125 0.2110459 0.492729 0.1769272 0.4537271 0.1783494 0.4112903 0.1798969 0.4537271 0.1783494 0.4538578 0.1253626 0.4538578 0.1253626 0.4537271 0.1783494 0.492729 0.1769272 0.7823939 0.1854838 0.7823939 0.1779751 0.7870216 0.1817294 0.7823939 0.1854838 0.7777662 0.1854838 0.7823939 0.1779751 0.7777662 0.1854838 0.7777662 0.1779751 0.7823939 0.1779751 0.7777662 0.1854838 0.7731385 0.1854838 0.7777662 0.1779751 0.7823939 0.1779751 0.7823939 0.1704665 0.7870216 0.1742208 0.7823939 0.1779751 0.7777662 0.1779751 0.7823939 0.1704665 0.7731385 0.1854838 0.7731385 0.1779751 0.7777662 0.1779751 0.7731385 0.1854838 0.7685108 0.1854838 0.7731385 0.1779751 0.7777662 0.1779751 0.7777662 0.1704665 0.7823939 0.1704665 0.7777662 0.1779751 0.7731385 0.1779751 0.7777662 0.1704665 0.7823939 0.1704665 0.7823939 0.1629578 0.7870216 0.1667121 0.7823939 0.1704665 0.7777662 0.1704665 0.7823939 0.1629578 0.7685108 0.1854838 0.7685108 0.1779751 0.7731385 0.1779751 0.7685108 0.1854838 0.7638831 0.1854838 0.7685108 0.1779751 0.7731385 0.1779751 0.7731385 0.1704665 0.7777662 0.1704665 0.7731385 0.1779751 0.7685108 0.1779751 0.7731385 0.1704665 0.7777662 0.1704665 0.7777662 0.1629578 0.7823939 0.1629578 0.7777662 0.1704665 0.7731385 0.1704665 0.7777662 0.1629578 0.7823939 0.1629578 0.7823939 0.1554491 0.7870216 0.1592034 0.7823939 0.1629578 0.7777662 0.1629578 0.7823939 0.1554491 0.7638831 0.1854838 0.7638831 0.1779751 0.7685108 0.1779751 0.7638831 0.1854838 0.7592554 0.1854838 0.7638831 0.1779751 0.7685108 0.1779751 0.7685108 0.1704665 0.7731385 0.1704665 0.7685108 0.1779751 0.7638831 0.1779751 0.7685108 0.1704665 0.7731385 0.1704665 0.7731385 0.1629578 0.7777662 0.1629578 0.7731385 0.1704665 0.7685108 0.1704665 0.7731385 0.1629578 0.7777662 0.1629578 0.7777662 0.1554491 0.7823939 0.1554491 0.7777662 0.1629578 0.7731385 0.1629578 0.7777662 0.1554491 0.7823939 0.1554491 0.7823939 0.1479405 0.7870216 0.1516947 0.7823939 0.1554491 0.7777662 0.1554491 0.7823939 0.1479405 0.7685108 0.1704665 0.7685108 0.1629578 0.7731385 0.1629578 0.7731385 0.1629578 0.7731385 0.1554491 0.7777662 0.1554491 0.7731385 0.1629578 0.7685108 0.1629578 0.7731385 0.1554491 0.7777662 0.1554491 0.7777662 0.1479405 0.7823939 0.1479405 0.7777662 0.1554491 0.7731385 0.1554491 0.7777662 0.1479405 0.7823939 0.1479405 0.7823939 0.1404317 0.7870216 0.1441861 0.7823939 0.1479405 0.7777662 0.1479405 0.7823939 0.1404317 0.7823939 0.1404317 0.7823939 0.1329231 0.7870216 0.1366775 0.7777662 0.1479405 0.7777662 0.1404317 0.7823939 0.1404317 0.7823939 0.1404317 0.7777662 0.1404317 0.7823939 0.1329231 0.7731385 0.1554491 0.7731385 0.1479405 0.7777662 0.1479405 0.7777662 0.1479405 0.7731385 0.1479405 0.7777662 0.1404317 0.7823939 0.1329231 0.7823939 0.1254144 0.7870216 0.1291688 0.7823939 0.1329231 0.7777662 0.1329231 0.7823939 0.1254144 0.7777662 0.1404317 0.7777662 0.1329231 0.7823939 0.1329231 0.7777662 0.1329231 0.7777662 0.1254144 0.7823939 0.1254144 0.7777662 0.1404317 0.7731385 0.1404317 0.7777662 0.1329231 0.7731385 0.1479405 0.7731385 0.1404317 0.7777662 0.1404317 0.7777662 0.1329231 0.7731385 0.1329231 0.7777662 0.1254144 0.7731385 0.1404317 0.7731385 0.1329231 0.7777662 0.1329231 0.7731385 0.1329231 0.7731385 0.1254144 0.7777662 0.1254144 0.7731385 0.1479405 0.7685108 0.1479405 0.7731385 0.1404317 0.7731385 0.1329231 0.7685108 0.1329231 0.7731385 0.1254144 0.7685108 0.1329231 0.7685108 0.1254144 0.7731385 0.1254144 0.7731385 0.1404317 0.7685108 0.1404317 0.7731385 0.1329231 0.7685108 0.1404317 0.7685108 0.1329231 0.7731385 0.1329231 0.7685108 0.1479405 0.7685108 0.1404317 0.7731385 0.1404317 0.7685108 0.1329231 0.7638831 0.1329231 0.7685108 0.1254144 0.7638831 0.1329231 0.7638831 0.1254144 0.7685108 0.1254144 0.7685108 0.1404317 0.7638831 0.1404317 0.7685108 0.1329231 0.7638831 0.1404317 0.7638831 0.1329231 0.7685108 0.1329231 0.7638831 0.1329231 0.7592554 0.1329231 0.7638831 0.1254144 0.7592554 0.1329231 0.7592554 0.1254144 0.7638831 0.1254144 0.7638831 0.1404317 0.7592554 0.1404317 0.7638831 0.1329231 0.7592554 0.1404317 0.7592554 0.1329231 0.7638831 0.1329231 0.7638831 0.1479405 0.7638831 0.1404317 0.7685108 0.1404317 0.7685108 0.1479405 0.7638831 0.1479405 0.7685108 0.1404317 0.7592554 0.1479405 0.7592554 0.1404317 0.7638831 0.1404317 0.7638831 0.1479405 0.7592554 0.1479405 0.7638831 0.1404317 0.7592554 0.1329231 0.7546277 0.1329231 0.7592554 0.1254144 0.7546277 0.1329231 0.7546277 0.1254144 0.7592554 0.1254144 0.7546277 0.1254144 0.7546277 0.1329231 0.75 0.1291688 0.7546277 0.1404317 0.7546277 0.1329231 0.7592554 0.1329231 0.7546277 0.1329231 0.7546277 0.1404317 0.75 0.1366775 0.7592554 0.1404317 0.7546277 0.1404317 0.7592554 0.1329231 0.7546277 0.1479405 0.7546277 0.1404317 0.7592554 0.1404317 0.7546277 0.1404317 0.7546277 0.1479405 0.75 0.1441861 0.7592554 0.1479405 0.7546277 0.1479405 0.7592554 0.1404317 0.7546277 0.1479405 0.7546277 0.1554491 0.75 0.1516947 0.7546277 0.1554491 0.7546277 0.1479405 0.7592554 0.1479405 0.7592554 0.1554491 0.7546277 0.1554491 0.7592554 0.1479405 0.7592554 0.1554491 0.7592554 0.1479405 0.7638831 0.1479405 0.7546277 0.1554491 0.7546277 0.1629578 0.75 0.1592034 0.7546277 0.1629578 0.7546277 0.1554491 0.7592554 0.1554491 0.7638831 0.1554491 0.7592554 0.1554491 0.7638831 0.1479405 0.7638831 0.1554491 0.7638831 0.1479405 0.7685108 0.1479405 0.7592554 0.1629578 0.7546277 0.1629578 0.7592554 0.1554491 0.7592554 0.1629578 0.7592554 0.1554491 0.7638831 0.1554491 0.7546277 0.1629578 0.7546277 0.1704665 0.75 0.1667121 0.7546277 0.1704665 0.7546277 0.1629578 0.7592554 0.1629578 0.7685108 0.1554491 0.7638831 0.1554491 0.7685108 0.1479405 0.7685108 0.1554491 0.7685108 0.1479405 0.7731385 0.1479405 0.7731385 0.1554491 0.7685108 0.1554491 0.7731385 0.1479405 0.7685108 0.1629578 0.7685108 0.1554491 0.7731385 0.1554491 0.7638831 0.1629578 0.7638831 0.1554491 0.7685108 0.1554491 0.7685108 0.1629578 0.7638831 0.1629578 0.7685108 0.1554491 0.7638831 0.1629578 0.7592554 0.1629578 0.7638831 0.1554491 0.7638831 0.1704665 0.7638831 0.1629578 0.7685108 0.1629578 0.7685108 0.1704665 0.7638831 0.1704665 0.7685108 0.1629578 0.7638831 0.1779751 0.7638831 0.1704665 0.7685108 0.1704665 0.7592554 0.1704665 0.7592554 0.1629578 0.7638831 0.1629578 0.7638831 0.1704665 0.7592554 0.1704665 0.7638831 0.1629578 0.7592554 0.1704665 0.7546277 0.1704665 0.7592554 0.1629578 0.7638831 0.1779751 0.7592554 0.1779751 0.7638831 0.1704665 0.7592554 0.1779751 0.7592554 0.1704665 0.7638831 0.1704665 0.7592554 0.1854838 0.7592554 0.1779751 0.7638831 0.1779751 0.7592554 0.1854838 0.7546277 0.1854838 0.7592554 0.1779751 0.7546277 0.1779751 0.7546277 0.1704665 0.7592554 0.1704665 0.7592554 0.1779751 0.7546277 0.1779751 0.7592554 0.1704665 0.7546277 0.1854838 0.7546277 0.1779751 0.7592554 0.1779751 0.7546277 0.1704665 0.7546277 0.1779751 0.75 0.1742208 0.7546277 0.1779751 0.7546277 0.1854838 0.75 0.1817294 0.6687062 0.282258 0.6687062 0.2711926 0.675526 0.2767253 0.6687062 0.282258 0.6618864 0.282258 0.6687062 0.2711926 0.6618864 0.282258 0.6618864 0.2711926 0.6687062 0.2711926 0.6618864 0.282258 0.6550667 0.282258 0.6618864 0.2711926 0.6687062 0.2711926 0.6687062 0.2601271 0.675526 0.2656598 0.6687062 0.2711926 0.6618864 0.2711926 0.6687062 0.2601271 0.6550667 0.282258 0.6550667 0.2711926 0.6618864 0.2711926 0.6550667 0.282258 0.6482468 0.282258 0.6550667 0.2711926 0.6618864 0.2711926 0.6618864 0.2601271 0.6687062 0.2601271 0.6618864 0.2711926 0.6550667 0.2711926 0.6618864 0.2601271 0.6687062 0.2601271 0.6687062 0.2490614 0.675526 0.2545943 0.6687062 0.2601271 0.6618864 0.2601271 0.6687062 0.2490614 0.6482468 0.282258 0.6482468 0.2711926 0.6550667 0.2711926 0.6482468 0.282258 0.641427 0.282258 0.6482468 0.2711926 0.6550667 0.2711926 0.6550667 0.2601271 0.6618864 0.2601271 0.6550667 0.2711926 0.6482468 0.2711926 0.6550667 0.2601271 0.6618864 0.2601271 0.6618864 0.2490614 0.6687062 0.2490614 0.6618864 0.2601271 0.6550667 0.2601271 0.6618864 0.2490614 0.6687062 0.2490614 0.6687062 0.2379959 0.675526 0.2435287 0.6687062 0.2490614 0.6618864 0.2490614 0.6687062 0.2379959 0.641427 0.282258 0.641427 0.2711926 0.6482468 0.2711926 0.641427 0.282258 0.6346073 0.282258 0.641427 0.2711926 0.6482468 0.2711926 0.6482468 0.2601271 0.6550667 0.2601271 0.6482468 0.2711926 0.641427 0.2711926 0.6482468 0.2601271 0.6550667 0.2601271 0.6550667 0.2490614 0.6618864 0.2490614 0.6550667 0.2601271 0.6482468 0.2601271 0.6550667 0.2490614 0.6618864 0.2490614 0.6618864 0.2379959 0.6687062 0.2379959 0.6618864 0.2490614 0.6550667 0.2490614 0.6618864 0.2379959 0.6687062 0.2379959 0.6687062 0.2269304 0.675526 0.2324632 0.6687062 0.2379959 0.6618864 0.2379959 0.6687062 0.2269304 0.6482468 0.2601271 0.6482468 0.2490614 0.6550667 0.2490614 0.6550667 0.2490614 0.6550667 0.2379959 0.6618864 0.2379959 0.6550667 0.2490614 0.6482468 0.2490614 0.6550667 0.2379959 0.6618864 0.2379959 0.6618864 0.2269304 0.6687062 0.2269304 0.6618864 0.2379959 0.6550667 0.2379959 0.6618864 0.2269304 0.6687062 0.2269304 0.6687062 0.2158648 0.675526 0.2213977 0.6687062 0.2269304 0.6618864 0.2269304 0.6687062 0.2158648 0.6687062 0.2158648 0.6687062 0.2047994 0.675526 0.2103321 0.6618864 0.2269304 0.6618864 0.2158648 0.6687062 0.2158648 0.6687062 0.2158648 0.6618864 0.2158648 0.6687062 0.2047994 0.6550667 0.2379959 0.6550667 0.2269304 0.6618864 0.2269304 0.6618864 0.2269304 0.6550667 0.2269304 0.6618864 0.2158648 0.6687062 0.2047994 0.6687062 0.1937339 0.675526 0.1992666 0.6687062 0.2047994 0.6618864 0.2047994 0.6687062 0.1937339 0.6618864 0.2158648 0.6618864 0.2047994 0.6687062 0.2047994 0.6618864 0.2047994 0.6618864 0.1937339 0.6687062 0.1937339 0.6618864 0.2158648 0.6550667 0.2158648 0.6618864 0.2047994 0.6550667 0.2269304 0.6550667 0.2158648 0.6618864 0.2158648 0.6618864 0.2047994 0.6550667 0.2047994 0.6618864 0.1937339 0.6550667 0.2158648 0.6550667 0.2047994 0.6618864 0.2047994 0.6550667 0.2047994 0.6550667 0.1937339 0.6618864 0.1937339 0.6550667 0.2269304 0.6482468 0.2269304 0.6550667 0.2158648 0.6550667 0.2047994 0.6482468 0.2047994 0.6550667 0.1937339 0.6482468 0.2047994 0.6482468 0.1937339 0.6550667 0.1937339 0.6550667 0.2158648 0.6482468 0.2158648 0.6550667 0.2047994 0.6482468 0.2158648 0.6482468 0.2047994 0.6550667 0.2047994 0.6482468 0.2269304 0.6482468 0.2158648 0.6550667 0.2158648 0.6482468 0.2047994 0.641427 0.2047994 0.6482468 0.1937339 0.641427 0.2047994 0.641427 0.1937339 0.6482468 0.1937339 0.6482468 0.2158648 0.641427 0.2158648 0.6482468 0.2047994 0.641427 0.2158648 0.641427 0.2047994 0.6482468 0.2047994 0.641427 0.2047994 0.6346073 0.2047994 0.641427 0.1937339 0.6346073 0.2047994 0.6346073 0.1937339 0.641427 0.1937339 0.641427 0.2158648 0.6346073 0.2158648 0.641427 0.2047994 0.6346073 0.2158648 0.6346073 0.2047994 0.641427 0.2047994 0.641427 0.2269304 0.641427 0.2158648 0.6482468 0.2158648 0.6482468 0.2269304 0.641427 0.2269304 0.6482468 0.2158648 0.6346073 0.2269304 0.6346073 0.2158648 0.641427 0.2158648 0.641427 0.2269304 0.6346073 0.2269304 0.641427 0.2158648 0.6346073 0.2047994 0.6277875 0.2047994 0.6346073 0.1937339 0.6277875 0.2047994 0.6277875 0.1937339 0.6346073 0.1937339 0.6277875 0.1937339 0.6277875 0.2047994 0.6209677 0.1992666 0.6277875 0.2158648 0.6277875 0.2047994 0.6346073 0.2047994 0.6277875 0.2047994 0.6277875 0.2158648 0.6209677 0.2103321 0.6346073 0.2158648 0.6277875 0.2158648 0.6346073 0.2047994 0.6277875 0.2269304 0.6277875 0.2158648 0.6346073 0.2158648 0.6277875 0.2158648 0.6277875 0.2269304 0.6209677 0.2213977 0.6346073 0.2269304 0.6277875 0.2269304 0.6346073 0.2158648 0.6277875 0.2269304 0.6277875 0.2379959 0.6209677 0.2324632 0.6277875 0.2379959 0.6277875 0.2269304 0.6346073 0.2269304 0.6346073 0.2379959 0.6277875 0.2379959 0.6346073 0.2269304 0.6346073 0.2379959 0.6346073 0.2269304 0.641427 0.2269304 0.6277875 0.2379959 0.6277875 0.2490614 0.6209677 0.2435287 0.6277875 0.2490614 0.6277875 0.2379959 0.6346073 0.2379959 0.641427 0.2379959 0.6346073 0.2379959 0.641427 0.2269304 0.641427 0.2379959 0.641427 0.2269304 0.6482468 0.2269304 0.6346073 0.2490614 0.6277875 0.2490614 0.6346073 0.2379959 0.6346073 0.2490614 0.6346073 0.2379959 0.641427 0.2379959 0.6277875 0.2490614 0.6277875 0.2601271 0.6209677 0.2545943 0.6277875 0.2601271 0.6277875 0.2490614 0.6346073 0.2490614 0.6482468 0.2379959 0.641427 0.2379959 0.6482468 0.2269304 0.6482468 0.2379959 0.6482468 0.2269304 0.6550667 0.2269304 0.6550667 0.2379959 0.6482468 0.2379959 0.6550667 0.2269304 0.6482468 0.2490614 0.6482468 0.2379959 0.6550667 0.2379959 0.641427 0.2490614 0.641427 0.2379959 0.6482468 0.2379959 0.6482468 0.2490614 0.641427 0.2490614 0.6482468 0.2379959 0.641427 0.2490614 0.6346073 0.2490614 0.641427 0.2379959 0.641427 0.2601271 0.641427 0.2490614 0.6482468 0.2490614 0.6482468 0.2601271 0.641427 0.2601271 0.6482468 0.2490614 0.641427 0.2711926 0.641427 0.2601271 0.6482468 0.2601271 0.6346073 0.2601271 0.6346073 0.2490614 0.641427 0.2490614 0.641427 0.2601271 0.6346073 0.2601271 0.641427 0.2490614 0.6346073 0.2601271 0.6277875 0.2601271 0.6346073 0.2490614 0.641427 0.2711926 0.6346073 0.2711926 0.641427 0.2601271 0.6346073 0.2711926 0.6346073 0.2601271 0.641427 0.2601271 0.6346073 0.282258 0.6346073 0.2711926 0.641427 0.2711926 0.6346073 0.282258 0.6277875 0.282258 0.6346073 0.2711926 0.6277875 0.2711926 0.6277875 0.2601271 0.6346073 0.2601271 0.6346073 0.2711926 0.6277875 0.2711926 0.6346073 0.2601271 0.6277875 0.282258 0.6277875 0.2711926 0.6346073 0.2711926 0.6277875 0.2601271 0.6277875 0.2711926 0.6209677 0.2656598 0.6277875 0.2711926 0.6277875 0.282258 0.6209677 0.2767253 0.8734282 0.2021015 0.8660642 0.2021015 0.8697462 0.197563 0.8734282 0.2021015 0.8734282 0.20664 0.8660642 0.2021015 0.8734282 0.20664 0.8660642 0.20664 0.8660642 0.2021015 0.8734282 0.20664 0.8734282 0.2111784 0.8660642 0.20664 0.8660642 0.2021015 0.8587002 0.2021015 0.8623822 0.197563 0.8660642 0.2021015 0.8660642 0.20664 0.8587002 0.2021015 0.8734282 0.2111784 0.8660642 0.2111784 0.8660642 0.20664 0.8734282 0.2111784 0.8734282 0.215717 0.8660642 0.2111784 0.8660642 0.20664 0.8587002 0.20664 0.8587002 0.2021015 0.8660642 0.20664 0.8660642 0.2111784 0.8587002 0.20664 0.8587002 0.2021015 0.8513361 0.2021015 0.8550181 0.197563 0.8587002 0.2021015 0.8587002 0.20664 0.8513361 0.2021015 0.8734282 0.215717 0.8660642 0.215717 0.8660642 0.2111784 0.8734282 0.215717 0.8734282 0.2202554 0.8660642 0.215717 0.8660642 0.2111784 0.8587002 0.2111784 0.8587002 0.20664 0.8660642 0.2111784 0.8660642 0.215717 0.8587002 0.2111784 0.8587002 0.20664 0.8513361 0.20664 0.8513361 0.2021015 0.8587002 0.20664 0.8587002 0.2111784 0.8513361 0.20664 0.8513361 0.2021015 0.8439722 0.2021015 0.8476541 0.197563 0.8513361 0.2021015 0.8513361 0.20664 0.8439722 0.2021015 0.8734282 0.2202554 0.8660642 0.2202554 0.8660642 0.215717 0.8734282 0.2202554 0.8734282 0.224794 0.8660642 0.2202554 0.8660642 0.215717 0.8587002 0.215717 0.8587002 0.2111784 0.8660642 0.215717 0.8660642 0.2202554 0.8587002 0.215717 0.8587002 0.2111784 0.8513361 0.2111784 0.8513361 0.20664 0.8587002 0.2111784 0.8587002 0.215717 0.8513361 0.2111784 0.8513361 0.20664 0.8439722 0.20664 0.8439722 0.2021015 0.8513361 0.20664 0.8513361 0.2111784 0.8439722 0.20664 0.8439722 0.2021015 0.8366082 0.2021015 0.8402901 0.197563 0.8439722 0.2021015 0.8439722 0.20664 0.8366082 0.2021015 0.8587002 0.215717 0.8513361 0.215717 0.8513361 0.2111784 0.8513361 0.2111784 0.8439722 0.2111784 0.8439722 0.20664 0.8513361 0.2111784 0.8513361 0.215717 0.8439722 0.2111784 0.8439722 0.20664 0.8366082 0.20664 0.8366082 0.2021015 0.8439722 0.20664 0.8439722 0.2111784 0.8366082 0.20664 0.8366082 0.2021015 0.8292441 0.2021015 0.8329262 0.197563 0.8366082 0.2021015 0.8366082 0.20664 0.8292441 0.2021015 0.8292441 0.2021015 0.8218801 0.2021015 0.8255621 0.197563 0.8366082 0.20664 0.8292441 0.20664 0.8292441 0.2021015 0.8292441 0.2021015 0.8292441 0.20664 0.8218801 0.2021015 0.8439722 0.2111784 0.8366082 0.2111784 0.8366082 0.20664 0.8366082 0.20664 0.8366082 0.2111784 0.8292441 0.20664 0.8218801 0.2021015 0.8145161 0.2021015 0.8181981 0.197563 0.8218801 0.2021015 0.8218801 0.20664 0.8145161 0.2021015 0.8292441 0.20664 0.8218801 0.20664 0.8218801 0.2021015 0.8218801 0.20664 0.8145161 0.20664 0.8145161 0.2021015 0.8292441 0.20664 0.8292441 0.2111784 0.8218801 0.20664 0.8366082 0.2111784 0.8292441 0.2111784 0.8292441 0.20664 0.8218801 0.20664 0.8218801 0.2111784 0.8145161 0.20664 0.8292441 0.2111784 0.8218801 0.2111784 0.8218801 0.20664 0.8218801 0.2111784 0.8145161 0.2111784 0.8145161 0.20664 0.8366082 0.2111784 0.8366082 0.215717 0.8292441 0.2111784 0.8218801 0.2111784 0.8218801 0.215717 0.8145161 0.2111784 0.8218801 0.215717 0.8145161 0.215717 0.8145161 0.2111784 0.8292441 0.2111784 0.8292441 0.215717 0.8218801 0.2111784 0.8292441 0.215717 0.8218801 0.215717 0.8218801 0.2111784 0.8366082 0.215717 0.8292441 0.215717 0.8292441 0.2111784 0.8218801 0.215717 0.8218801 0.2202554 0.8145161 0.215717 0.8218801 0.2202554 0.8145161 0.2202554 0.8145161 0.215717 0.8292441 0.215717 0.8292441 0.2202554 0.8218801 0.215717 0.8292441 0.2202554 0.8218801 0.2202554 0.8218801 0.215717 0.8218801 0.2202554 0.8218801 0.224794 0.8145161 0.2202554 0.8218801 0.224794 0.8145161 0.224794 0.8145161 0.2202554 0.8292441 0.2202554 0.8292441 0.224794 0.8218801 0.2202554 0.8292441 0.224794 0.8218801 0.224794 0.8218801 0.2202554 0.8366082 0.2202554 0.8292441 0.2202554 0.8292441 0.215717 0.8366082 0.215717 0.8366082 0.2202554 0.8292441 0.215717 0.8366082 0.224794 0.8292441 0.224794 0.8292441 0.2202554 0.8366082 0.2202554 0.8366082 0.224794 0.8292441 0.2202554 0.8218801 0.224794 0.8218801 0.2293325 0.8145161 0.224794 0.8218801 0.2293325 0.8145161 0.2293325 0.8145161 0.224794 0.8145161 0.2293325 0.8218801 0.2293325 0.8181981 0.2338709 0.8292441 0.2293325 0.8218801 0.2293325 0.8218801 0.224794 0.8218801 0.2293325 0.8292441 0.2293325 0.8255621 0.2338709 0.8292441 0.224794 0.8292441 0.2293325 0.8218801 0.224794 0.8366082 0.2293325 0.8292441 0.2293325 0.8292441 0.224794 0.8292441 0.2293325 0.8366082 0.2293325 0.8329262 0.2338709 0.8366082 0.224794 0.8366082 0.2293325 0.8292441 0.224794 0.8366082 0.2293325 0.8439722 0.2293325 0.8402901 0.2338709 0.8439722 0.2293325 0.8366082 0.2293325 0.8366082 0.224794 0.8439722 0.224794 0.8439722 0.2293325 0.8366082 0.224794 0.8439722 0.224794 0.8366082 0.224794 0.8366082 0.2202554 0.8439722 0.2293325 0.8513361 0.2293325 0.8476541 0.2338709 0.8513361 0.2293325 0.8439722 0.2293325 0.8439722 0.224794 0.8439722 0.2202554 0.8439722 0.224794 0.8366082 0.2202554 0.8439722 0.2202554 0.8366082 0.2202554 0.8366082 0.215717 0.8513361 0.224794 0.8513361 0.2293325 0.8439722 0.224794 0.8513361 0.224794 0.8439722 0.224794 0.8439722 0.2202554 0.8513361 0.2293325 0.8587002 0.2293325 0.8550181 0.2338709 0.8587002 0.2293325 0.8513361 0.2293325 0.8513361 0.224794 0.8439722 0.215717 0.8439722 0.2202554 0.8366082 0.215717 0.8439722 0.215717 0.8366082 0.215717 0.8366082 0.2111784 0.8439722 0.2111784 0.8439722 0.215717 0.8366082 0.2111784 0.8513361 0.215717 0.8439722 0.215717 0.8439722 0.2111784 0.8513361 0.2202554 0.8439722 0.2202554 0.8439722 0.215717 0.8513361 0.215717 0.8513361 0.2202554 0.8439722 0.215717 0.8513361 0.2202554 0.8513361 0.224794 0.8439722 0.2202554 0.8587002 0.2202554 0.8513361 0.2202554 0.8513361 0.215717 0.8587002 0.215717 0.8587002 0.2202554 0.8513361 0.215717 0.8660642 0.2202554 0.8587002 0.2202554 0.8587002 0.215717 0.8587002 0.224794 0.8513361 0.224794 0.8513361 0.2202554 0.8587002 0.2202554 0.8587002 0.224794 0.8513361 0.2202554 0.8587002 0.224794 0.8587002 0.2293325 0.8513361 0.224794 0.8660642 0.2202554 0.8660642 0.224794 0.8587002 0.2202554 0.8660642 0.224794 0.8587002 0.224794 0.8587002 0.2202554 0.8734282 0.224794 0.8660642 0.224794 0.8660642 0.2202554 0.8734282 0.224794 0.8734282 0.2293325 0.8660642 0.224794 0.8660642 0.2293325 0.8587002 0.2293325 0.8587002 0.224794 0.8660642 0.224794 0.8660642 0.2293325 0.8587002 0.224794 0.8734282 0.2293325 0.8660642 0.2293325 0.8660642 0.224794 0.8587002 0.2293325 0.8660642 0.2293325 0.8623822 0.2338709 0.8660642 0.2293325 0.8734282 0.2293325 0.8697462 0.2338709 0.7976225 0.1048387 0.7976225 0.09753876 0.8021216 0.1011887 0.7976225 0.1048387 0.7931234 0.1048387 0.7976225 0.09753876 0.7931234 0.1048387 0.7931234 0.09753876 0.7976225 0.09753876 0.7931234 0.1048387 0.7886244 0.1048387 0.7931234 0.09753876 0.7976225 0.09753876 0.7976225 0.09023874 0.8021216 0.09388875 0.7976225 0.09753876 0.7931234 0.09753876 0.7976225 0.09023874 0.7886244 0.1048387 0.7886244 0.09753876 0.7931234 0.09753876 0.7886244 0.1048387 0.7841253 0.1048387 0.7886244 0.09753876 0.7931234 0.09753876 0.7931234 0.09023874 0.7976225 0.09023874 0.7931234 0.09753876 0.7886244 0.09753876 0.7931234 0.09023874 0.7976225 0.09023874 0.7976225 0.08293873 0.8021216 0.08658874 0.7976225 0.09023874 0.7931234 0.09023874 0.7976225 0.08293873 0.7841253 0.1048387 0.7841253 0.09753876 0.7886244 0.09753876 0.7841253 0.1048387 0.7796263 0.1048387 0.7841253 0.09753876 0.7886244 0.09753876 0.7886244 0.09023874 0.7931234 0.09023874 0.7886244 0.09753876 0.7841253 0.09753876 0.7886244 0.09023874 0.7931234 0.09023874 0.7931234 0.08293873 0.7976225 0.08293873 0.7931234 0.09023874 0.7886244 0.09023874 0.7931234 0.08293873 0.7976225 0.08293873 0.7976225 0.07563871 0.8021216 0.07928872 0.7976225 0.08293873 0.7931234 0.08293873 0.7976225 0.07563871 0.7796263 0.1048387 0.7796263 0.09753876 0.7841253 0.09753876 0.7796263 0.1048387 0.7751272 0.1048387 0.7796263 0.09753876 0.7841253 0.09753876 0.7841253 0.09023874 0.7886244 0.09023874 0.7841253 0.09753876 0.7796263 0.09753876 0.7841253 0.09023874 0.7886244 0.09023874 0.7886244 0.08293873 0.7931234 0.08293873 0.7886244 0.09023874 0.7841253 0.09023874 0.7886244 0.08293873 0.7931234 0.08293873 0.7931234 0.07563871 0.7976225 0.07563871 0.7931234 0.08293873 0.7886244 0.08293873 0.7931234 0.07563871 0.7976225 0.07563871 0.7976225 0.06833869 0.8021216 0.0719887 0.7976225 0.07563871 0.7931234 0.07563871 0.7976225 0.06833869 0.7841253 0.09023874 0.7841253 0.08293873 0.7886244 0.08293873 0.7886244 0.08293873 0.7886244 0.07563871 0.7931234 0.07563871 0.7886244 0.08293873 0.7841253 0.08293873 0.7886244 0.07563871 0.7931234 0.07563871 0.7931234 0.06833869 0.7976225 0.06833869 0.7931234 0.07563871 0.7886244 0.07563871 0.7931234 0.06833869 0.7976225 0.06833869 0.7976225 0.06103861 0.8021216 0.06468868 0.7976225 0.06833869 0.7931234 0.06833869 0.7976225 0.06103861 0.7976225 0.06103861 0.7976225 0.05373865 0.8021216 0.05738866 0.7931234 0.06833869 0.7931234 0.06103861 0.7976225 0.06103861 0.7976225 0.06103861 0.7931234 0.06103861 0.7976225 0.05373865 0.7886244 0.07563871 0.7886244 0.06833869 0.7931234 0.06833869 0.7931234 0.06833869 0.7886244 0.06833869 0.7931234 0.06103861 0.7976225 0.05373865 0.7976225 0.04643863 0.8021216 0.05008864 0.7976225 0.05373865 0.7931234 0.05373865 0.7976225 0.04643863 0.7931234 0.06103861 0.7931234 0.05373865 0.7976225 0.05373865 0.7931234 0.05373865 0.7931234 0.04643863 0.7976225 0.04643863 0.7931234 0.06103861 0.7886244 0.06103861 0.7931234 0.05373865 0.7886244 0.06833869 0.7886244 0.06103861 0.7931234 0.06103861 0.7931234 0.05373865 0.7886244 0.05373865 0.7931234 0.04643863 0.7886244 0.06103861 0.7886244 0.05373865 0.7931234 0.05373865 0.7886244 0.05373865 0.7886244 0.04643863 0.7931234 0.04643863 0.7886244 0.06833869 0.7841253 0.06833869 0.7886244 0.06103861 0.7886244 0.05373865 0.7841253 0.05373865 0.7886244 0.04643863 0.7841253 0.05373865 0.7841253 0.04643863 0.7886244 0.04643863 0.7886244 0.06103861 0.7841253 0.06103861 0.7886244 0.05373865 0.7841253 0.06103861 0.7841253 0.05373865 0.7886244 0.05373865 0.7841253 0.06833869 0.7841253 0.06103861 0.7886244 0.06103861 0.7841253 0.05373865 0.7796263 0.05373865 0.7841253 0.04643863 0.7796263 0.05373865 0.7796263 0.04643863 0.7841253 0.04643863 0.7841253 0.06103861 0.7796263 0.06103861 0.7841253 0.05373865 0.7796263 0.06103861 0.7796263 0.05373865 0.7841253 0.05373865 0.7796263 0.05373865 0.7751272 0.05373865 0.7796263 0.04643863 0.7751272 0.05373865 0.7751272 0.04643863 0.7796263 0.04643863 0.7796263 0.06103861 0.7751272 0.06103861 0.7796263 0.05373865 0.7751272 0.06103861 0.7751272 0.05373865 0.7796263 0.05373865 0.7796263 0.06833869 0.7796263 0.06103861 0.7841253 0.06103861 0.7841253 0.06833869 0.7796263 0.06833869 0.7841253 0.06103861 0.7751272 0.06833869 0.7751272 0.06103861 0.7796263 0.06103861 0.7796263 0.06833869 0.7751272 0.06833869 0.7796263 0.06103861 0.7751272 0.05373865 0.7706281 0.05373865 0.7751272 0.04643863 0.7706281 0.05373865 0.7706281 0.04643863 0.7751272 0.04643863 0.7706281 0.04643863 0.7706281 0.05373865 0.766129 0.05008864 0.7706281 0.06103861 0.7706281 0.05373865 0.7751272 0.05373865 0.7706281 0.05373865 0.7706281 0.06103861 0.766129 0.05738866 0.7751272 0.06103861 0.7706281 0.06103861 0.7751272 0.05373865 0.7706281 0.06833869 0.7706281 0.06103861 0.7751272 0.06103861 0.7706281 0.06103861 0.7706281 0.06833869 0.766129 0.06468868 0.7751272 0.06833869 0.7706281 0.06833869 0.7751272 0.06103861 0.7706281 0.06833869 0.7706281 0.07563871 0.766129 0.0719887 0.7706281 0.07563871 0.7706281 0.06833869 0.7751272 0.06833869 0.7751272 0.07563871 0.7706281 0.07563871 0.7751272 0.06833869 0.7751272 0.07563871 0.7751272 0.06833869 0.7796263 0.06833869 0.7706281 0.07563871 0.7706281 0.08293873 0.766129 0.07928872 0.7706281 0.08293873 0.7706281 0.07563871 0.7751272 0.07563871 0.7796263 0.07563871 0.7751272 0.07563871 0.7796263 0.06833869 0.7796263 0.07563871 0.7796263 0.06833869 0.7841253 0.06833869 0.7751272 0.08293873 0.7706281 0.08293873 0.7751272 0.07563871 0.7751272 0.08293873 0.7751272 0.07563871 0.7796263 0.07563871 0.7706281 0.08293873 0.7706281 0.09023874 0.766129 0.08658874 0.7706281 0.09023874 0.7706281 0.08293873 0.7751272 0.08293873 0.7841253 0.07563871 0.7796263 0.07563871 0.7841253 0.06833869 0.7841253 0.07563871 0.7841253 0.06833869 0.7886244 0.06833869 0.7886244 0.07563871 0.7841253 0.07563871 0.7886244 0.06833869 0.7841253 0.08293873 0.7841253 0.07563871 0.7886244 0.07563871 0.7796263 0.08293873 0.7796263 0.07563871 0.7841253 0.07563871 0.7841253 0.08293873 0.7796263 0.08293873 0.7841253 0.07563871 0.7796263 0.08293873 0.7751272 0.08293873 0.7796263 0.07563871 0.7796263 0.09023874 0.7796263 0.08293873 0.7841253 0.08293873 0.7841253 0.09023874 0.7796263 0.09023874 0.7841253 0.08293873 0.7796263 0.09753876 0.7796263 0.09023874 0.7841253 0.09023874 0.7751272 0.09023874 0.7751272 0.08293873 0.7796263 0.08293873 0.7796263 0.09023874 0.7751272 0.09023874 0.7796263 0.08293873 0.7751272 0.09023874 0.7706281 0.09023874 0.7751272 0.08293873 0.7796263 0.09753876 0.7751272 0.09753876 0.7796263 0.09023874 0.7751272 0.09753876 0.7751272 0.09023874 0.7796263 0.09023874 0.7751272 0.1048387 0.7751272 0.09753876 0.7796263 0.09753876 0.7751272 0.1048387 0.7706281 0.1048387 0.7751272 0.09753876 0.7706281 0.09753876 0.7706281 0.09023874 0.7751272 0.09023874 0.7751272 0.09753876 0.7706281 0.09753876 0.7751272 0.09023874 0.7706281 0.1048387 0.7706281 0.09753876 0.7751272 0.09753876 0.7706281 0.09023874 0.7706281 0.09753876 0.766129 0.09388875 0.7706281 0.09753876 0.7706281 0.1048387 0.766129 0.1011887 0.7618438 0.6604344 0.7522988 0.6604344 0.7570713 0.6545518 0.7618438 0.6604344 0.7618438 0.6663171 0.7522988 0.6604344 0.7618438 0.6663171 0.7522988 0.6663171 0.7522988 0.6604344 0.7618438 0.6663171 0.7618438 0.6721997 0.7522988 0.6663171 0.7522988 0.6604344 0.7427539 0.6604344 0.7475263 0.6545518 0.7522988 0.6604344 0.7522988 0.6663171 0.7427539 0.6604344 0.7618438 0.6721997 0.7522988 0.6721997 0.7522988 0.6663171 0.7618438 0.6721997 0.7618438 0.6780824 0.7522988 0.6721997 0.7522988 0.6663171 0.7427539 0.6663171 0.7427539 0.6604344 0.7522988 0.6663171 0.7522988 0.6721997 0.7427539 0.6663171 0.7427539 0.6604344 0.7332088 0.6604344 0.7379813 0.6545518 0.7427539 0.6604344 0.7427539 0.6663171 0.7332088 0.6604344 0.7618438 0.6780824 0.7522988 0.6780824 0.7522988 0.6721997 0.7618438 0.6780824 0.7618438 0.683965 0.7522988 0.6780824 0.7522988 0.6721997 0.7427539 0.6721997 0.7427539 0.6663171 0.7522988 0.6721997 0.7522988 0.6780824 0.7427539 0.6721997 0.7427539 0.6663171 0.7332088 0.6663171 0.7332088 0.6604344 0.7427539 0.6663171 0.7427539 0.6721997 0.7332088 0.6663171 0.7332088 0.6604344 0.7236638 0.6604344 0.7284363 0.6545518 0.7332088 0.6604344 0.7332088 0.6663171 0.7236638 0.6604344 0.7618438 0.683965 0.7522988 0.683965 0.7522988 0.6780824 0.7618438 0.683965 0.7618438 0.6898477 0.7522988 0.683965 0.7522988 0.6780824 0.7427539 0.6780824 0.7427539 0.6721997 0.7522988 0.6780824 0.7522988 0.683965 0.7427539 0.6780824 0.7427539 0.6721997 0.7332088 0.6721997 0.7332088 0.6663171 0.7427539 0.6721997 0.7427539 0.6780824 0.7332088 0.6721997 0.7332088 0.6663171 0.7236638 0.6663171 0.7236638 0.6604344 0.7332088 0.6663171 0.7332088 0.6721997 0.7236638 0.6663171 0.7236638 0.6604344 0.7141188 0.6604344 0.7188913 0.6545518 0.7236638 0.6604344 0.7236638 0.6663171 0.7141188 0.6604344 0.7427539 0.6780824 0.7332088 0.6780824 0.7332088 0.6721997 0.7332088 0.6721997 0.7236638 0.6721997 0.7236638 0.6663171 0.7332088 0.6721997 0.7332088 0.6780824 0.7236638 0.6721997 0.7236638 0.6663171 0.7141188 0.6663171 0.7141188 0.6604344 0.7236638 0.6663171 0.7236638 0.6721997 0.7141188 0.6663171 0.7141188 0.6604344 0.7045738 0.6604344 0.7093464 0.6545518 0.7141188 0.6604344 0.7141188 0.6663171 0.7045738 0.6604344 0.7045738 0.6604344 0.6950289 0.6604344 0.6998013 0.6545518 0.7141188 0.6663171 0.7045738 0.6663171 0.7045738 0.6604344 0.7045738 0.6604344 0.7045738 0.6663171 0.6950289 0.6604344 0.7236638 0.6721997 0.7141188 0.6721997 0.7141188 0.6663171 0.7141188 0.6663171 0.7141188 0.6721997 0.7045738 0.6663171 0.6950289 0.6604344 0.6854839 0.6604344 0.6902564 0.6545518 0.6950289 0.6604344 0.6950289 0.6663171 0.6854839 0.6604344 0.7045738 0.6663171 0.6950289 0.6663171 0.6950289 0.6604344 0.6950289 0.6663171 0.6854839 0.6663171 0.6854839 0.6604344 0.7045738 0.6663171 0.7045738 0.6721997 0.6950289 0.6663171 0.7141188 0.6721997 0.7045738 0.6721997 0.7045738 0.6663171 0.6950289 0.6663171 0.6950289 0.6721997 0.6854839 0.6663171 0.7045738 0.6721997 0.6950289 0.6721997 0.6950289 0.6663171 0.6950289 0.6721997 0.6854839 0.6721997 0.6854839 0.6663171 0.7141188 0.6721997 0.7141188 0.6780824 0.7045738 0.6721997 0.6950289 0.6721997 0.6950289 0.6780824 0.6854839 0.6721997 0.6950289 0.6780824 0.6854839 0.6780824 0.6854839 0.6721997 0.7045738 0.6721997 0.7045738 0.6780824 0.6950289 0.6721997 0.7045738 0.6780824 0.6950289 0.6780824 0.6950289 0.6721997 0.7141188 0.6780824 0.7045738 0.6780824 0.7045738 0.6721997 0.6950289 0.6780824 0.6950289 0.683965 0.6854839 0.6780824 0.6950289 0.683965 0.6854839 0.683965 0.6854839 0.6780824 0.7045738 0.6780824 0.7045738 0.683965 0.6950289 0.6780824 0.7045738 0.683965 0.6950289 0.683965 0.6950289 0.6780824 0.6950289 0.683965 0.6950289 0.6898477 0.6854839 0.683965 0.6950289 0.6898477 0.6854839 0.6898477 0.6854839 0.683965 0.7045738 0.683965 0.7045738 0.6898477 0.6950289 0.683965 0.7045738 0.6898477 0.6950289 0.6898477 0.6950289 0.683965 0.7141188 0.683965 0.7045738 0.683965 0.7045738 0.6780824 0.7141188 0.6780824 0.7141188 0.683965 0.7045738 0.6780824 0.7141188 0.6898477 0.7045738 0.6898477 0.7045738 0.683965 0.7141188 0.683965 0.7141188 0.6898477 0.7045738 0.683965 0.6950289 0.6898477 0.6950289 0.6957303 0.6854839 0.6898477 0.6950289 0.6957303 0.6854839 0.6957303 0.6854839 0.6898477 0.6854839 0.6957303 0.6950289 0.6957303 0.6902564 0.7016129 0.7045738 0.6957303 0.6950289 0.6957303 0.6950289 0.6898477 0.6950289 0.6957303 0.7045738 0.6957303 0.6998013 0.7016129 0.7045738 0.6898477 0.7045738 0.6957303 0.6950289 0.6898477 0.7141188 0.6957303 0.7045738 0.6957303 0.7045738 0.6898477 0.7045738 0.6957303 0.7141188 0.6957303 0.7093464 0.7016129 0.7141188 0.6898477 0.7141188 0.6957303 0.7045738 0.6898477 0.7141188 0.6957303 0.7236638 0.6957303 0.7188913 0.7016129 0.7236638 0.6957303 0.7141188 0.6957303 0.7141188 0.6898477 0.7236638 0.6898477 0.7236638 0.6957303 0.7141188 0.6898477 0.7236638 0.6898477 0.7141188 0.6898477 0.7141188 0.683965 0.7236638 0.6957303 0.7332088 0.6957303 0.7284363 0.7016129 0.7332088 0.6957303 0.7236638 0.6957303 0.7236638 0.6898477 0.7236638 0.683965 0.7236638 0.6898477 0.7141188 0.683965 0.7236638 0.683965 0.7141188 0.683965 0.7141188 0.6780824 0.7332088 0.6898477 0.7332088 0.6957303 0.7236638 0.6898477 0.7332088 0.6898477 0.7236638 0.6898477 0.7236638 0.683965 0.7332088 0.6957303 0.7427539 0.6957303 0.7379813 0.7016129 0.7427539 0.6957303 0.7332088 0.6957303 0.7332088 0.6898477 0.7236638 0.6780824 0.7236638 0.683965 0.7141188 0.6780824 0.7236638 0.6780824 0.7141188 0.6780824 0.7141188 0.6721997 0.7236638 0.6721997 0.7236638 0.6780824 0.7141188 0.6721997 0.7332088 0.6780824 0.7236638 0.6780824 0.7236638 0.6721997 0.7332088 0.683965 0.7236638 0.683965 0.7236638 0.6780824 0.7332088 0.6780824 0.7332088 0.683965 0.7236638 0.6780824 0.7332088 0.683965 0.7332088 0.6898477 0.7236638 0.683965 0.7427539 0.683965 0.7332088 0.683965 0.7332088 0.6780824 0.7427539 0.6780824 0.7427539 0.683965 0.7332088 0.6780824 0.7522988 0.683965 0.7427539 0.683965 0.7427539 0.6780824 0.7427539 0.6898477 0.7332088 0.6898477 0.7332088 0.683965 0.7427539 0.683965 0.7427539 0.6898477 0.7332088 0.683965 0.7427539 0.6898477 0.7427539 0.6957303 0.7332088 0.6898477 0.7522988 0.683965 0.7522988 0.6898477 0.7427539 0.683965 0.7522988 0.6898477 0.7427539 0.6898477 0.7427539 0.683965 0.7618438 0.6898477 0.7522988 0.6898477 0.7522988 0.683965 0.7618438 0.6898477 0.7618438 0.6957303 0.7522988 0.6898477 0.7522988 0.6957303 0.7427539 0.6957303 0.7427539 0.6898477 0.7522988 0.6898477 0.7522988 0.6957303 0.7427539 0.6898477 0.7618438 0.6957303 0.7522988 0.6957303 0.7522988 0.6898477 0.7427539 0.6957303 0.7522988 0.6957303 0.7475263 0.7016129 0.7522988 0.6957303 0.7618438 0.6957303 0.7570713 0.7016129 0.6908894 0.1693549 0.6908894 0.1606247 0.6962699 0.1649898 0.6908894 0.1693549 0.6855089 0.1693549 0.6908894 0.1606247 0.6855089 0.1693549 0.6855089 0.1606247 0.6908894 0.1606247 0.6855089 0.1693549 0.6801283 0.1693549 0.6855089 0.1606247 0.6908894 0.1606247 0.6908894 0.1518945 0.6962699 0.1562596 0.6908894 0.1606247 0.6855089 0.1606247 0.6908894 0.1518945 0.6801283 0.1693549 0.6801283 0.1606247 0.6855089 0.1606247 0.6801283 0.1693549 0.6747478 0.1693549 0.6801283 0.1606247 0.6855089 0.1606247 0.6855089 0.1518945 0.6908894 0.1518945 0.6855089 0.1606247 0.6801283 0.1606247 0.6855089 0.1518945 0.6908894 0.1518945 0.6908894 0.1431643 0.6962699 0.1475294 0.6908894 0.1518945 0.6855089 0.1518945 0.6908894 0.1431643 0.6747478 0.1693549 0.6747478 0.1606247 0.6801283 0.1606247 0.6747478 0.1693549 0.6693673 0.1693549 0.6747478 0.1606247 0.6801283 0.1606247 0.6801283 0.1518945 0.6855089 0.1518945 0.6801283 0.1606247 0.6747478 0.1606247 0.6801283 0.1518945 0.6855089 0.1518945 0.6855089 0.1431643 0.6908894 0.1431643 0.6855089 0.1518945 0.6801283 0.1518945 0.6855089 0.1431643 0.6908894 0.1431643 0.6908894 0.1344341 0.6962699 0.1387991 0.6908894 0.1431643 0.6855089 0.1431643 0.6908894 0.1344341 0.6693673 0.1693549 0.6693673 0.1606247 0.6747478 0.1606247 0.6693673 0.1693549 0.6639868 0.1693549 0.6693673 0.1606247 0.6747478 0.1606247 0.6747478 0.1518945 0.6801283 0.1518945 0.6747478 0.1606247 0.6693673 0.1606247 0.6747478 0.1518945 0.6801283 0.1518945 0.6801283 0.1431643 0.6855089 0.1431643 0.6801283 0.1518945 0.6747478 0.1518945 0.6801283 0.1431643 0.6855089 0.1431643 0.6855089 0.1344341 0.6908894 0.1344341 0.6855089 0.1431643 0.6801283 0.1431643 0.6855089 0.1344341 0.6908894 0.1344341 0.6908894 0.1257039 0.6962699 0.130069 0.6908894 0.1344341 0.6855089 0.1344341 0.6908894 0.1257039 0.6747478 0.1518945 0.6747478 0.1431643 0.6801283 0.1431643 0.6801283 0.1431643 0.6801283 0.1344341 0.6855089 0.1344341 0.6801283 0.1431643 0.6747478 0.1431643 0.6801283 0.1344341 0.6855089 0.1344341 0.6855089 0.1257039 0.6908894 0.1257039 0.6855089 0.1344341 0.6801283 0.1344341 0.6855089 0.1257039 0.6908894 0.1257039 0.6908894 0.1169737 0.6962699 0.1213388 0.6908894 0.1257039 0.6855089 0.1257039 0.6908894 0.1169737 0.6908894 0.1169737 0.6908894 0.1082435 0.6962699 0.1126086 0.6855089 0.1257039 0.6855089 0.1169737 0.6908894 0.1169737 0.6908894 0.1169737 0.6855089 0.1169737 0.6908894 0.1082435 0.6801283 0.1344341 0.6801283 0.1257039 0.6855089 0.1257039 0.6855089 0.1257039 0.6801283 0.1257039 0.6855089 0.1169737 0.6908894 0.1082435 0.6908894 0.09951341 0.6962699 0.1038784 0.6908894 0.1082435 0.6855089 0.1082435 0.6908894 0.09951341 0.6855089 0.1169737 0.6855089 0.1082435 0.6908894 0.1082435 0.6855089 0.1082435 0.6855089 0.09951341 0.6908894 0.09951341 0.6855089 0.1169737 0.6801283 0.1169737 0.6855089 0.1082435 0.6801283 0.1257039 0.6801283 0.1169737 0.6855089 0.1169737 0.6855089 0.1082435 0.6801283 0.1082435 0.6855089 0.09951341 0.6801283 0.1169737 0.6801283 0.1082435 0.6855089 0.1082435 0.6801283 0.1082435 0.6801283 0.09951341 0.6855089 0.09951341 0.6801283 0.1257039 0.6747478 0.1257039 0.6801283 0.1169737 0.6801283 0.1082435 0.6747478 0.1082435 0.6801283 0.09951341 0.6747478 0.1082435 0.6747478 0.09951341 0.6801283 0.09951341 0.6801283 0.1169737 0.6747478 0.1169737 0.6801283 0.1082435 0.6747478 0.1169737 0.6747478 0.1082435 0.6801283 0.1082435 0.6747478 0.1257039 0.6747478 0.1169737 0.6801283 0.1169737 0.6747478 0.1082435 0.6693673 0.1082435 0.6747478 0.09951341 0.6693673 0.1082435 0.6693673 0.09951341 0.6747478 0.09951341 0.6747478 0.1169737 0.6693673 0.1169737 0.6747478 0.1082435 0.6693673 0.1169737 0.6693673 0.1082435 0.6747478 0.1082435 0.6693673 0.1082435 0.6639868 0.1082435 0.6693673 0.09951341 0.6639868 0.1082435 0.6639868 0.09951341 0.6693673 0.09951341 0.6693673 0.1169737 0.6639868 0.1169737 0.6693673 0.1082435 0.6639868 0.1169737 0.6639868 0.1082435 0.6693673 0.1082435 0.6693673 0.1257039 0.6693673 0.1169737 0.6747478 0.1169737 0.6747478 0.1257039 0.6693673 0.1257039 0.6747478 0.1169737 0.6639868 0.1257039 0.6639868 0.1169737 0.6693673 0.1169737 0.6693673 0.1257039 0.6639868 0.1257039 0.6693673 0.1169737 0.6639868 0.1082435 0.6586063 0.1082435 0.6639868 0.09951341 0.6586063 0.1082435 0.6586063 0.09951341 0.6639868 0.09951341 0.6586063 0.09951341 0.6586063 0.1082435 0.6532258 0.1038784 0.6586063 0.1169737 0.6586063 0.1082435 0.6639868 0.1082435 0.6586063 0.1082435 0.6586063 0.1169737 0.6532258 0.1126086 0.6639868 0.1169737 0.6586063 0.1169737 0.6639868 0.1082435 0.6586063 0.1257039 0.6586063 0.1169737 0.6639868 0.1169737 0.6586063 0.1169737 0.6586063 0.1257039 0.6532258 0.1213388 0.6639868 0.1257039 0.6586063 0.1257039 0.6639868 0.1169737 0.6586063 0.1257039 0.6586063 0.1344341 0.6532258 0.130069 0.6586063 0.1344341 0.6586063 0.1257039 0.6639868 0.1257039 0.6639868 0.1344341 0.6586063 0.1344341 0.6639868 0.1257039 0.6639868 0.1344341 0.6639868 0.1257039 0.6693673 0.1257039 0.6586063 0.1344341 0.6586063 0.1431643 0.6532258 0.1387991 0.6586063 0.1431643 0.6586063 0.1344341 0.6639868 0.1344341 0.6693673 0.1344341 0.6639868 0.1344341 0.6693673 0.1257039 0.6693673 0.1344341 0.6693673 0.1257039 0.6747478 0.1257039 0.6639868 0.1431643 0.6586063 0.1431643 0.6639868 0.1344341 0.6639868 0.1431643 0.6639868 0.1344341 0.6693673 0.1344341 0.6586063 0.1431643 0.6586063 0.1518945 0.6532258 0.1475294 0.6586063 0.1518945 0.6586063 0.1431643 0.6639868 0.1431643 0.6747478 0.1344341 0.6693673 0.1344341 0.6747478 0.1257039 0.6747478 0.1344341 0.6747478 0.1257039 0.6801283 0.1257039 0.6801283 0.1344341 0.6747478 0.1344341 0.6801283 0.1257039 0.6747478 0.1431643 0.6747478 0.1344341 0.6801283 0.1344341 0.6693673 0.1431643 0.6693673 0.1344341 0.6747478 0.1344341 0.6747478 0.1431643 0.6693673 0.1431643 0.6747478 0.1344341 0.6693673 0.1431643 0.6639868 0.1431643 0.6693673 0.1344341 0.6693673 0.1518945 0.6693673 0.1431643 0.6747478 0.1431643 0.6747478 0.1518945 0.6693673 0.1518945 0.6747478 0.1431643 0.6693673 0.1606247 0.6693673 0.1518945 0.6747478 0.1518945 0.6639868 0.1518945 0.6639868 0.1431643 0.6693673 0.1431643 0.6693673 0.1518945 0.6639868 0.1518945 0.6693673 0.1431643 0.6639868 0.1518945 0.6586063 0.1518945 0.6639868 0.1431643 0.6693673 0.1606247 0.6639868 0.1606247 0.6693673 0.1518945 0.6639868 0.1606247 0.6639868 0.1518945 0.6693673 0.1518945 0.6639868 0.1693549 0.6639868 0.1606247 0.6693673 0.1606247 0.6639868 0.1693549 0.6586063 0.1693549 0.6639868 0.1606247 0.6586063 0.1606247 0.6586063 0.1518945 0.6639868 0.1518945 0.6639868 0.1606247 0.6586063 0.1606247 0.6639868 0.1518945 0.6586063 0.1693549 0.6586063 0.1606247 0.6639868 0.1606247 0.6586063 0.1518945 0.6586063 0.1606247 0.6532258 0.1562596 0.6586063 0.1606247 0.6586063 0.1693549 0.6532258 0.1649898 0.4379874 0.5887097 0.4379874 0.5713056 0.4487137 0.5800077 0.4379874 0.5887097 0.4272611 0.5887097 0.4379874 0.5713056 0.4272611 0.5887097 0.4272611 0.5713056 0.4379874 0.5713056 0.4272611 0.5887097 0.4165348 0.5887097 0.4272611 0.5713056 0.4379874 0.5713056 0.4379874 0.5539016 0.4487137 0.5626036 0.4379874 0.5713056 0.4272611 0.5713056 0.4379874 0.5539016 0.4165348 0.5887097 0.4165348 0.5713056 0.4272611 0.5713056 0.4165348 0.5887097 0.4058085 0.5887097 0.4165348 0.5713056 0.4272611 0.5713056 0.4272611 0.5539016 0.4379874 0.5539016 0.4272611 0.5713056 0.4165348 0.5713056 0.4272611 0.5539016 0.4379874 0.5539016 0.4379874 0.5364974 0.4487137 0.5451994 0.4379874 0.5539016 0.4272611 0.5539016 0.4379874 0.5364974 0.4058085 0.5887097 0.4058085 0.5713056 0.4165348 0.5713056 0.4058085 0.5887097 0.3950822 0.5887097 0.4058085 0.5713056 0.4165348 0.5713056 0.4165348 0.5539016 0.4272611 0.5539016 0.4165348 0.5713056 0.4058085 0.5713056 0.4165348 0.5539016 0.4272611 0.5539016 0.4272611 0.5364974 0.4379874 0.5364974 0.4272611 0.5539016 0.4165348 0.5539016 0.4272611 0.5364974 0.4379874 0.5364974 0.4379874 0.5190932 0.4487137 0.5277952 0.4379874 0.5364974 0.4272611 0.5364974 0.4379874 0.5190932 0.3950822 0.5887097 0.3950822 0.5713056 0.4058085 0.5713056 0.3950822 0.5887097 0.3843559 0.5887097 0.3950822 0.5713056 0.4058085 0.5713056 0.4058085 0.5539016 0.4165348 0.5539016 0.4058085 0.5713056 0.3950822 0.5713056 0.4058085 0.5539016 0.4165348 0.5539016 0.4165348 0.5364974 0.4272611 0.5364974 0.4165348 0.5539016 0.4058085 0.5539016 0.4165348 0.5364974 0.4272611 0.5364974 0.4272611 0.5190932 0.4379874 0.5190932 0.4272611 0.5364974 0.4165348 0.5364974 0.4272611 0.5190932 0.4379874 0.5190932 0.4379874 0.5016891 0.4487137 0.5103911 0.4379874 0.5190932 0.4272611 0.5190932 0.4379874 0.5016891 0.4058085 0.5539016 0.4058085 0.5364974 0.4165348 0.5364974 0.4165348 0.5364974 0.4165348 0.5190932 0.4272611 0.5190932 0.4165348 0.5364974 0.4058085 0.5364974 0.4165348 0.5190932 0.4272611 0.5190932 0.4272611 0.5016891 0.4379874 0.5016891 0.4272611 0.5190932 0.4165348 0.5190932 0.4272611 0.5016891 0.4379874 0.5016891 0.4379874 0.4842849 0.4487137 0.492987 0.4379874 0.5016891 0.4272611 0.5016891 0.4379874 0.4842849 0.4379874 0.4842849 0.4379874 0.4668808 0.4487137 0.4755828 0.4272611 0.5016891 0.4272611 0.4842849 0.4379874 0.4842849 0.4379874 0.4842849 0.4272611 0.4842849 0.4379874 0.4668808 0.4165348 0.5190932 0.4165348 0.5016891 0.4272611 0.5016891 0.4272611 0.5016891 0.4165348 0.5016891 0.4272611 0.4842849 0.4379874 0.4668808 0.4379874 0.4494767 0.4487137 0.4581788 0.4379874 0.4668808 0.4272611 0.4668808 0.4379874 0.4494767 0.4272611 0.4842849 0.4272611 0.4668808 0.4379874 0.4668808 0.4272611 0.4668808 0.4272611 0.4494767 0.4379874 0.4494767 0.4272611 0.4842849 0.4165348 0.4842849 0.4272611 0.4668808 0.4165348 0.5016891 0.4165348 0.4842849 0.4272611 0.4842849 0.4272611 0.4668808 0.4165348 0.4668808 0.4272611 0.4494767 0.4165348 0.4842849 0.4165348 0.4668808 0.4272611 0.4668808 0.4165348 0.4668808 0.4165348 0.4494767 0.4272611 0.4494767 0.4165348 0.5016891 0.4058085 0.5016891 0.4165348 0.4842849 0.4165348 0.4668808 0.4058085 0.4668808 0.4165348 0.4494767 0.4058085 0.4668808 0.4058085 0.4494767 0.4165348 0.4494767 0.4165348 0.4842849 0.4058085 0.4842849 0.4165348 0.4668808 0.4058085 0.4842849 0.4058085 0.4668808 0.4165348 0.4668808 0.4058085 0.5016891 0.4058085 0.4842849 0.4165348 0.4842849 0.4058085 0.4668808 0.3950822 0.4668808 0.4058085 0.4494767 0.3950822 0.4668808 0.3950822 0.4494767 0.4058085 0.4494767 0.4058085 0.4842849 0.3950822 0.4842849 0.4058085 0.4668808 0.3950822 0.4842849 0.3950822 0.4668808 0.4058085 0.4668808 0.3950822 0.4668808 0.3843559 0.4668808 0.3950822 0.4494767 0.3843559 0.4668808 0.3843559 0.4494767 0.3950822 0.4494767 0.3950822 0.4842849 0.3843559 0.4842849 0.3950822 0.4668808 0.3843559 0.4842849 0.3843559 0.4668808 0.3950822 0.4668808 0.3950822 0.5016891 0.3950822 0.4842849 0.4058085 0.4842849 0.4058085 0.5016891 0.3950822 0.5016891 0.4058085 0.4842849 0.3843559 0.5016891 0.3843559 0.4842849 0.3950822 0.4842849 0.3950822 0.5016891 0.3843559 0.5016891 0.3950822 0.4842849 0.3843559 0.4668808 0.3736296 0.4668808 0.3843559 0.4494767 0.3736296 0.4668808 0.3736296 0.4494767 0.3843559 0.4494767 0.3736296 0.4494767 0.3736296 0.4668808 0.3629032 0.4581788 0.3736296 0.4842849 0.3736296 0.4668808 0.3843559 0.4668808 0.3736296 0.4668808 0.3736296 0.4842849 0.3629032 0.4755828 0.3843559 0.4842849 0.3736296 0.4842849 0.3843559 0.4668808 0.3736296 0.5016891 0.3736296 0.4842849 0.3843559 0.4842849 0.3736296 0.4842849 0.3736296 0.5016891 0.3629032 0.492987 0.3843559 0.5016891 0.3736296 0.5016891 0.3843559 0.4842849 0.3736296 0.5016891 0.3736296 0.5190932 0.3629032 0.5103911 0.3736296 0.5190932 0.3736296 0.5016891 0.3843559 0.5016891 0.3843559 0.5190932 0.3736296 0.5190932 0.3843559 0.5016891 0.3843559 0.5190932 0.3843559 0.5016891 0.3950822 0.5016891 0.3736296 0.5190932 0.3736296 0.5364974 0.3629032 0.5277952 0.3736296 0.5364974 0.3736296 0.5190932 0.3843559 0.5190932 0.3950822 0.5190932 0.3843559 0.5190932 0.3950822 0.5016891 0.3950822 0.5190932 0.3950822 0.5016891 0.4058085 0.5016891 0.3843559 0.5364974 0.3736296 0.5364974 0.3843559 0.5190932 0.3843559 0.5364974 0.3843559 0.5190932 0.3950822 0.5190932 0.3736296 0.5364974 0.3736296 0.5539016 0.3629032 0.5451994 0.3736296 0.5539016 0.3736296 0.5364974 0.3843559 0.5364974 0.4058085 0.5190932 0.3950822 0.5190932 0.4058085 0.5016891 0.4058085 0.5190932 0.4058085 0.5016891 0.4165348 0.5016891 0.4165348 0.5190932 0.4058085 0.5190932 0.4165348 0.5016891 0.4058085 0.5364974 0.4058085 0.5190932 0.4165348 0.5190932 0.3950822 0.5364974 0.3950822 0.5190932 0.4058085 0.5190932 0.4058085 0.5364974 0.3950822 0.5364974 0.4058085 0.5190932 0.3950822 0.5364974 0.3843559 0.5364974 0.3950822 0.5190932 0.3950822 0.5539016 0.3950822 0.5364974 0.4058085 0.5364974 0.4058085 0.5539016 0.3950822 0.5539016 0.4058085 0.5364974 0.3950822 0.5713056 0.3950822 0.5539016 0.4058085 0.5539016 0.3843559 0.5539016 0.3843559 0.5364974 0.3950822 0.5364974 0.3950822 0.5539016 0.3843559 0.5539016 0.3950822 0.5364974 0.3843559 0.5539016 0.3736296 0.5539016 0.3843559 0.5364974 0.3950822 0.5713056 0.3843559 0.5713056 0.3950822 0.5539016 0.3843559 0.5713056 0.3843559 0.5539016 0.3950822 0.5539016 0.3843559 0.5887097 0.3843559 0.5713056 0.3950822 0.5713056 0.3843559 0.5887097 0.3736296 0.5887097 0.3843559 0.5713056 0.3736296 0.5713056 0.3736296 0.5539016 0.3843559 0.5539016 0.3843559 0.5713056 0.3736296 0.5713056 0.3843559 0.5539016 0.3736296 0.5887097 0.3736296 0.5713056 0.3843559 0.5713056 0.3736296 0.5539016 0.3736296 0.5713056 0.3629032 0.5626036 0.3736296 0.5713056 0.3736296 0.5887097 0.3629032 0.5800077 0.3734714 0.1532257 0.3734714 0.1358217 0.3841977 0.1445237 0.3734714 0.1532257 0.3627451 0.1532257 0.3734714 0.1358217 0.3627451 0.1532257 0.3627451 0.1358217 0.3734714 0.1358217 0.3627451 0.1532257 0.3520188 0.1532257 0.3627451 0.1358217 0.3734714 0.1358217 0.3734714 0.1184176 0.3841977 0.1271196 0.3734714 0.1358217 0.3627451 0.1358217 0.3734714 0.1184176 0.3520188 0.1532257 0.3520188 0.1358217 0.3627451 0.1358217 0.3520188 0.1532257 0.3412924 0.1532257 0.3520188 0.1358217 0.3627451 0.1358217 0.3627451 0.1184176 0.3734714 0.1184176 0.3627451 0.1358217 0.3520188 0.1358217 0.3627451 0.1184176 0.3734714 0.1184176 0.3734714 0.1010134 0.3841977 0.1097155 0.3734714 0.1184176 0.3627451 0.1184176 0.3734714 0.1010134 0.3412924 0.1532257 0.3412924 0.1358217 0.3520188 0.1358217 0.3412924 0.1532257 0.3305661 0.1532257 0.3412924 0.1358217 0.3520188 0.1358217 0.3520188 0.1184176 0.3627451 0.1184176 0.3520188 0.1358217 0.3412924 0.1358217 0.3520188 0.1184176 0.3627451 0.1184176 0.3627451 0.1010134 0.3734714 0.1010134 0.3627451 0.1184176 0.3520188 0.1184176 0.3627451 0.1010134 0.3734714 0.1010134 0.3734714 0.0836094 0.3841977 0.09231138 0.3734714 0.1010134 0.3627451 0.1010134 0.3734714 0.0836094 0.3305661 0.1532257 0.3305661 0.1358217 0.3412924 0.1358217 0.3305661 0.1532257 0.3198397 0.1532257 0.3305661 0.1358217 0.3412924 0.1358217 0.3412924 0.1184176 0.3520188 0.1184176 0.3412924 0.1358217 0.3305661 0.1358217 0.3412924 0.1184176 0.3520188 0.1184176 0.3520188 0.1010134 0.3627451 0.1010134 0.3520188 0.1184176 0.3412924 0.1184176 0.3520188 0.1010134 0.3627451 0.1010134 0.3627451 0.0836094 0.3734714 0.0836094 0.3627451 0.1010134 0.3520188 0.1010134 0.3627451 0.0836094 0.3734714 0.0836094 0.3734714 0.06620526 0.3841977 0.0749073 0.3734714 0.0836094 0.3627451 0.0836094 0.3734714 0.06620526 0.3412924 0.1184176 0.3412924 0.1010134 0.3520188 0.1010134 0.3520188 0.1010134 0.3520188 0.0836094 0.3627451 0.0836094 0.3520188 0.1010134 0.3412924 0.1010134 0.3520188 0.0836094 0.3627451 0.0836094 0.3627451 0.06620526 0.3734714 0.06620526 0.3627451 0.0836094 0.3520188 0.0836094 0.3627451 0.06620526 0.3734714 0.06620526 0.3734714 0.04880106 0.3841977 0.05750322 0.3734714 0.06620526 0.3627451 0.06620526 0.3734714 0.04880106 0.3734714 0.04880106 0.3734714 0.03139704 0.3841977 0.04009914 0.3627451 0.06620526 0.3627451 0.04880106 0.3734714 0.04880106 0.3734714 0.04880106 0.3627451 0.04880106 0.3734714 0.03139704 0.3520188 0.0836094 0.3520188 0.06620526 0.3627451 0.06620526 0.3627451 0.06620526 0.3520188 0.06620526 0.3627451 0.04880106 0.3734714 0.03139704 0.3734714 0.0139929 0.3841977 0.022695 0.3734714 0.03139704 0.3627451 0.03139704 0.3734714 0.0139929 0.3627451 0.04880106 0.3627451 0.03139704 0.3734714 0.03139704 0.3627451 0.03139704 0.3627451 0.0139929 0.3734714 0.0139929 0.3627451 0.04880106 0.3520188 0.04880106 0.3627451 0.03139704 0.3520188 0.06620526 0.3520188 0.04880106 0.3627451 0.04880106 0.3627451 0.03139704 0.3520188 0.03139704 0.3627451 0.0139929 0.3520188 0.04880106 0.3520188 0.03139704 0.3627451 0.03139704 0.3520188 0.03139704 0.3520188 0.0139929 0.3627451 0.0139929 0.3520188 0.06620526 0.3412924 0.06620526 0.3520188 0.04880106 0.3520188 0.03139704 0.3412924 0.03139704 0.3520188 0.0139929 0.3412924 0.03139704 0.3412924 0.0139929 0.3520188 0.0139929 0.3520188 0.04880106 0.3412924 0.04880106 0.3520188 0.03139704 0.3412924 0.04880106 0.3412924 0.03139704 0.3520188 0.03139704 0.3412924 0.06620526 0.3412924 0.04880106 0.3520188 0.04880106 0.3412924 0.03139704 0.3305661 0.03139704 0.3412924 0.0139929 0.3305661 0.03139704 0.3305661 0.0139929 0.3412924 0.0139929 0.3412924 0.04880106 0.3305661 0.04880106 0.3412924 0.03139704 0.3305661 0.04880106 0.3305661 0.03139704 0.3412924 0.03139704 0.3305661 0.03139704 0.3198397 0.03139704 0.3305661 0.0139929 0.3198397 0.03139704 0.3198397 0.0139929 0.3305661 0.0139929 0.3305661 0.04880106 0.3198397 0.04880106 0.3305661 0.03139704 0.3198397 0.04880106 0.3198397 0.03139704 0.3305661 0.03139704 0.3305661 0.06620526 0.3305661 0.04880106 0.3412924 0.04880106 0.3412924 0.06620526 0.3305661 0.06620526 0.3412924 0.04880106 0.3198397 0.06620526 0.3198397 0.04880106 0.3305661 0.04880106 0.3305661 0.06620526 0.3198397 0.06620526 0.3305661 0.04880106 0.3198397 0.03139704 0.3091135 0.03139704 0.3198397 0.0139929 0.3091135 0.03139704 0.3091135 0.0139929 0.3198397 0.0139929 0.3091135 0.0139929 0.3091135 0.03139704 0.2983871 0.022695 0.3091135 0.04880106 0.3091135 0.03139704 0.3198397 0.03139704 0.3091135 0.03139704 0.3091135 0.04880106 0.2983871 0.04009914 0.3198397 0.04880106 0.3091135 0.04880106 0.3198397 0.03139704 0.3091135 0.06620526 0.3091135 0.04880106 0.3198397 0.04880106 0.3091135 0.04880106 0.3091135 0.06620526 0.2983871 0.05750322 0.3198397 0.06620526 0.3091135 0.06620526 0.3198397 0.04880106 0.3091135 0.06620526 0.3091135 0.0836094 0.2983871 0.0749073 0.3091135 0.0836094 0.3091135 0.06620526 0.3198397 0.06620526 0.3198397 0.0836094 0.3091135 0.0836094 0.3198397 0.06620526 0.3198397 0.0836094 0.3198397 0.06620526 0.3305661 0.06620526 0.3091135 0.0836094 0.3091135 0.1010134 0.2983871 0.09231138 0.3091135 0.1010134 0.3091135 0.0836094 0.3198397 0.0836094 0.3305661 0.0836094 0.3198397 0.0836094 0.3305661 0.06620526 0.3305661 0.0836094 0.3305661 0.06620526 0.3412924 0.06620526 0.3198397 0.1010134 0.3091135 0.1010134 0.3198397 0.0836094 0.3198397 0.1010134 0.3198397 0.0836094 0.3305661 0.0836094 0.3091135 0.1010134 0.3091135 0.1184176 0.2983871 0.1097155 0.3091135 0.1184176 0.3091135 0.1010134 0.3198397 0.1010134 0.3412924 0.0836094 0.3305661 0.0836094 0.3412924 0.06620526 0.3412924 0.0836094 0.3412924 0.06620526 0.3520188 0.06620526 0.3520188 0.0836094 0.3412924 0.0836094 0.3520188 0.06620526 0.3412924 0.1010134 0.3412924 0.0836094 0.3520188 0.0836094 0.3305661 0.1010134 0.3305661 0.0836094 0.3412924 0.0836094 0.3412924 0.1010134 0.3305661 0.1010134 0.3412924 0.0836094 0.3305661 0.1010134 0.3198397 0.1010134 0.3305661 0.0836094 0.3305661 0.1184176 0.3305661 0.1010134 0.3412924 0.1010134 0.3412924 0.1184176 0.3305661 0.1184176 0.3412924 0.1010134 0.3305661 0.1358217 0.3305661 0.1184176 0.3412924 0.1184176 0.3198397 0.1184176 0.3198397 0.1010134 0.3305661 0.1010134 0.3305661 0.1184176 0.3198397 0.1184176 0.3305661 0.1010134 0.3198397 0.1184176 0.3091135 0.1184176 0.3198397 0.1010134 0.3305661 0.1358217 0.3198397 0.1358217 0.3305661 0.1184176 0.3198397 0.1358217 0.3198397 0.1184176 0.3305661 0.1184176 0.3198397 0.1532257 0.3198397 0.1358217 0.3305661 0.1358217 0.3198397 0.1532257 0.3091135 0.1532257 0.3198397 0.1358217 0.3091135 0.1358217 0.3091135 0.1184176 0.3198397 0.1184176 0.3198397 0.1358217 0.3091135 0.1358217 0.3198397 0.1184176 0.3091135 0.1532257 0.3091135 0.1358217 0.3198397 0.1358217 0.3091135 0.1184176 0.3091135 0.1358217 0.2983871 0.1271196 0.3091135 0.1358217 0.3091135 0.1532257 0.2983871 0.1445237 0.8247168 0.5620126 0.8073127 0.5620126 0.8160148 0.5512862 0.8247168 0.5620126 0.8247168 0.5727389 0.8073127 0.5620126 0.8247168 0.5727389 0.8073127 0.5727389 0.8073127 0.5620126 0.8247168 0.5727389 0.8247168 0.5834652 0.8073127 0.5727389 0.8073127 0.5620126 0.7899087 0.5620126 0.7986107 0.5512862 0.8073127 0.5620126 0.8073127 0.5727389 0.7899087 0.5620126 0.8247168 0.5834652 0.8073127 0.5834652 0.8073127 0.5727389 0.8247168 0.5834652 0.8247168 0.5941915 0.8073127 0.5834652 0.8073127 0.5727389 0.7899087 0.5727389 0.7899087 0.5620126 0.8073127 0.5727389 0.8073127 0.5834652 0.7899087 0.5727389 0.7899087 0.5620126 0.7725045 0.5620126 0.7812066 0.5512862 0.7899087 0.5620126 0.7899087 0.5727389 0.7725045 0.5620126 0.8247168 0.5941915 0.8073127 0.5941915 0.8073127 0.5834652 0.8247168 0.5941915 0.8247168 0.6049178 0.8073127 0.5941915 0.8073127 0.5834652 0.7899087 0.5834652 0.7899087 0.5727389 0.8073127 0.5834652 0.8073127 0.5941915 0.7899087 0.5834652 0.7899087 0.5727389 0.7725045 0.5727389 0.7725045 0.5620126 0.7899087 0.5727389 0.7899087 0.5834652 0.7725045 0.5727389 0.7725045 0.5620126 0.7551004 0.5620126 0.7638024 0.5512862 0.7725045 0.5620126 0.7725045 0.5727389 0.7551004 0.5620126 0.8247168 0.6049178 0.8073127 0.6049178 0.8073127 0.5941915 0.8247168 0.6049178 0.8247168 0.6156442 0.8073127 0.6049178 0.8073127 0.5941915 0.7899087 0.5941915 0.7899087 0.5834652 0.8073127 0.5941915 0.8073127 0.6049178 0.7899087 0.5941915 0.7899087 0.5834652 0.7725045 0.5834652 0.7725045 0.5727389 0.7899087 0.5834652 0.7899087 0.5941915 0.7725045 0.5834652 0.7725045 0.5727389 0.7551004 0.5727389 0.7551004 0.5620126 0.7725045 0.5727389 0.7725045 0.5834652 0.7551004 0.5727389 0.7551004 0.5620126 0.7376963 0.5620126 0.7463982 0.5512862 0.7551004 0.5620126 0.7551004 0.5727389 0.7376963 0.5620126 0.7899087 0.5941915 0.7725045 0.5941915 0.7725045 0.5834652 0.7725045 0.5834652 0.7551004 0.5834652 0.7551004 0.5727389 0.7725045 0.5834652 0.7725045 0.5941915 0.7551004 0.5834652 0.7551004 0.5727389 0.7376963 0.5727389 0.7376963 0.5620126 0.7551004 0.5727389 0.7551004 0.5834652 0.7376963 0.5727389 0.7376963 0.5620126 0.720292 0.5620126 0.7289942 0.5512862 0.7376963 0.5620126 0.7376963 0.5727389 0.720292 0.5620126 0.720292 0.5620126 0.702888 0.5620126 0.7115901 0.5512862 0.7376963 0.5727389 0.720292 0.5727389 0.720292 0.5620126 0.720292 0.5620126 0.720292 0.5727389 0.702888 0.5620126 0.7551004 0.5834652 0.7376963 0.5834652 0.7376963 0.5727389 0.7376963 0.5727389 0.7376963 0.5834652 0.720292 0.5727389 0.702888 0.5620126 0.6854838 0.5620126 0.694186 0.5512862 0.702888 0.5620126 0.702888 0.5727389 0.6854838 0.5620126 0.720292 0.5727389 0.702888 0.5727389 0.702888 0.5620126 0.702888 0.5727389 0.6854838 0.5727389 0.6854838 0.5620126 0.720292 0.5727389 0.720292 0.5834652 0.702888 0.5727389 0.7376963 0.5834652 0.720292 0.5834652 0.720292 0.5727389 0.702888 0.5727389 0.702888 0.5834652 0.6854838 0.5727389 0.720292 0.5834652 0.702888 0.5834652 0.702888 0.5727389 0.702888 0.5834652 0.6854838 0.5834652 0.6854838 0.5727389 0.7376963 0.5834652 0.7376963 0.5941915 0.720292 0.5834652 0.702888 0.5834652 0.702888 0.5941915 0.6854838 0.5834652 0.702888 0.5941915 0.6854838 0.5941915 0.6854838 0.5834652 0.720292 0.5834652 0.720292 0.5941915 0.702888 0.5834652 0.720292 0.5941915 0.702888 0.5941915 0.702888 0.5834652 0.7376963 0.5941915 0.720292 0.5941915 0.720292 0.5834652 0.702888 0.5941915 0.702888 0.6049178 0.6854838 0.5941915 0.702888 0.6049178 0.6854838 0.6049178 0.6854838 0.5941915 0.720292 0.5941915 0.720292 0.6049178 0.702888 0.5941915 0.720292 0.6049178 0.702888 0.6049178 0.702888 0.5941915 0.702888 0.6049178 0.702888 0.6156442 0.6854838 0.6049178 0.702888 0.6156442 0.6854838 0.6156442 0.6854838 0.6049178 0.720292 0.6049178 0.720292 0.6156442 0.702888 0.6049178 0.720292 0.6156442 0.702888 0.6156442 0.702888 0.6049178 0.7376963 0.6049178 0.720292 0.6049178 0.720292 0.5941915 0.7376963 0.5941915 0.7376963 0.6049178 0.720292 0.5941915 0.7376963 0.6156442 0.720292 0.6156442 0.720292 0.6049178 0.7376963 0.6049178 0.7376963 0.6156442 0.720292 0.6049178 0.702888 0.6156442 0.702888 0.6263704 0.6854838 0.6156442 0.702888 0.6263704 0.6854838 0.6263704 0.6854838 0.6156442 0.6854838 0.6263704 0.702888 0.6263704 0.694186 0.6370968 0.720292 0.6263704 0.702888 0.6263704 0.702888 0.6156442 0.702888 0.6263704 0.720292 0.6263704 0.7115901 0.6370968 0.720292 0.6156442 0.720292 0.6263704 0.702888 0.6156442 0.7376963 0.6263704 0.720292 0.6263704 0.720292 0.6156442 0.720292 0.6263704 0.7376963 0.6263704 0.7289942 0.6370968 0.7376963 0.6156442 0.7376963 0.6263704 0.720292 0.6156442 0.7376963 0.6263704 0.7551004 0.6263704 0.7463982 0.6370968 0.7551004 0.6263704 0.7376963 0.6263704 0.7376963 0.6156442 0.7551004 0.6156442 0.7551004 0.6263704 0.7376963 0.6156442 0.7551004 0.6156442 0.7376963 0.6156442 0.7376963 0.6049178 0.7551004 0.6263704 0.7725045 0.6263704 0.7638024 0.6370968 0.7725045 0.6263704 0.7551004 0.6263704 0.7551004 0.6156442 0.7551004 0.6049178 0.7551004 0.6156442 0.7376963 0.6049178 0.7551004 0.6049178 0.7376963 0.6049178 0.7376963 0.5941915 0.7725045 0.6156442 0.7725045 0.6263704 0.7551004 0.6156442 0.7725045 0.6156442 0.7551004 0.6156442 0.7551004 0.6049178 0.7725045 0.6263704 0.7899087 0.6263704 0.7812066 0.6370968 0.7899087 0.6263704 0.7725045 0.6263704 0.7725045 0.6156442 0.7551004 0.5941915 0.7551004 0.6049178 0.7376963 0.5941915 0.7551004 0.5941915 0.7376963 0.5941915 0.7376963 0.5834652 0.7551004 0.5834652 0.7551004 0.5941915 0.7376963 0.5834652 0.7725045 0.5941915 0.7551004 0.5941915 0.7551004 0.5834652 0.7725045 0.6049178 0.7551004 0.6049178 0.7551004 0.5941915 0.7725045 0.5941915 0.7725045 0.6049178 0.7551004 0.5941915 0.7725045 0.6049178 0.7725045 0.6156442 0.7551004 0.6049178 0.7899087 0.6049178 0.7725045 0.6049178 0.7725045 0.5941915 0.7899087 0.5941915 0.7899087 0.6049178 0.7725045 0.5941915 0.8073127 0.6049178 0.7899087 0.6049178 0.7899087 0.5941915 0.7899087 0.6156442 0.7725045 0.6156442 0.7725045 0.6049178 0.7899087 0.6049178 0.7899087 0.6156442 0.7725045 0.6049178 0.7899087 0.6156442 0.7899087 0.6263704 0.7725045 0.6156442 0.8073127 0.6049178 0.8073127 0.6156442 0.7899087 0.6049178 0.8073127 0.6156442 0.7899087 0.6156442 0.7899087 0.6049178 0.8247168 0.6156442 0.8073127 0.6156442 0.8073127 0.6049178 0.8247168 0.6156442 0.8247168 0.6263704 0.8073127 0.6156442 0.8073127 0.6263704 0.7899087 0.6263704 0.7899087 0.6156442 0.8073127 0.6156442 0.8073127 0.6263704 0.7899087 0.6156442 0.8247168 0.6263704 0.8073127 0.6263704 0.8073127 0.6156442 0.7899087 0.6263704 0.8073127 0.6263704 0.7986107 0.6370968 0.8073127 0.6263704 0.8247168 0.6263704 0.8160148 0.6370968 0.7472965 0.3121737 0.7355377 0.3121737 0.7414171 0.3049266 0.7472965 0.3121737 0.7472965 0.3194208 0.7355377 0.3121737 0.7472965 0.3194208 0.7355377 0.3194208 0.7355377 0.3121737 0.7472965 0.3194208 0.7472965 0.3266678 0.7355377 0.3194208 0.7355377 0.3121737 0.7237789 0.3121737 0.7296583 0.3049266 0.7355377 0.3121737 0.7355377 0.3194208 0.7237789 0.3121737 0.7472965 0.3266678 0.7355377 0.3266678 0.7355377 0.3194208 0.7472965 0.3266678 0.7472965 0.3339149 0.7355377 0.3266678 0.7355377 0.3194208 0.7237789 0.3194208 0.7237789 0.3121737 0.7355377 0.3194208 0.7355377 0.3266678 0.7237789 0.3194208 0.7237789 0.3121737 0.7120199 0.3121737 0.7178994 0.3049266 0.7237789 0.3121737 0.7237789 0.3194208 0.7120199 0.3121737 0.7472965 0.3339149 0.7355377 0.3339149 0.7355377 0.3266678 0.7472965 0.3339149 0.7472965 0.341162 0.7355377 0.3339149 0.7355377 0.3266678 0.7237789 0.3266678 0.7237789 0.3194208 0.7355377 0.3266678 0.7355377 0.3339149 0.7237789 0.3266678 0.7237789 0.3194208 0.7120199 0.3194208 0.7120199 0.3121737 0.7237789 0.3194208 0.7237789 0.3266678 0.7120199 0.3194208 0.7120199 0.3121737 0.7002611 0.3121737 0.7061405 0.3049266 0.7120199 0.3121737 0.7120199 0.3194208 0.7002611 0.3121737 0.7472965 0.341162 0.7355377 0.341162 0.7355377 0.3339149 0.7472965 0.341162 0.7472965 0.3484091 0.7355377 0.341162 0.7355377 0.3339149 0.7237789 0.3339149 0.7237789 0.3266678 0.7355377 0.3339149 0.7355377 0.341162 0.7237789 0.3339149 0.7237789 0.3266678 0.7120199 0.3266678 0.7120199 0.3194208 0.7237789 0.3266678 0.7237789 0.3339149 0.7120199 0.3266678 0.7120199 0.3194208 0.7002611 0.3194208 0.7002611 0.3121737 0.7120199 0.3194208 0.7120199 0.3266678 0.7002611 0.3194208 0.7002611 0.3121737 0.6885023 0.3121737 0.6943817 0.3049266 0.7002611 0.3121737 0.7002611 0.3194208 0.6885023 0.3121737 0.7237789 0.3339149 0.7120199 0.3339149 0.7120199 0.3266678 0.7120199 0.3266678 0.7002611 0.3266678 0.7002611 0.3194208 0.7120199 0.3266678 0.7120199 0.3339149 0.7002611 0.3266678 0.7002611 0.3194208 0.6885023 0.3194208 0.6885023 0.3121737 0.7002611 0.3194208 0.7002611 0.3266678 0.6885023 0.3194208 0.6885023 0.3121737 0.6767434 0.3121737 0.6826229 0.3049266 0.6885023 0.3121737 0.6885023 0.3194208 0.6767434 0.3121737 0.6767434 0.3121737 0.6649846 0.3121737 0.670864 0.3049266 0.6885023 0.3194208 0.6767434 0.3194208 0.6767434 0.3121737 0.6767434 0.3121737 0.6767434 0.3194208 0.6649846 0.3121737 0.7002611 0.3266678 0.6885023 0.3266678 0.6885023 0.3194208 0.6885023 0.3194208 0.6885023 0.3266678 0.6767434 0.3194208 0.6649846 0.3121737 0.6532258 0.3121737 0.6591052 0.3049266 0.6649846 0.3121737 0.6649846 0.3194208 0.6532258 0.3121737 0.6767434 0.3194208 0.6649846 0.3194208 0.6649846 0.3121737 0.6649846 0.3194208 0.6532258 0.3194208 0.6532258 0.3121737 0.6767434 0.3194208 0.6767434 0.3266678 0.6649846 0.3194208 0.6885023 0.3266678 0.6767434 0.3266678 0.6767434 0.3194208 0.6649846 0.3194208 0.6649846 0.3266678 0.6532258 0.3194208 0.6767434 0.3266678 0.6649846 0.3266678 0.6649846 0.3194208 0.6649846 0.3266678 0.6532258 0.3266678 0.6532258 0.3194208 0.6885023 0.3266678 0.6885023 0.3339149 0.6767434 0.3266678 0.6649846 0.3266678 0.6649846 0.3339149 0.6532258 0.3266678 0.6649846 0.3339149 0.6532258 0.3339149 0.6532258 0.3266678 0.6767434 0.3266678 0.6767434 0.3339149 0.6649846 0.3266678 0.6767434 0.3339149 0.6649846 0.3339149 0.6649846 0.3266678 0.6885023 0.3339149 0.6767434 0.3339149 0.6767434 0.3266678 0.6649846 0.3339149 0.6649846 0.341162 0.6532258 0.3339149 0.6649846 0.341162 0.6532258 0.341162 0.6532258 0.3339149 0.6767434 0.3339149 0.6767434 0.341162 0.6649846 0.3339149 0.6767434 0.341162 0.6649846 0.341162 0.6649846 0.3339149 0.6649846 0.341162 0.6649846 0.3484091 0.6532258 0.341162 0.6649846 0.3484091 0.6532258 0.3484091 0.6532258 0.341162 0.6767434 0.341162 0.6767434 0.3484091 0.6649846 0.341162 0.6767434 0.3484091 0.6649846 0.3484091 0.6649846 0.341162 0.6885023 0.341162 0.6767434 0.341162 0.6767434 0.3339149 0.6885023 0.3339149 0.6885023 0.341162 0.6767434 0.3339149 0.6885023 0.3484091 0.6767434 0.3484091 0.6767434 0.341162 0.6885023 0.341162 0.6885023 0.3484091 0.6767434 0.341162 0.6649846 0.3484091 0.6649846 0.3556562 0.6532258 0.3484091 0.6649846 0.3556562 0.6532258 0.3556562 0.6532258 0.3484091 0.6532258 0.3556562 0.6649846 0.3556562 0.6591052 0.3629032 0.6767434 0.3556562 0.6649846 0.3556562 0.6649846 0.3484091 0.6649846 0.3556562 0.6767434 0.3556562 0.670864 0.3629032 0.6767434 0.3484091 0.6767434 0.3556562 0.6649846 0.3484091 0.6885023 0.3556562 0.6767434 0.3556562 0.6767434 0.3484091 0.6767434 0.3556562 0.6885023 0.3556562 0.6826229 0.3629032 0.6885023 0.3484091 0.6885023 0.3556562 0.6767434 0.3484091 0.6885023 0.3556562 0.7002611 0.3556562 0.6943817 0.3629032 0.7002611 0.3556562 0.6885023 0.3556562 0.6885023 0.3484091 0.7002611 0.3484091 0.7002611 0.3556562 0.6885023 0.3484091 0.7002611 0.3484091 0.6885023 0.3484091 0.6885023 0.341162 0.7002611 0.3556562 0.7120199 0.3556562 0.7061405 0.3629032 0.7120199 0.3556562 0.7002611 0.3556562 0.7002611 0.3484091 0.7002611 0.341162 0.7002611 0.3484091 0.6885023 0.341162 0.7002611 0.341162 0.6885023 0.341162 0.6885023 0.3339149 0.7120199 0.3484091 0.7120199 0.3556562 0.7002611 0.3484091 0.7120199 0.3484091 0.7002611 0.3484091 0.7002611 0.341162 0.7120199 0.3556562 0.7237789 0.3556562 0.7178994 0.3629032 0.7237789 0.3556562 0.7120199 0.3556562 0.7120199 0.3484091 0.7002611 0.3339149 0.7002611 0.341162 0.6885023 0.3339149 0.7002611 0.3339149 0.6885023 0.3339149 0.6885023 0.3266678 0.7002611 0.3266678 0.7002611 0.3339149 0.6885023 0.3266678 0.7120199 0.3339149 0.7002611 0.3339149 0.7002611 0.3266678 0.7120199 0.341162 0.7002611 0.341162 0.7002611 0.3339149 0.7120199 0.3339149 0.7120199 0.341162 0.7002611 0.3339149 0.7120199 0.341162 0.7120199 0.3484091 0.7002611 0.341162 0.7237789 0.341162 0.7120199 0.341162 0.7120199 0.3339149 0.7237789 0.3339149 0.7237789 0.341162 0.7120199 0.3339149 0.7355377 0.341162 0.7237789 0.341162 0.7237789 0.3339149 0.7237789 0.3484091 0.7120199 0.3484091 0.7120199 0.341162 0.7237789 0.341162 0.7237789 0.3484091 0.7120199 0.341162 0.7237789 0.3484091 0.7237789 0.3556562 0.7120199 0.3484091 0.7355377 0.341162 0.7355377 0.3484091 0.7237789 0.341162 0.7355377 0.3484091 0.7237789 0.3484091 0.7237789 0.341162 0.7472965 0.3484091 0.7355377 0.3484091 0.7355377 0.341162 0.7472965 0.3484091 0.7472965 0.3556562 0.7355377 0.3484091 0.7355377 0.3556562 0.7237789 0.3556562 0.7237789 0.3484091 0.7355377 0.3484091 0.7355377 0.3556562 0.7237789 0.3484091 0.7472965 0.3556562 0.7355377 0.3556562 0.7355377 0.3484091 0.7237789 0.3556562 0.7355377 0.3556562 0.7296583 0.3629032 0.7355377 0.3556562 0.7472965 0.3556562 0.7414171 0.3629032 0.6021352 0.2637867 0.5903764 0.2637867 0.5962558 0.2565397 0.6021352 0.2637867 0.6021352 0.2710338 0.5903764 0.2637867 0.6021352 0.2710338 0.5903764 0.2710338 0.5903764 0.2637867 0.6021352 0.2710338 0.6021352 0.2782808 0.5903764 0.2710338 0.5903764 0.2637867 0.5786176 0.2637867 0.584497 0.2565397 0.5903764 0.2637867 0.5903764 0.2710338 0.5786176 0.2637867 0.6021352 0.2782808 0.5903764 0.2782808 0.5903764 0.2710338 0.6021352 0.2782808 0.6021352 0.2855279 0.5903764 0.2782808 0.5903764 0.2710338 0.5786176 0.2710338 0.5786176 0.2637867 0.5903764 0.2710338 0.5903764 0.2782808 0.5786176 0.2710338 0.5786176 0.2637867 0.5668587 0.2637867 0.5727382 0.2565397 0.5786176 0.2637867 0.5786176 0.2710338 0.5668587 0.2637867 0.6021352 0.2855279 0.5903764 0.2855279 0.5903764 0.2782808 0.6021352 0.2855279 0.6021352 0.2927749 0.5903764 0.2855279 0.5903764 0.2782808 0.5786176 0.2782808 0.5786176 0.2710338 0.5903764 0.2782808 0.5903764 0.2855279 0.5786176 0.2782808 0.5786176 0.2710338 0.5668587 0.2710338 0.5668587 0.2637867 0.5786176 0.2710338 0.5786176 0.2782808 0.5668587 0.2710338 0.5668587 0.2637867 0.5550999 0.2637867 0.5609793 0.2565397 0.5668587 0.2637867 0.5668587 0.2710338 0.5550999 0.2637867 0.6021352 0.2927749 0.5903764 0.2927749 0.5903764 0.2855279 0.6021352 0.2927749 0.6021352 0.300022 0.5903764 0.2927749 0.5903764 0.2855279 0.5786176 0.2855279 0.5786176 0.2782808 0.5903764 0.2855279 0.5903764 0.2927749 0.5786176 0.2855279 0.5786176 0.2782808 0.5668587 0.2782808 0.5668587 0.2710338 0.5786176 0.2782808 0.5786176 0.2855279 0.5668587 0.2782808 0.5668587 0.2710338 0.5550999 0.2710338 0.5550999 0.2637867 0.5668587 0.2710338 0.5668587 0.2782808 0.5550999 0.2710338 0.5550999 0.2637867 0.5433411 0.2637867 0.5492205 0.2565397 0.5550999 0.2637867 0.5550999 0.2710338 0.5433411 0.2637867 0.5786176 0.2855279 0.5668587 0.2855279 0.5668587 0.2782808 0.5668587 0.2782808 0.5550999 0.2782808 0.5550999 0.2710338 0.5668587 0.2782808 0.5668587 0.2855279 0.5550999 0.2782808 0.5550999 0.2710338 0.5433411 0.2710338 0.5433411 0.2637867 0.5550999 0.2710338 0.5550999 0.2782808 0.5433411 0.2710338 0.5433411 0.2637867 0.5315821 0.2637867 0.5374616 0.2565397 0.5433411 0.2637867 0.5433411 0.2710338 0.5315821 0.2637867 0.5315821 0.2637867 0.5198233 0.2637867 0.5257028 0.2565397 0.5433411 0.2710338 0.5315821 0.2710338 0.5315821 0.2637867 0.5315821 0.2637867 0.5315821 0.2710338 0.5198233 0.2637867 0.5550999 0.2782808 0.5433411 0.2782808 0.5433411 0.2710338 0.5433411 0.2710338 0.5433411 0.2782808 0.5315821 0.2710338 0.5198233 0.2637867 0.5080645 0.2637867 0.5139439 0.2565397 0.5198233 0.2637867 0.5198233 0.2710338 0.5080645 0.2637867 0.5315821 0.2710338 0.5198233 0.2710338 0.5198233 0.2637867 0.5198233 0.2710338 0.5080645 0.2710338 0.5080645 0.2637867 0.5315821 0.2710338 0.5315821 0.2782808 0.5198233 0.2710338 0.5433411 0.2782808 0.5315821 0.2782808 0.5315821 0.2710338 0.5198233 0.2710338 0.5198233 0.2782808 0.5080645 0.2710338 0.5315821 0.2782808 0.5198233 0.2782808 0.5198233 0.2710338 0.5198233 0.2782808 0.5080645 0.2782808 0.5080645 0.2710338 0.5433411 0.2782808 0.5433411 0.2855279 0.5315821 0.2782808 0.5198233 0.2782808 0.5198233 0.2855279 0.5080645 0.2782808 0.5198233 0.2855279 0.5080645 0.2855279 0.5080645 0.2782808 0.5315821 0.2782808 0.5315821 0.2855279 0.5198233 0.2782808 0.5315821 0.2855279 0.5198233 0.2855279 0.5198233 0.2782808 0.5433411 0.2855279 0.5315821 0.2855279 0.5315821 0.2782808 0.5198233 0.2855279 0.5198233 0.2927749 0.5080645 0.2855279 0.5198233 0.2927749 0.5080645 0.2927749 0.5080645 0.2855279 0.5315821 0.2855279 0.5315821 0.2927749 0.5198233 0.2855279 0.5315821 0.2927749 0.5198233 0.2927749 0.5198233 0.2855279 0.5198233 0.2927749 0.5198233 0.300022 0.5080645 0.2927749 0.5198233 0.300022 0.5080645 0.300022 0.5080645 0.2927749 0.5315821 0.2927749 0.5315821 0.300022 0.5198233 0.2927749 0.5315821 0.300022 0.5198233 0.300022 0.5198233 0.2927749 0.5433411 0.2927749 0.5315821 0.2927749 0.5315821 0.2855279 0.5433411 0.2855279 0.5433411 0.2927749 0.5315821 0.2855279 0.5433411 0.300022 0.5315821 0.300022 0.5315821 0.2927749 0.5433411 0.2927749 0.5433411 0.300022 0.5315821 0.2927749 0.5198233 0.300022 0.5198233 0.3072691 0.5080645 0.300022 0.5198233 0.3072691 0.5080645 0.3072691 0.5080645 0.300022 0.5080645 0.3072691 0.5198233 0.3072691 0.5139439 0.3145161 0.5315821 0.3072691 0.5198233 0.3072691 0.5198233 0.300022 0.5198233 0.3072691 0.5315821 0.3072691 0.5257028 0.3145161 0.5315821 0.300022 0.5315821 0.3072691 0.5198233 0.300022 0.5433411 0.3072691 0.5315821 0.3072691 0.5315821 0.300022 0.5315821 0.3072691 0.5433411 0.3072691 0.5374616 0.3145161 0.5433411 0.300022 0.5433411 0.3072691 0.5315821 0.300022 0.5433411 0.3072691 0.5550999 0.3072691 0.5492205 0.3145161 0.5550999 0.3072691 0.5433411 0.3072691 0.5433411 0.300022 0.5550999 0.300022 0.5550999 0.3072691 0.5433411 0.300022 0.5550999 0.300022 0.5433411 0.300022 0.5433411 0.2927749 0.5550999 0.3072691 0.5668587 0.3072691 0.5609793 0.3145161 0.5668587 0.3072691 0.5550999 0.3072691 0.5550999 0.300022 0.5550999 0.2927749 0.5550999 0.300022 0.5433411 0.2927749 0.5550999 0.2927749 0.5433411 0.2927749 0.5433411 0.2855279 0.5668587 0.300022 0.5668587 0.3072691 0.5550999 0.300022 0.5668587 0.300022 0.5550999 0.300022 0.5550999 0.2927749 0.5668587 0.3072691 0.5786176 0.3072691 0.5727382 0.3145161 0.5786176 0.3072691 0.5668587 0.3072691 0.5668587 0.300022 0.5550999 0.2855279 0.5550999 0.2927749 0.5433411 0.2855279 0.5550999 0.2855279 0.5433411 0.2855279 0.5433411 0.2782808 0.5550999 0.2782808 0.5550999 0.2855279 0.5433411 0.2782808 0.5668587 0.2855279 0.5550999 0.2855279 0.5550999 0.2782808 0.5668587 0.2927749 0.5550999 0.2927749 0.5550999 0.2855279 0.5668587 0.2855279 0.5668587 0.2927749 0.5550999 0.2855279 0.5668587 0.2927749 0.5668587 0.300022 0.5550999 0.2927749 0.5786176 0.2927749 0.5668587 0.2927749 0.5668587 0.2855279 0.5786176 0.2855279 0.5786176 0.2927749 0.5668587 0.2855279 0.5903764 0.2927749 0.5786176 0.2927749 0.5786176 0.2855279 0.5786176 0.300022 0.5668587 0.300022 0.5668587 0.2927749 0.5786176 0.2927749 0.5786176 0.300022 0.5668587 0.2927749 0.5786176 0.300022 0.5786176 0.3072691 0.5668587 0.300022 0.5903764 0.2927749 0.5903764 0.300022 0.5786176 0.2927749 0.5903764 0.300022 0.5786176 0.300022 0.5786176 0.2927749 0.6021352 0.300022 0.5903764 0.300022 0.5903764 0.2927749 0.6021352 0.300022 0.6021352 0.3072691 0.5903764 0.300022 0.5903764 0.3072691 0.5786176 0.3072691 0.5786176 0.300022 0.5903764 0.300022 0.5903764 0.3072691 0.5786176 0.300022 0.6021352 0.3072691 0.5903764 0.3072691 0.5903764 0.300022 0.5786176 0.3072691 0.5903764 0.3072691 0.584497 0.3145161 0.5903764 0.3072691 0.6021352 0.3072691 0.5962558 0.3145161 0.4620198 0.1048387 0.4620198 0.09307998 0.4692668 0.09895938 0.4620198 0.1048387 0.4547727 0.1048387 0.4620198 0.09307998 0.4547727 0.1048387 0.4547727 0.09307998 0.4620198 0.09307998 0.4547727 0.1048387 0.4475256 0.1048387 0.4547727 0.09307998 0.4620198 0.09307998 0.4620198 0.08132123 0.4692668 0.08720064 0.4620198 0.09307998 0.4547727 0.09307998 0.4620198 0.08132123 0.4475256 0.1048387 0.4475256 0.09307998 0.4547727 0.09307998 0.4475256 0.1048387 0.4402785 0.1048387 0.4475256 0.09307998 0.4547727 0.09307998 0.4547727 0.08132123 0.4620198 0.08132123 0.4547727 0.09307998 0.4475256 0.09307998 0.4547727 0.08132123 0.4620198 0.08132123 0.4620198 0.06956237 0.4692668 0.07544177 0.4620198 0.08132123 0.4547727 0.08132123 0.4620198 0.06956237 0.4402785 0.1048387 0.4402785 0.09307998 0.4475256 0.09307998 0.4402785 0.1048387 0.4330315 0.1048387 0.4402785 0.09307998 0.4475256 0.09307998 0.4475256 0.08132123 0.4547727 0.08132123 0.4475256 0.09307998 0.4402785 0.09307998 0.4475256 0.08132123 0.4547727 0.08132123 0.4547727 0.06956237 0.4620198 0.06956237 0.4547727 0.08132123 0.4475256 0.08132123 0.4547727 0.06956237 0.4620198 0.06956237 0.4620198 0.05780363 0.4692668 0.06368291 0.4620198 0.06956237 0.4547727 0.06956237 0.4620198 0.05780363 0.4330315 0.1048387 0.4330315 0.09307998 0.4402785 0.09307998 0.4330315 0.1048387 0.4257844 0.1048387 0.4330315 0.09307998 0.4402785 0.09307998 0.4402785 0.08132123 0.4475256 0.08132123 0.4402785 0.09307998 0.4330315 0.09307998 0.4402785 0.08132123 0.4475256 0.08132123 0.4475256 0.06956237 0.4547727 0.06956237 0.4475256 0.08132123 0.4402785 0.08132123 0.4475256 0.06956237 0.4547727 0.06956237 0.4547727 0.05780363 0.4620198 0.05780363 0.4547727 0.06956237 0.4475256 0.06956237 0.4547727 0.05780363 0.4620198 0.05780363 0.4620198 0.04604482 0.4692668 0.0519241 0.4620198 0.05780363 0.4547727 0.05780363 0.4620198 0.04604482 0.4402785 0.08132123 0.4402785 0.06956237 0.4475256 0.06956237 0.4475256 0.06956237 0.4475256 0.05780363 0.4547727 0.05780363 0.4475256 0.06956237 0.4402785 0.06956237 0.4475256 0.05780363 0.4547727 0.05780363 0.4547727 0.04604482 0.4620198 0.04604482 0.4547727 0.05780363 0.4475256 0.05780363 0.4547727 0.04604482 0.4620198 0.04604482 0.4620198 0.0342859 0.4692668 0.04016542 0.4620198 0.04604482 0.4547727 0.04604482 0.4620198 0.0342859 0.4620198 0.0342859 0.4620198 0.02252715 0.4692668 0.02840662 0.4547727 0.04604482 0.4547727 0.0342859 0.4620198 0.0342859 0.4620198 0.0342859 0.4547727 0.0342859 0.4620198 0.02252715 0.4475256 0.05780363 0.4475256 0.04604482 0.4547727 0.04604482 0.4547727 0.04604482 0.4475256 0.04604482 0.4547727 0.0342859 0.4620198 0.02252715 0.4620198 0.01076841 0.4692668 0.01664781 0.4620198 0.02252715 0.4547727 0.02252715 0.4620198 0.01076841 0.4547727 0.0342859 0.4547727 0.02252715 0.4620198 0.02252715 0.4547727 0.02252715 0.4547727 0.01076841 0.4620198 0.01076841 0.4547727 0.0342859 0.4475256 0.0342859 0.4547727 0.02252715 0.4475256 0.04604482 0.4475256 0.0342859 0.4547727 0.0342859 0.4547727 0.02252715 0.4475256 0.02252715 0.4547727 0.01076841 0.4475256 0.0342859 0.4475256 0.02252715 0.4547727 0.02252715 0.4475256 0.02252715 0.4475256 0.01076841 0.4547727 0.01076841 0.4475256 0.04604482 0.4402785 0.04604482 0.4475256 0.0342859 0.4475256 0.02252715 0.4402785 0.02252715 0.4475256 0.01076841 0.4402785 0.02252715 0.4402785 0.01076841 0.4475256 0.01076841 0.4475256 0.0342859 0.4402785 0.0342859 0.4475256 0.02252715 0.4402785 0.0342859 0.4402785 0.02252715 0.4475256 0.02252715 0.4402785 0.04604482 0.4402785 0.0342859 0.4475256 0.0342859 0.4402785 0.02252715 0.4330315 0.02252715 0.4402785 0.01076841 0.4330315 0.02252715 0.4330315 0.01076841 0.4402785 0.01076841 0.4402785 0.0342859 0.4330315 0.0342859 0.4402785 0.02252715 0.4330315 0.0342859 0.4330315 0.02252715 0.4402785 0.02252715 0.4330315 0.02252715 0.4257844 0.02252715 0.4330315 0.01076841 0.4257844 0.02252715 0.4257844 0.01076841 0.4330315 0.01076841 0.4330315 0.0342859 0.4257844 0.0342859 0.4330315 0.02252715 0.4257844 0.0342859 0.4257844 0.02252715 0.4330315 0.02252715 0.4330315 0.04604482 0.4330315 0.0342859 0.4402785 0.0342859 0.4402785 0.04604482 0.4330315 0.04604482 0.4402785 0.0342859 0.4257844 0.04604482 0.4257844 0.0342859 0.4330315 0.0342859 0.4330315 0.04604482 0.4257844 0.04604482 0.4330315 0.0342859 0.4257844 0.02252715 0.4185374 0.02252715 0.4257844 0.01076841 0.4185374 0.02252715 0.4185374 0.01076841 0.4257844 0.01076841 0.4185374 0.01076841 0.4185374 0.02252715 0.4112903 0.01664781 0.4185374 0.0342859 0.4185374 0.02252715 0.4257844 0.02252715 0.4185374 0.02252715 0.4185374 0.0342859 0.4112903 0.02840662 0.4257844 0.0342859 0.4185374 0.0342859 0.4257844 0.02252715 0.4185374 0.04604482 0.4185374 0.0342859 0.4257844 0.0342859 0.4185374 0.0342859 0.4185374 0.04604482 0.4112903 0.04016542 0.4257844 0.04604482 0.4185374 0.04604482 0.4257844 0.0342859 0.4185374 0.04604482 0.4185374 0.05780363 0.4112903 0.0519241 0.4185374 0.05780363 0.4185374 0.04604482 0.4257844 0.04604482 0.4257844 0.05780363 0.4185374 0.05780363 0.4257844 0.04604482 0.4257844 0.05780363 0.4257844 0.04604482 0.4330315 0.04604482 0.4185374 0.05780363 0.4185374 0.06956237 0.4112903 0.06368291 0.4185374 0.06956237 0.4185374 0.05780363 0.4257844 0.05780363 0.4330315 0.05780363 0.4257844 0.05780363 0.4330315 0.04604482 0.4330315 0.05780363 0.4330315 0.04604482 0.4402785 0.04604482 0.4257844 0.06956237 0.4185374 0.06956237 0.4257844 0.05780363 0.4257844 0.06956237 0.4257844 0.05780363 0.4330315 0.05780363 0.4185374 0.06956237 0.4185374 0.08132123 0.4112903 0.07544177 0.4185374 0.08132123 0.4185374 0.06956237 0.4257844 0.06956237 0.4402785 0.05780363 0.4330315 0.05780363 0.4402785 0.04604482 0.4402785 0.05780363 0.4402785 0.04604482 0.4475256 0.04604482 0.4475256 0.05780363 0.4402785 0.05780363 0.4475256 0.04604482 0.4402785 0.06956237 0.4402785 0.05780363 0.4475256 0.05780363 0.4330315 0.06956237 0.4330315 0.05780363 0.4402785 0.05780363 0.4402785 0.06956237 0.4330315 0.06956237 0.4402785 0.05780363 0.4330315 0.06956237 0.4257844 0.06956237 0.4330315 0.05780363 0.4330315 0.08132123 0.4330315 0.06956237 0.4402785 0.06956237 0.4402785 0.08132123 0.4330315 0.08132123 0.4402785 0.06956237 0.4330315 0.09307998 0.4330315 0.08132123 0.4402785 0.08132123 0.4257844 0.08132123 0.4257844 0.06956237 0.4330315 0.06956237 0.4330315 0.08132123 0.4257844 0.08132123 0.4330315 0.06956237 0.4257844 0.08132123 0.4185374 0.08132123 0.4257844 0.06956237 0.4330315 0.09307998 0.4257844 0.09307998 0.4330315 0.08132123 0.4257844 0.09307998 0.4257844 0.08132123 0.4330315 0.08132123 0.4257844 0.1048387 0.4257844 0.09307998 0.4330315 0.09307998 0.4257844 0.1048387 0.4185374 0.1048387 0.4257844 0.09307998 0.4185374 0.09307998 0.4185374 0.08132123 0.4257844 0.08132123 0.4257844 0.09307998 0.4185374 0.09307998 0.4257844 0.08132123 0.4185374 0.1048387 0.4185374 0.09307998 0.4257844 0.09307998 0.4185374 0.08132123 0.4185374 0.09307998 0.4112903 0.08720064 0.4185374 0.09307998 0.4185374 0.1048387 0.4112903 0.09895938 0.9457941 0.08870971 0.9435485 0.08870971 0.9435485 0.07971489 0.9457941 0.07971489 0.9457941 0.08870971 0.9435485 0.07971489 0.9435485 0.07971489 0.9435485 0.07521748 0.9457941 0.07971489 0.9457941 0.08870971 0.9457941 0.07971489 0.9480395 0.07971489 0.9480395 0.08870971 0.9457941 0.08870971 0.9480395 0.07971489 0.9480395 0.08870971 0.9480395 0.07971489 0.9502851 0.08870971 0.9435485 0.07521748 0.945794 0.07521748 0.9457941 0.07971489 0.945794 0.07521748 0.9435485 0.07521748 0.9435485 0.06622266 0.9480395 0.07521748 0.9480395 0.07971489 0.9457941 0.07971489 0.945794 0.07521748 0.9480395 0.07521748 0.9457941 0.07971489 0.9480395 0.07971489 0.9502851 0.07971489 0.9502851 0.08870971 0.9502851 0.07971489 0.9480395 0.07971489 0.9480395 0.07521748 0.9525306 0.07971489 0.9525306 0.08870971 0.9502851 0.08870971 0.9502851 0.07971489 0.9525306 0.07971489 0.9502851 0.08870971 0.9525306 0.07521748 0.9525306 0.07971489 0.9502851 0.07971489 0.9502851 0.07521748 0.9525306 0.07521748 0.9502851 0.07971489 0.9502851 0.07521748 0.9502851 0.07971489 0.9480395 0.07521748 0.9525306 0.06622266 0.9525306 0.07521748 0.9502851 0.07521748 0.9480395 0.07521748 0.9480395 0.06622266 0.9502851 0.07521748 0.9480395 0.07521748 0.945794 0.07521748 0.9480395 0.06622266 0.9502851 0.06622266 0.9525306 0.06622266 0.9502851 0.07521748 0.9480395 0.06622266 0.9502851 0.06622266 0.9502851 0.07521748 0.9525305 0.05722784 0.9525306 0.06622266 0.9502851 0.06622266 0.945794 0.07521748 0.945794 0.06622266 0.9480395 0.06622266 0.945794 0.06622266 0.945794 0.07521748 0.9435485 0.06622266 0.945794 0.06622266 0.9435485 0.06622266 0.9435484 0.05722784 0.9480395 0.06622266 0.9480395 0.05722784 0.9502851 0.06622266 0.9480395 0.06622266 0.945794 0.06622266 0.9480395 0.05722784 0.950285 0.05722784 0.9525305 0.05722784 0.9502851 0.06622266 0.9480395 0.05722784 0.950285 0.05722784 0.9502851 0.06622266 0.9525305 0.05273044 0.9525305 0.05722784 0.950285 0.05722784 0.9457939 0.05722784 0.945794 0.06622266 0.9435484 0.05722784 0.945794 0.06622266 0.9457939 0.05722784 0.9480395 0.05722784 0.9435484 0.05722784 0.9435484 0.05273044 0.9457939 0.05722784 0.950285 0.05722784 0.9480395 0.05722784 0.9480395 0.05273044 0.9480395 0.05273044 0.9480395 0.05722784 0.9457939 0.05722784 0.950285 0.05273044 0.9525305 0.05273044 0.950285 0.05722784 0.950285 0.05273044 0.950285 0.05722784 0.9480395 0.05273044 0.9525305 0.03923821 0.9525305 0.05273044 0.950285 0.05273044 0.950285 0.03923821 0.9525305 0.03923821 0.950285 0.05273044 0.9480394 0.03923821 0.950285 0.03923821 0.950285 0.05273044 0.9480395 0.05273044 0.9480394 0.03923821 0.950285 0.05273044 0.9457939 0.05273044 0.9480395 0.05273044 0.9457939 0.05722784 0.9480395 0.05273044 0.9457939 0.05273044 0.9480394 0.03923821 0.9435484 0.05273044 0.9457939 0.05273044 0.9457939 0.05722784 0.9457939 0.05273044 0.9457939 0.03923827 0.9480394 0.03923821 0.9457939 0.05273044 0.9435484 0.05273044 0.9435483 0.03923827 0.9457939 0.03923827 0.9457939 0.05273044 0.9435483 0.03923827 0.653226 0.5887097 0.6532259 0.5849726 0.6555296 0.5887097 0.6532259 0.5849726 0.6555296 0.5849726 0.6555296 0.5887097 0.6532259 0.5849726 0.6532259 0.5812354 0.6555296 0.5849726 0.6555296 0.5849726 0.6578331 0.5849726 0.6555296 0.5887097 0.6578331 0.5849726 0.6578331 0.5887097 0.6555296 0.5887097 0.6601368 0.5887097 0.6578331 0.5887097 0.6578331 0.5849726 0.6532259 0.5812354 0.6555296 0.5812354 0.6555296 0.5849726 0.6532259 0.5812354 0.6532259 0.5774983 0.6555296 0.5812354 0.6624404 0.5849726 0.6624403 0.5887097 0.6601368 0.5887097 0.6601367 0.5849726 0.6624404 0.5849726 0.6601368 0.5887097 0.6601367 0.5849726 0.6601368 0.5887097 0.6578331 0.5849726 0.6624403 0.5812354 0.6624404 0.5849726 0.6601367 0.5849726 0.6578331 0.5812354 0.6578331 0.5849726 0.6555296 0.5849726 0.6601367 0.5849726 0.6578331 0.5849726 0.6578331 0.5812354 0.6555296 0.5812354 0.6578331 0.5812354 0.6555296 0.5849726 0.6601367 0.5812354 0.6624403 0.5812354 0.6601367 0.5849726 0.6601367 0.5812354 0.6601367 0.5849726 0.6578331 0.5812354 0.6624403 0.5774983 0.6624403 0.5812354 0.6601367 0.5812354 0.6578331 0.5774983 0.6578331 0.5812354 0.6555296 0.5812354 0.6601367 0.5812354 0.6578331 0.5812354 0.6578331 0.5774983 0.6601367 0.5774983 0.6624403 0.5774983 0.6601367 0.5812354 0.6601367 0.5774983 0.6601367 0.5812354 0.6578331 0.5774983 0.6624402 0.570024 0.6624403 0.5774983 0.6601367 0.5774983 0.6555295 0.5774983 0.6578331 0.5774983 0.6555296 0.5812354 0.6532259 0.5774983 0.6555295 0.5774983 0.6555296 0.5812354 0.6555295 0.5774983 0.6532259 0.5774983 0.6532259 0.570024 0.6578331 0.5774983 0.6578331 0.570024 0.6601367 0.5774983 0.6578331 0.5774983 0.6555295 0.5774983 0.6578331 0.570024 0.6601367 0.570024 0.6624402 0.570024 0.6601367 0.5774983 0.6578331 0.570024 0.6601367 0.570024 0.6601367 0.5774983 0.6624402 0.5625497 0.6624402 0.570024 0.6601367 0.570024 0.6555295 0.570024 0.6555295 0.5774983 0.6532259 0.570024 0.6555295 0.5774983 0.6555295 0.570024 0.6578331 0.570024 0.6555295 0.570024 0.6532259 0.570024 0.6532258 0.5625497 0.6578331 0.570024 0.657833 0.5625497 0.6601367 0.570024 0.6578331 0.570024 0.6555295 0.570024 0.657833 0.5625497 0.6601367 0.5625497 0.6624402 0.5625497 0.6601367 0.570024 0.657833 0.5625497 0.6601367 0.5625497 0.6601367 0.570024 0.6624402 0.5588126 0.6624402 0.5625497 0.6601367 0.5625497 0.6555294 0.5625497 0.6555295 0.570024 0.6532258 0.5625497 0.6555295 0.570024 0.6555294 0.5625497 0.657833 0.5625497 0.6532258 0.5625497 0.6532258 0.5588126 0.6555294 0.5625497 0.6601367 0.5625497 0.657833 0.5625497 0.657833 0.5588126 0.657833 0.5588126 0.657833 0.5625497 0.6555294 0.5625497 0.6601366 0.5588126 0.6624402 0.5588126 0.6601367 0.5625497 0.6601366 0.5588126 0.6601367 0.5625497 0.657833 0.5588126 0.6624402 0.5476012 0.6624402 0.5588126 0.6601366 0.5588126 0.6601366 0.5476012 0.6624402 0.5476012 0.6601366 0.5588126 0.657833 0.5476012 0.6601366 0.5476012 0.6601366 0.5588126 0.657833 0.5588126 0.657833 0.5476012 0.6601366 0.5588126 0.6555294 0.5588126 0.657833 0.5588126 0.6555294 0.5625497 0.657833 0.5588126 0.6555294 0.5588126 0.657833 0.5476012 0.6532258 0.5588126 0.6555294 0.5588126 0.6555294 0.5625497 0.6555294 0.5588126 0.6555294 0.5476012 0.657833 0.5476012 0.6555294 0.5588126 0.6532258 0.5588126 0.6532258 0.5476012 0.6555294 0.5476012 0.6555294 0.5588126 0.6532258 0.5476012 0.8629032 0.7527986 0.8696046 0.7527986 0.8629032 0.7561312 0.8696046 0.7527986 0.8696046 0.7561312 0.8629032 0.7561312 0.8696046 0.7561312 0.8696046 0.7527986 0.8830073 0.7527985 0.8696046 0.7561312 0.8696046 0.7594638 0.8629032 0.7561312 0.8696046 0.7594638 0.8629032 0.7594638 0.8629032 0.7561312 0.8629032 0.7627965 0.8629032 0.7594638 0.8696046 0.7594638 0.8830073 0.7561312 0.8696046 0.7561312 0.8830073 0.7527985 0.8830073 0.7561312 0.8830073 0.7527985 0.8964101 0.7527984 0.8696046 0.766129 0.8629032 0.766129 0.8629032 0.7627965 0.8696046 0.7627964 0.8696046 0.766129 0.8629032 0.7627965 0.8696046 0.7627964 0.8629032 0.7627965 0.8696046 0.7594638 0.8830073 0.766129 0.8696046 0.766129 0.8696046 0.7627964 0.8696046 0.7594638 0.8696046 0.7561312 0.8830073 0.7594637 0.8696046 0.7594638 0.8830073 0.7594637 0.8696046 0.7627964 0.8696046 0.7561312 0.8830073 0.7561312 0.8830073 0.7594637 0.8830073 0.7627964 0.8830073 0.766129 0.8696046 0.7627964 0.8830073 0.7594637 0.8830073 0.7627964 0.8696046 0.7627964 0.8964101 0.7661289 0.8830073 0.766129 0.8830073 0.7627964 0.8830073 0.7594637 0.8830073 0.7561312 0.8964101 0.7594637 0.8830073 0.7594637 0.8964101 0.7594637 0.8830073 0.7627964 0.8964101 0.7627964 0.8964101 0.7661289 0.8830073 0.7627964 0.8964101 0.7594637 0.8964101 0.7627964 0.8830073 0.7627964 0.9031114 0.7661289 0.8964101 0.7661289 0.8964101 0.7627964 0.8830073 0.7561312 0.8964101 0.7561311 0.8964101 0.7594637 0.8964101 0.7561311 0.8830073 0.7561312 0.8964101 0.7527984 0.8964101 0.7527984 0.9031114 0.7527984 0.8964101 0.7561311 0.8964101 0.7627964 0.8964101 0.7594637 0.9031114 0.7594637 0.9031114 0.7594637 0.8964101 0.7594637 0.8964101 0.7561311 0.9031114 0.7627963 0.9031114 0.7661289 0.8964101 0.7627964 0.9031114 0.7627963 0.8964101 0.7627964 0.9031114 0.7594637 0.9232155 0.7661288 0.9031114 0.7661289 0.9031114 0.7627963 0.9232155 0.7627963 0.9232155 0.7661288 0.9031114 0.7627963 0.9232155 0.7594636 0.9232155 0.7627963 0.9031114 0.7627963 0.9031114 0.7594637 0.9232155 0.7594636 0.9031114 0.7627963 0.9031114 0.7561311 0.9031114 0.7594637 0.8964101 0.7561311 0.9031114 0.7594637 0.9031114 0.7561311 0.9232155 0.7594636 0.9031114 0.7527984 0.9031114 0.7561311 0.8964101 0.7561311 0.9031114 0.7561311 0.9232155 0.756131 0.9232155 0.7594636 0.9031114 0.7561311 0.9031114 0.7527984 0.9232155 0.7527984 0.9232155 0.756131 0.9031114 0.7561311 0.9232155 0.7527984 0.1854839 0.7180716 0.2451295 0.7180715 0.1854839 0.7260538 0.2451295 0.7180715 0.2451296 0.7260537 0.1854839 0.7260538 0.2451295 0.7180715 0.3047753 0.7180715 0.2451296 0.7260537 0.2451296 0.7260537 0.2451297 0.7340358 0.1854839 0.7260538 0.2451297 0.7340358 0.1854839 0.7340358 0.1854839 0.7260538 0.1854839 0.742018 0.1854839 0.7340358 0.2451297 0.7340358 0.3047753 0.7180715 0.3047754 0.7260537 0.2451296 0.7260537 0.3047753 0.7180715 0.3644211 0.7180715 0.3047754 0.7260537 0.2451296 0.7500001 0.1854838 0.75 0.1854839 0.742018 0.2451297 0.7420179 0.2451296 0.7500001 0.1854839 0.742018 0.2451297 0.7420179 0.1854839 0.742018 0.2451297 0.7340358 0.3047753 0.75 0.2451296 0.7500001 0.2451297 0.7420179 0.3047755 0.7340357 0.2451297 0.7340358 0.2451296 0.7260537 0.2451297 0.7420179 0.2451297 0.7340358 0.3047755 0.7340357 0.3047754 0.7260537 0.3047755 0.7340357 0.2451296 0.7260537 0.3047755 0.7420179 0.3047753 0.75 0.2451297 0.7420179 0.3047755 0.7420179 0.2451297 0.7420179 0.3047755 0.7340357 0.3644211 0.75 0.3047753 0.75 0.3047755 0.7420179 0.3644212 0.7340357 0.3047755 0.7340357 0.3047754 0.7260537 0.3047755 0.7420179 0.3047755 0.7340357 0.3644212 0.7340357 0.3644212 0.7420178 0.3644211 0.75 0.3047755 0.7420179 0.3644212 0.7420178 0.3047755 0.7420179 0.3644212 0.7340357 0.4240669 0.7499999 0.3644211 0.75 0.3644212 0.7420178 0.3644211 0.7260536 0.3644212 0.7340357 0.3047754 0.7260537 0.3644211 0.7180715 0.3644211 0.7260536 0.3047754 0.7260537 0.3644211 0.7180715 0.4240669 0.7180714 0.3644211 0.7260536 0.3644212 0.7420178 0.3644212 0.7340357 0.4240669 0.7340356 0.4240669 0.7340356 0.3644212 0.7340357 0.3644211 0.7260536 0.4240669 0.7420178 0.4240669 0.7499999 0.3644212 0.7420178 0.4240669 0.7420178 0.3644212 0.7420178 0.4240669 0.7340356 0.4837126 0.7499998 0.4240669 0.7499999 0.4240669 0.7420178 0.4240669 0.7180714 0.4240669 0.7260535 0.3644211 0.7260536 0.4240669 0.7260535 0.4240669 0.7340356 0.3644211 0.7260536 0.4240669 0.7180714 0.4837126 0.7180714 0.4240669 0.7260535 0.4240669 0.7420178 0.4240669 0.7340356 0.4837127 0.7340356 0.4837127 0.7340356 0.4240669 0.7340356 0.4240669 0.7260535 0.4837127 0.7420178 0.4837126 0.7499998 0.4240669 0.7420178 0.4837127 0.7420178 0.4240669 0.7420178 0.4837127 0.7340356 0.5433583 0.7499998 0.4837126 0.7499998 0.4837127 0.7420178 0.4837126 0.7180714 0.4837126 0.7260535 0.4240669 0.7260535 0.4837126 0.7260535 0.4837127 0.7340356 0.4240669 0.7260535 0.4837126 0.7180714 0.5433583 0.7180713 0.4837126 0.7260535 0.4837127 0.7420178 0.4837127 0.7340356 0.5433585 0.7340356 0.5433585 0.7340356 0.4837127 0.7340356 0.4837126 0.7260535 0.5433585 0.7420177 0.5433583 0.7499998 0.4837127 0.7420178 0.5433585 0.7420177 0.4837127 0.7420178 0.5433585 0.7340356 0.6030041 0.7499997 0.5433583 0.7499998 0.5433585 0.7420177 0.5433583 0.7180713 0.5433583 0.7260535 0.4837126 0.7260535 0.5433583 0.7260535 0.5433585 0.7340356 0.4837126 0.7260535 0.5433583 0.7180713 0.6030041 0.7180712 0.5433583 0.7260535 0.5433585 0.7420177 0.5433585 0.7340356 0.6030042 0.7340355 0.6030042 0.7340355 0.5433585 0.7340356 0.5433583 0.7260535 0.6030042 0.7420177 0.6030041 0.7499997 0.5433585 0.7420177 0.6030042 0.7420177 0.5433585 0.7420177 0.6030042 0.7340355 0.6626498 0.7499997 0.6030041 0.7499997 0.6030042 0.7420177 0.6030041 0.7180712 0.6030041 0.7260534 0.5433583 0.7260535 0.6030041 0.7260534 0.6030042 0.7340355 0.5433583 0.7260535 0.6030041 0.7180712 0.6626498 0.7180712 0.6030041 0.7260534 0.6030042 0.7420177 0.6030042 0.7340355 0.6626499 0.7340354 0.6626499 0.7340354 0.6030042 0.7340355 0.6030041 0.7260534 0.6626499 0.7420176 0.6626498 0.7499997 0.6030042 0.7420177 0.6626499 0.7420176 0.6030042 0.7420177 0.6626499 0.7340354 0.7222956 0.7499997 0.6626498 0.7499997 0.6626499 0.7420176 0.6626498 0.7180712 0.6626498 0.7260534 0.6030041 0.7260534 0.6626498 0.7260534 0.6626499 0.7340354 0.6030041 0.7260534 0.6626498 0.7180712 0.7222956 0.7180712 0.6626498 0.7260534 0.6626499 0.7420176 0.6626499 0.7340354 0.7222956 0.7340354 0.7222956 0.7340354 0.6626499 0.7340354 0.6626498 0.7260534 0.7222958 0.7420176 0.7222956 0.7499997 0.6626499 0.7420176 0.7222958 0.7420176 0.6626499 0.7420176 0.7222956 0.7340354 0.7819414 0.7499996 0.7222956 0.7499997 0.7222958 0.7420176 0.7222956 0.7180712 0.7222955 0.7260534 0.6626498 0.7260534 0.7222955 0.7260534 0.7222956 0.7340354 0.6626498 0.7260534 0.7222956 0.7180712 0.7819414 0.7180711 0.7222955 0.7260534 0.7222958 0.7420176 0.7222956 0.7340354 0.7819414 0.7340353 0.7819414 0.7340353 0.7222956 0.7340354 0.7222955 0.7260534 0.7819414 0.7420175 0.7819414 0.7499996 0.7222958 0.7420176 0.7819414 0.7420175 0.7222958 0.7420176 0.7819414 0.7340353 0.8415871 0.7499995 0.7819414 0.7499996 0.7819414 0.7420175 0.8415871 0.7420175 0.8415871 0.7499995 0.7819414 0.7420175 0.8415871 0.7420175 0.7819414 0.7420175 0.8415871 0.7340353 0.7819414 0.7420175 0.7819414 0.7340353 0.8415871 0.7340353 0.7819414 0.7260533 0.7819414 0.7340353 0.7222955 0.7260534 0.8415871 0.7340353 0.7819414 0.7340353 0.7819414 0.7260533 0.7819414 0.7180711 0.7819414 0.7260533 0.7222955 0.7260534 0.8415871 0.7260532 0.8415871 0.7340353 0.7819414 0.7260533 0.7819414 0.7180711 0.8415871 0.7180711 0.7819414 0.7260533 0.8415871 0.7180711 0.8415871 0.7260532 0.7819414 0.7260533 0.4112903 0.7679915 0.4189051 0.7679914 0.4112903 0.7715582 0.4189051 0.7679914 0.4189052 0.7715582 0.4112903 0.7715582 0.4189051 0.7679914 0.4265201 0.7679914 0.4189052 0.7715582 0.4189052 0.7715582 0.4189052 0.7751248 0.4112903 0.7715582 0.4189052 0.7751248 0.4112903 0.7751248 0.4112903 0.7715582 0.4112903 0.7786915 0.4112903 0.7751248 0.4189052 0.7751248 0.4265201 0.7679914 0.4265201 0.7715581 0.4189052 0.7715582 0.4265201 0.7679914 0.4341349 0.7679914 0.4265201 0.7715581 0.4189052 0.7822581 0.4112903 0.7822581 0.4112903 0.7786915 0.4189052 0.7786914 0.4189052 0.7822581 0.4112903 0.7786915 0.4189052 0.7786914 0.4112903 0.7786915 0.4189052 0.7751248 0.4265201 0.782258 0.4189052 0.7822581 0.4189052 0.7786914 0.4265201 0.7751248 0.4189052 0.7751248 0.4189052 0.7715582 0.4189052 0.7786914 0.4189052 0.7751248 0.4265201 0.7751248 0.4265201 0.7715581 0.4265201 0.7751248 0.4189052 0.7715582 0.4265201 0.7786914 0.4265201 0.782258 0.4189052 0.7786914 0.4265201 0.7786914 0.4189052 0.7786914 0.4265201 0.7751248 0.4341349 0.782258 0.4265201 0.782258 0.4265201 0.7786914 0.434135 0.7751247 0.4265201 0.7751248 0.4265201 0.7715581 0.4265201 0.7786914 0.4265201 0.7751248 0.434135 0.7751247 0.434135 0.7786914 0.4341349 0.782258 0.4265201 0.7786914 0.434135 0.7786914 0.4265201 0.7786914 0.434135 0.7751247 0.4493647 0.782258 0.4341349 0.782258 0.434135 0.7786914 0.4341349 0.7715581 0.434135 0.7751247 0.4265201 0.7715581 0.4341349 0.7679914 0.4341349 0.7715581 0.4265201 0.7715581 0.4341349 0.7715581 0.4341349 0.7679914 0.4493647 0.7679914 0.434135 0.7751247 0.4493647 0.7751247 0.434135 0.7786914 0.434135 0.7751247 0.4341349 0.7715581 0.4493647 0.7751247 0.4493647 0.7786914 0.4493647 0.782258 0.434135 0.7786914 0.4493647 0.7751247 0.4493647 0.7786914 0.434135 0.7786914 0.4645944 0.7822579 0.4493647 0.782258 0.4493647 0.7786914 0.4493647 0.7715581 0.4341349 0.7715581 0.4493647 0.7679914 0.4341349 0.7715581 0.4493647 0.7715581 0.4493647 0.7751247 0.4493647 0.7715581 0.4493647 0.7679914 0.4645944 0.7679913 0.4493647 0.7751247 0.4645944 0.7751247 0.4493647 0.7786914 0.4493647 0.7751247 0.4493647 0.7715581 0.4645944 0.7751247 0.4645944 0.7786913 0.4645944 0.7822579 0.4493647 0.7786914 0.4645944 0.7751247 0.4645944 0.7786913 0.4493647 0.7786914 0.4722093 0.7822579 0.4645944 0.7822579 0.4645944 0.7786913 0.4645944 0.771558 0.4493647 0.7715581 0.4645944 0.7679913 0.4493647 0.7715581 0.4645944 0.771558 0.4645944 0.7751247 0.4645944 0.7679913 0.4722093 0.7679913 0.4645944 0.771558 0.4645944 0.7786913 0.4645944 0.7751247 0.4722093 0.7751246 0.4722093 0.7751246 0.4645944 0.7751247 0.4645944 0.771558 0.4722093 0.7786913 0.4722093 0.7822579 0.4645944 0.7786913 0.4722093 0.7786913 0.4645944 0.7786913 0.4722093 0.7751246 0.495054 0.7822578 0.4722093 0.7822579 0.4722093 0.7786913 0.495054 0.7786913 0.495054 0.7822578 0.4722093 0.7786913 0.495054 0.7751246 0.495054 0.7786913 0.4722093 0.7786913 0.4722093 0.7751246 0.495054 0.7751246 0.4722093 0.7786913 0.4722093 0.771558 0.4722093 0.7751246 0.4645944 0.771558 0.4722093 0.7751246 0.4722093 0.771558 0.495054 0.7751246 0.4722093 0.7679913 0.4722093 0.771558 0.4645944 0.771558 0.4722093 0.771558 0.495054 0.7715579 0.495054 0.7751246 0.4722093 0.771558 0.4722093 0.7679913 0.495054 0.7679913 0.495054 0.7715579 0.4722093 0.771558 0.495054 0.7679913 0.5241935 0.7677656 0.5300714 0.7677655 0.5241935 0.7713888 0.5300714 0.7677655 0.5300714 0.7713887 0.5241935 0.7713888 0.5300714 0.7677655 0.5359492 0.7677655 0.5300714 0.7713887 0.5300714 0.7713887 0.5300714 0.7750118 0.5241935 0.7713888 0.5300714 0.7750118 0.5241935 0.7750118 0.5241935 0.7713888 0.5241935 0.778635 0.5241935 0.7750118 0.5300714 0.7750118 0.5359492 0.7677655 0.5359492 0.7713887 0.5300714 0.7713887 0.5359492 0.7677655 0.5418272 0.7677655 0.5359492 0.7713887 0.5300714 0.782258 0.5241935 0.782258 0.5241935 0.778635 0.5300714 0.7786349 0.5300714 0.782258 0.5241935 0.778635 0.5300714 0.7786349 0.5241935 0.778635 0.5300714 0.7750118 0.5359492 0.782258 0.5300714 0.782258 0.5300714 0.7786349 0.5359493 0.7750118 0.5300714 0.7750118 0.5300714 0.7713887 0.5300714 0.7786349 0.5300714 0.7750118 0.5359493 0.7750118 0.5359492 0.7713887 0.5359493 0.7750118 0.5300714 0.7713887 0.5359493 0.7786349 0.5359492 0.782258 0.5300714 0.7786349 0.5359493 0.7786349 0.5300714 0.7786349 0.5359493 0.7750118 0.5418272 0.782258 0.5359492 0.782258 0.5359493 0.7786349 0.5418272 0.7750118 0.5359493 0.7750118 0.5359492 0.7713887 0.5359493 0.7786349 0.5359493 0.7750118 0.5418272 0.7750118 0.5418272 0.7786349 0.5418272 0.782258 0.5359493 0.7786349 0.5418272 0.7786349 0.5359493 0.7786349 0.5418272 0.7750118 0.5535829 0.7822579 0.5418272 0.782258 0.5418272 0.7786349 0.5418272 0.7713887 0.5418272 0.7750118 0.5359492 0.7713887 0.5418272 0.7677655 0.5418272 0.7713887 0.5359492 0.7713887 0.5418272 0.7713887 0.5418272 0.7677655 0.5535829 0.7677655 0.5418272 0.7750118 0.5535829 0.7750117 0.5418272 0.7786349 0.5418272 0.7750118 0.5418272 0.7713887 0.5535829 0.7750117 0.5535829 0.7786349 0.5535829 0.7822579 0.5418272 0.7786349 0.5535829 0.7750117 0.5535829 0.7786349 0.5418272 0.7786349 0.5653386 0.7822579 0.5535829 0.7822579 0.5535829 0.7786349 0.5535829 0.7713887 0.5418272 0.7713887 0.5535829 0.7677655 0.5418272 0.7713887 0.5535829 0.7713887 0.5535829 0.7750117 0.5535829 0.7713887 0.5535829 0.7677655 0.5653386 0.7677654 0.5535829 0.7750117 0.5653386 0.7750117 0.5535829 0.7786349 0.5535829 0.7750117 0.5535829 0.7713887 0.5653386 0.7750117 0.5653386 0.7786348 0.5653386 0.7822579 0.5535829 0.7786349 0.5653386 0.7750117 0.5653386 0.7786348 0.5535829 0.7786349 0.5712164 0.7822579 0.5653386 0.7822579 0.5653386 0.7786348 0.5653386 0.7713885 0.5535829 0.7713887 0.5653386 0.7677654 0.5535829 0.7713887 0.5653386 0.7713885 0.5653386 0.7750117 0.5653386 0.7677654 0.5712164 0.7677654 0.5653386 0.7713885 0.5653386 0.7786348 0.5653386 0.7750117 0.5712164 0.7750117 0.5712164 0.7750117 0.5653386 0.7750117 0.5653386 0.7713885 0.5712164 0.7786348 0.5712164 0.7822579 0.5653386 0.7786348 0.5712164 0.7786348 0.5653386 0.7786348 0.5712164 0.7750117 0.58885 0.7822578 0.5712164 0.7822579 0.5712164 0.7786348 0.58885 0.7786348 0.58885 0.7822578 0.5712164 0.7786348 0.58885 0.7750115 0.58885 0.7786348 0.5712164 0.7786348 0.5712164 0.7750117 0.58885 0.7750115 0.5712164 0.7786348 0.5712164 0.7713885 0.5712164 0.7750117 0.5653386 0.7713885 0.5712164 0.7750117 0.5712164 0.7713885 0.58885 0.7750115 0.5712164 0.7677654 0.5712164 0.7713885 0.5653386 0.7713885 0.5712164 0.7713885 0.58885 0.7713885 0.58885 0.7750115 0.5712164 0.7713885 0.5712164 0.7677654 0.58885 0.7677653 0.58885 0.7713885 0.5712164 0.7713885 0.58885 0.7677653 0.3145164 0.6048387 0.3145164 0.5962638 0.3190913 0.6048387 0.3145164 0.5962638 0.3190913 0.5962637 0.3190913 0.6048387 0.3145164 0.5962638 0.3145164 0.5876887 0.3190913 0.5962637 0.3190913 0.5962637 0.323666 0.5962637 0.3190913 0.6048387 0.323666 0.5962637 0.323666 0.6048387 0.3190913 0.6048387 0.3282409 0.6048387 0.323666 0.6048387 0.323666 0.5962637 0.3145164 0.5876887 0.3190912 0.5876887 0.3190913 0.5962637 0.3145164 0.5876887 0.3145164 0.5791137 0.3190912 0.5876887 0.3328157 0.5962637 0.3328157 0.6048387 0.3282409 0.6048387 0.3282409 0.5962637 0.3328157 0.5962637 0.3282409 0.6048387 0.3282409 0.5962637 0.3282409 0.6048387 0.323666 0.5962637 0.3328157 0.5876887 0.3328157 0.5962637 0.3282409 0.5962637 0.323666 0.5876887 0.323666 0.5962637 0.3190913 0.5962637 0.3282409 0.5962637 0.323666 0.5962637 0.323666 0.5876887 0.3190912 0.5876887 0.323666 0.5876887 0.3190913 0.5962637 0.3282409 0.5876887 0.3328157 0.5876887 0.3282409 0.5962637 0.3282409 0.5876887 0.3282409 0.5962637 0.323666 0.5876887 0.3328157 0.5791137 0.3328157 0.5876887 0.3282409 0.5876887 0.323666 0.5791137 0.323666 0.5876887 0.3190912 0.5876887 0.3282409 0.5876887 0.323666 0.5876887 0.323666 0.5791137 0.3282408 0.5791137 0.3328157 0.5791137 0.3282409 0.5876887 0.3282408 0.5791137 0.3282409 0.5876887 0.323666 0.5791137 0.3328155 0.5619638 0.3328157 0.5791137 0.3282408 0.5791137 0.3190912 0.5791137 0.323666 0.5791137 0.3190912 0.5876887 0.3145164 0.5791137 0.3190912 0.5791137 0.3190912 0.5876887 0.3190912 0.5791137 0.3145164 0.5791137 0.3145163 0.5619638 0.323666 0.5791137 0.3236659 0.5619637 0.3282408 0.5791137 0.323666 0.5791137 0.3190912 0.5791137 0.3236659 0.5619637 0.3282408 0.5619637 0.3328155 0.5619638 0.3282408 0.5791137 0.3236659 0.5619637 0.3282408 0.5619637 0.3282408 0.5791137 0.3328155 0.5448138 0.3328155 0.5619638 0.3282408 0.5619637 0.3190912 0.5619638 0.3190912 0.5791137 0.3145163 0.5619638 0.3190912 0.5791137 0.3190912 0.5619638 0.3236659 0.5619637 0.3190912 0.5619638 0.3145163 0.5619638 0.3145162 0.5448138 0.3236659 0.5619637 0.3236659 0.5448138 0.3282408 0.5619637 0.3236659 0.5619637 0.3190912 0.5619638 0.3236659 0.5448138 0.3282408 0.5448138 0.3328155 0.5448138 0.3282408 0.5619637 0.3236659 0.5448138 0.3282408 0.5448138 0.3282408 0.5619637 0.3328155 0.5362388 0.3328155 0.5448138 0.3282408 0.5448138 0.319091 0.5448138 0.3190912 0.5619638 0.3145162 0.5448138 0.3190912 0.5619638 0.319091 0.5448138 0.3236659 0.5448138 0.3145162 0.5448138 0.3145162 0.5362388 0.319091 0.5448138 0.3282408 0.5448138 0.3236659 0.5448138 0.3236659 0.5362388 0.3236659 0.5362388 0.3236659 0.5448138 0.319091 0.5448138 0.3282407 0.5362388 0.3328155 0.5362388 0.3282408 0.5448138 0.3282407 0.5362388 0.3282408 0.5448138 0.3236659 0.5362388 0.3328154 0.5105139 0.3328155 0.5362388 0.3282407 0.5362388 0.3282406 0.5105139 0.3328154 0.5105139 0.3282407 0.5362388 0.3236657 0.5105139 0.3282406 0.5105139 0.3282407 0.5362388 0.3236659 0.5362388 0.3236657 0.5105139 0.3282407 0.5362388 0.319091 0.5362388 0.3236659 0.5362388 0.319091 0.5448138 0.3236659 0.5362388 0.319091 0.5362388 0.3236657 0.5105139 0.3145162 0.5362388 0.319091 0.5362388 0.319091 0.5448138 0.319091 0.5362388 0.319091 0.5105139 0.3236657 0.5105139 0.319091 0.5362388 0.3145162 0.5362388 0.3145161 0.5105139 0.319091 0.5105139 0.319091 0.5362388 0.3145161 0.5105139 0.7016129 0.01455467 0.7067577 0.01455461 0.7016129 0.01696443 0.7067577 0.01455461 0.7067577 0.01696443 0.7016129 0.01696443 0.7067577 0.01455461 0.7119026 0.01455461 0.7067577 0.01696443 0.7067577 0.01696443 0.7067577 0.01937413 0.7016129 0.01696443 0.7067577 0.01937413 0.7016129 0.01937413 0.7016129 0.01696443 0.7016129 0.02178388 0.7016129 0.01937413 0.7067577 0.01937413 0.7119026 0.01455461 0.7119026 0.01696437 0.7067577 0.01696443 0.7119026 0.01455461 0.7170475 0.01455461 0.7119026 0.01696437 0.7067577 0.02419358 0.7016128 0.02419358 0.7016129 0.02178388 0.7067577 0.02178382 0.7067577 0.02419358 0.7016129 0.02178388 0.7067577 0.02178382 0.7016129 0.02178388 0.7067577 0.01937413 0.7119026 0.02419352 0.7067577 0.02419358 0.7067577 0.02178382 0.7119026 0.01937413 0.7067577 0.01937413 0.7067577 0.01696443 0.7067577 0.02178382 0.7067577 0.01937413 0.7119026 0.01937413 0.7119026 0.01696437 0.7119026 0.01937413 0.7067577 0.01696443 0.7119026 0.02178382 0.7119026 0.02419352 0.7067577 0.02178382 0.7119026 0.02178382 0.7067577 0.02178382 0.7119026 0.01937413 0.7170475 0.02419352 0.7119026 0.02419352 0.7119026 0.02178382 0.7170475 0.01937407 0.7119026 0.01937413 0.7119026 0.01696437 0.7119026 0.02178382 0.7119026 0.01937413 0.7170475 0.01937407 0.7170475 0.02178382 0.7170475 0.02419352 0.7119026 0.02178382 0.7170475 0.02178382 0.7119026 0.02178382 0.7170475 0.01937407 0.7273372 0.02419352 0.7170475 0.02419352 0.7170475 0.02178382 0.7170475 0.01696437 0.7170475 0.01937407 0.7119026 0.01696437 0.7170475 0.01455461 0.7170475 0.01696437 0.7119026 0.01696437 0.7170475 0.01696437 0.7170475 0.01455461 0.7273372 0.01455461 0.7170475 0.01937407 0.7273372 0.01937407 0.7170475 0.02178382 0.7170475 0.01937407 0.7170475 0.01696437 0.7273372 0.01937407 0.7273372 0.02178382 0.7273372 0.02419352 0.7170475 0.02178382 0.7273372 0.01937407 0.7273372 0.02178382 0.7170475 0.02178382 0.7376269 0.02419352 0.7273372 0.02419352 0.7273372 0.02178382 0.7273372 0.01696431 0.7170475 0.01696437 0.7273372 0.01455461 0.7170475 0.01696437 0.7273372 0.01696431 0.7273372 0.01937407 0.7273372 0.01696431 0.7273372 0.01455461 0.7376269 0.01455456 0.7273372 0.01937407 0.7376269 0.01937401 0.7273372 0.02178382 0.7273372 0.01937407 0.7273372 0.01696431 0.7376269 0.01937401 0.7376269 0.02178376 0.7376269 0.02419352 0.7273372 0.02178382 0.7376269 0.01937401 0.7376269 0.02178376 0.7273372 0.02178382 0.7427718 0.02419352 0.7376269 0.02419352 0.7376269 0.02178376 0.7376269 0.01696431 0.7273372 0.01696431 0.7376269 0.01455456 0.7273372 0.01696431 0.7376269 0.01696431 0.7376269 0.01937401 0.7376269 0.01455456 0.7427718 0.01455456 0.7376269 0.01696431 0.7376269 0.02178376 0.7376269 0.01937401 0.7427718 0.01937401 0.7427718 0.01937401 0.7376269 0.01937401 0.7376269 0.01696431 0.7427718 0.02178376 0.7427718 0.02419352 0.7376269 0.02178376 0.7427718 0.02178376 0.7376269 0.02178376 0.7427718 0.01937401 0.7582064 0.0241934 0.7427718 0.02419352 0.7427718 0.02178376 0.7582064 0.0217837 0.7582064 0.0241934 0.7427718 0.02178376 0.7582064 0.01937395 0.7582064 0.0217837 0.7427718 0.02178376 0.7427718 0.01937401 0.7582064 0.01937395 0.7427718 0.02178376 0.7427718 0.01696431 0.7427718 0.01937401 0.7376269 0.01696431 0.7427718 0.01937401 0.7427718 0.01696431 0.7582064 0.01937395 0.7427718 0.01455456 0.7427718 0.01696431 0.7376269 0.01696431 0.7427718 0.01696431 0.7582064 0.01696425 0.7582064 0.01937395 0.7427718 0.01696431 0.7427718 0.01455456 0.7582064 0.0145545 0.7582064 0.01696425 0.7427718 0.01696431 0.7582064 0.0145545 0.6209679 0.3467742 0.6209679 0.342803 0.6234158 0.3467742 0.6209679 0.342803 0.6234158 0.342803 0.6234158 0.3467742 0.6209679 0.342803 0.6209679 0.3388316 0.6234158 0.342803 0.6234158 0.342803 0.6258637 0.342803 0.6234158 0.3467742 0.6258637 0.342803 0.6258637 0.3467742 0.6234158 0.3467742 0.6283116 0.3467742 0.6258637 0.3467742 0.6258637 0.342803 0.6209679 0.3388316 0.6234158 0.3388316 0.6234158 0.342803 0.6209679 0.3388316 0.6209679 0.3348603 0.6234158 0.3388316 0.6307595 0.342803 0.6307595 0.3467742 0.6283116 0.3467742 0.6283116 0.342803 0.6307595 0.342803 0.6283116 0.3467742 0.6283116 0.342803 0.6283116 0.3467742 0.6258637 0.342803 0.6307594 0.3388316 0.6307595 0.342803 0.6283116 0.342803 0.6258637 0.3388316 0.6258637 0.342803 0.6234158 0.342803 0.6283116 0.342803 0.6258637 0.342803 0.6258637 0.3388316 0.6234158 0.3388316 0.6258637 0.3388316 0.6234158 0.342803 0.6283116 0.3388316 0.6307594 0.3388316 0.6283116 0.342803 0.6283116 0.3388316 0.6283116 0.342803 0.6258637 0.3388316 0.6307594 0.3348603 0.6307594 0.3388316 0.6283116 0.3388316 0.6258637 0.3348603 0.6258637 0.3388316 0.6234158 0.3388316 0.6283116 0.3388316 0.6258637 0.3388316 0.6258637 0.3348603 0.6283115 0.3348603 0.6307594 0.3348603 0.6283116 0.3388316 0.6283115 0.3348603 0.6283116 0.3388316 0.6258637 0.3348603 0.6307594 0.3269178 0.6307594 0.3348603 0.6283115 0.3348603 0.6234158 0.3348603 0.6258637 0.3348603 0.6234158 0.3388316 0.6209679 0.3348603 0.6234158 0.3348603 0.6234158 0.3388316 0.6234158 0.3348603 0.6209679 0.3348603 0.6209678 0.3269178 0.6258637 0.3348603 0.6258636 0.3269178 0.6283115 0.3348603 0.6258637 0.3348603 0.6234158 0.3348603 0.6258636 0.3269178 0.6283115 0.3269178 0.6307594 0.3269178 0.6283115 0.3348603 0.6258636 0.3269178 0.6283115 0.3269178 0.6283115 0.3348603 0.6307594 0.3189752 0.6307594 0.3269178 0.6283115 0.3269178 0.6234157 0.3269178 0.6234158 0.3348603 0.6209678 0.3269178 0.6234158 0.3348603 0.6234157 0.3269178 0.6258636 0.3269178 0.6234157 0.3269178 0.6209678 0.3269178 0.6209678 0.3189752 0.6258636 0.3269178 0.6258636 0.3189752 0.6283115 0.3269178 0.6258636 0.3269178 0.6234157 0.3269178 0.6258636 0.3189752 0.6283115 0.3189752 0.6307594 0.3189752 0.6283115 0.3269178 0.6258636 0.3189752 0.6283115 0.3189752 0.6283115 0.3269178 0.6307594 0.3150039 0.6307594 0.3189752 0.6283115 0.3189752 0.6234157 0.3189752 0.6234157 0.3269178 0.6209678 0.3189752 0.6234157 0.3269178 0.6234157 0.3189752 0.6258636 0.3189752 0.6209678 0.3189752 0.6209678 0.3150039 0.6234157 0.3189752 0.6283115 0.3189752 0.6258636 0.3189752 0.6258636 0.3150039 0.6258636 0.3150039 0.6258636 0.3189752 0.6234157 0.3189752 0.6283115 0.3150039 0.6307594 0.3150039 0.6283115 0.3189752 0.6283115 0.3150039 0.6283115 0.3189752 0.6258636 0.3150039 0.6307593 0.30309 0.6307594 0.3150039 0.6283115 0.3150039 0.6283115 0.30309 0.6307593 0.30309 0.6283115 0.3150039 0.6258636 0.30309 0.6283115 0.30309 0.6283115 0.3150039 0.6258636 0.3150039 0.6258636 0.30309 0.6283115 0.3150039 0.6234157 0.3150039 0.6258636 0.3150039 0.6234157 0.3189752 0.6258636 0.3150039 0.6234157 0.3150039 0.6258636 0.30309 0.6209678 0.3150039 0.6234157 0.3150039 0.6234157 0.3189752 0.6234157 0.3150039 0.6234157 0.30309 0.6258636 0.30309 0.6234157 0.3150039 0.6209678 0.3150039 0.6209678 0.30309 0.6234157 0.30309 0.6234157 0.3150039 0.6209678 0.30309 0.5564516 0.01183009 0.5622451 0.01183009 0.5564516 0.014921 0.5622451 0.01183009 0.5622451 0.014921 0.5564516 0.014921 0.5622451 0.01183009 0.5680387 0.01183009 0.5622451 0.014921 0.5622451 0.014921 0.5622451 0.01801186 0.5564516 0.014921 0.5622451 0.01801186 0.5564516 0.01801186 0.5564516 0.014921 0.5564516 0.02110278 0.5564516 0.01801186 0.5622451 0.01801186 0.5680387 0.01183009 0.5680387 0.01492094 0.5622451 0.014921 0.5680387 0.01183009 0.5738322 0.01183009 0.5680387 0.01492094 0.5622451 0.02419364 0.5564516 0.02419364 0.5564516 0.02110278 0.5622451 0.02110272 0.5622451 0.02419364 0.5564516 0.02110278 0.5622451 0.02110272 0.5564516 0.02110278 0.5622451 0.01801186 0.5680387 0.02419358 0.5622451 0.02419364 0.5622451 0.02110272 0.5680387 0.0180118 0.5622451 0.01801186 0.5622451 0.014921 0.5622451 0.02110272 0.5622451 0.01801186 0.5680387 0.0180118 0.5680387 0.01492094 0.5680387 0.0180118 0.5622451 0.014921 0.5680387 0.02110272 0.5680387 0.02419358 0.5622451 0.02110272 0.5680387 0.02110272 0.5622451 0.02110272 0.5680387 0.0180118 0.5738322 0.02419358 0.5680387 0.02419358 0.5680387 0.02110272 0.5738322 0.0180118 0.5680387 0.0180118 0.5680387 0.01492094 0.5680387 0.02110272 0.5680387 0.0180118 0.5738322 0.0180118 0.5738322 0.02110266 0.5738322 0.02419358 0.5680387 0.02110272 0.5738322 0.02110266 0.5680387 0.02110272 0.5738322 0.0180118 0.5854193 0.02419352 0.5738322 0.02419358 0.5738322 0.02110266 0.5738322 0.01492094 0.5738322 0.0180118 0.5680387 0.01492094 0.5738322 0.01183009 0.5738322 0.01492094 0.5680387 0.01492094 0.5738322 0.01492094 0.5738322 0.01183009 0.5854193 0.01183003 0.5738322 0.0180118 0.5854193 0.0180118 0.5738322 0.02110266 0.5738322 0.0180118 0.5738322 0.01492094 0.5854193 0.0180118 0.5854193 0.02110266 0.5854193 0.02419352 0.5738322 0.02110266 0.5854193 0.0180118 0.5854193 0.02110266 0.5738322 0.02110266 0.5970064 0.02419352 0.5854193 0.02419352 0.5854193 0.02110266 0.5854193 0.01492094 0.5738322 0.01492094 0.5854193 0.01183003 0.5738322 0.01492094 0.5854193 0.01492094 0.5854193 0.0180118 0.5854193 0.01492094 0.5854193 0.01183003 0.5970064 0.01182997 0.5854193 0.0180118 0.5970064 0.01801174 0.5854193 0.02110266 0.5854193 0.0180118 0.5854193 0.01492094 0.5970064 0.01801174 0.5970064 0.02110266 0.5970064 0.02419352 0.5854193 0.02110266 0.5970064 0.01801174 0.5970064 0.02110266 0.5854193 0.02110266 0.6027999 0.02419352 0.5970064 0.02419352 0.5970064 0.02110266 0.5970064 0.01492083 0.5854193 0.01492094 0.5970064 0.01182997 0.5854193 0.01492094 0.5970064 0.01492083 0.5970064 0.01801174 0.5970064 0.01182997 0.6027999 0.01182997 0.5970064 0.01492083 0.5970064 0.02110266 0.5970064 0.01801174 0.6028 0.01801168 0.6028 0.01801168 0.5970064 0.01801174 0.5970064 0.01492083 0.6028 0.0211026 0.6027999 0.02419352 0.5970064 0.02110266 0.6028 0.0211026 0.5970064 0.02110266 0.6028 0.01801168 0.6201806 0.0241934 0.6027999 0.02419352 0.6028 0.0211026 0.6201806 0.02110254 0.6201806 0.0241934 0.6028 0.0211026 0.6201806 0.01801168 0.6201806 0.02110254 0.6028 0.0211026 0.6028 0.01801168 0.6201806 0.01801168 0.6028 0.0211026 0.6027999 0.01492083 0.6028 0.01801168 0.5970064 0.01492083 0.6028 0.01801168 0.6027999 0.01492083 0.6201806 0.01801168 0.6027999 0.01182997 0.6027999 0.01492083 0.5970064 0.01492083 0.6027999 0.01492083 0.6201806 0.01492083 0.6201806 0.01801168 0.6027999 0.01492083 0.6027999 0.01182997 0.6201806 0.01182991 0.6201806 0.01492083 0.6027999 0.01492083 0.6201806 0.01182991 0.9798717 0.5403973 0.9911177 0.5564516 0.9783555 0.5434535 0.9798717 0.5403973 0.9783555 0.5434535 0.9723938 0.5297178 0.9911177 0.5564516 0.9842293 0.5519952 0.9783555 0.5434535 0.9842293 0.5519952 0.9911177 0.5564516 0.9753745 0.556177 0.9783555 0.5434535 0.9736307 0.5365828 0.9723938 0.5297178 0.9771923 0.5519414 0.9842293 0.5519952 0.9753745 0.556177 0.9754529 0.5463334 0.9783555 0.5434535 0.9842293 0.5519952 0.9754529 0.5463334 0.9842293 0.5519952 0.9771923 0.5519414 0.9736307 0.5365828 0.9783555 0.5434535 0.9754529 0.5463334 0.9771923 0.5519414 0.9753745 0.556177 0.9663157 0.5518293 0.9754529 0.5463334 0.9771923 0.5519414 0.9663157 0.5518293 0.9753745 0.556177 0.9596774 0.5559036 0.9663157 0.5518293 0.9663157 0.5518293 0.9596774 0.5559036 0.9654753 0.5439645 0.9754529 0.5463334 0.9693562 0.5454919 0.9736307 0.5365828 0.9663157 0.5518293 0.9693562 0.5454919 0.9754529 0.5463334 0.9736307 0.5365828 0.9693562 0.5454919 0.9723938 0.5297178 0.9693562 0.5454919 0.9663157 0.5518293 0.9654753 0.5439645 0.9693562 0.5454919 0.9654753 0.5439645 0.9723938 0.5297178 0.7211251 0.08655285 0.7504574 0.1048387 0.7267089 0.08408743 0.7211251 0.08655285 0.7267089 0.08408743 0.7016129 0.07439386 0.7504574 0.1048387 0.7423152 0.0936383 0.7267089 0.08408743 0.7423152 0.0936383 0.7504574 0.1048387 0.7499557 0.07924044 0.7267089 0.08408743 0.7141557 0.07640492 0.7016129 0.07439386 0.7422169 0.08219617 0.7423152 0.0936383 0.7499557 0.07924044 0.7319708 0.07936793 0.7267089 0.08408743 0.7423152 0.0936383 0.7319708 0.07936793 0.7423152 0.0936383 0.7422169 0.08219617 0.7141557 0.07640492 0.7267089 0.08408743 0.7319708 0.07936793 0.7422169 0.08219617 0.7499557 0.07924044 0.7420121 0.06451088 0.7319708 0.07936793 0.7422169 0.08219617 0.7420121 0.06451088 0.7499557 0.07924044 0.7494561 0.05371707 0.7420121 0.06451088 0.7420121 0.06451088 0.7494561 0.05371707 0.7276425 0.06314438 0.7319708 0.07936793 0.7304333 0.06945466 0.7141557 0.07640492 0.7420121 0.06451088 0.7304333 0.06945466 0.7319708 0.07936793 0.7141557 0.07640492 0.7304333 0.06945466 0.7016129 0.07439386 0.7304333 0.06945466 0.7420121 0.06451088 0.7276425 0.06314438 0.7304333 0.06945466 0.7276425 0.06314438 0.7016129 0.07439386 0.8024524 0.6855586 0.8136984 0.701613 0.8009361 0.6886147 0.8024524 0.6855586 0.8009361 0.6886147 0.7949745 0.674879 0.8136984 0.701613 0.80681 0.6971564 0.8009361 0.6886147 0.80681 0.6971564 0.8136984 0.701613 0.7979552 0.7013383 0.8009361 0.6886147 0.7962113 0.681744 0.7949745 0.674879 0.799773 0.6971027 0.80681 0.6971564 0.7979552 0.7013383 0.7980336 0.6914947 0.8009361 0.6886147 0.80681 0.6971564 0.7980336 0.6914947 0.80681 0.6971564 0.799773 0.6971027 0.7962113 0.681744 0.8009361 0.6886147 0.7980336 0.6914947 0.799773 0.6971027 0.7979552 0.7013383 0.7888963 0.6969906 0.7980336 0.6914947 0.799773 0.6971027 0.7888963 0.6969906 0.7979552 0.7013383 0.782258 0.7010649 0.7888963 0.6969906 0.7888963 0.6969906 0.782258 0.7010649 0.788056 0.6891257 0.7980336 0.6914947 0.7919368 0.6906532 0.7962113 0.681744 0.7888963 0.6969906 0.7919368 0.6906532 0.7980336 0.6914947 0.7962113 0.681744 0.7919368 0.6906532 0.7949745 0.674879 0.7919368 0.6906532 0.7888963 0.6969906 0.788056 0.6891257 0.7919368 0.6906532 0.788056 0.6891257 0.7949745 0.674879 0.6566091 0.05429446 0.6859414 0.07258069 0.6621929 0.05182904 0.6566091 0.05429446 0.6621929 0.05182904 0.6370968 0.04213535 0.6859414 0.07258069 0.6777992 0.06138002 0.6621929 0.05182904 0.6777992 0.06138002 0.6859414 0.07258069 0.6854397 0.04698204 0.6621929 0.05182904 0.6496396 0.04414647 0.6370968 0.04213535 0.6777009 0.04993778 0.6777992 0.06138002 0.6854397 0.04698204 0.6674548 0.04710948 0.6621929 0.05182904 0.6777992 0.06138002 0.6674548 0.04710948 0.6777992 0.06138002 0.6777009 0.04993778 0.6496396 0.04414647 0.6621929 0.05182904 0.6674548 0.04710948 0.6777009 0.04993778 0.6854397 0.04698204 0.6774961 0.03225225 0.6674548 0.04710948 0.6777009 0.04993778 0.6774961 0.03225225 0.6854397 0.04698204 0.6849401 0.02145832 0.6774961 0.03225225 0.6774961 0.03225225 0.6849401 0.02145832 0.6631265 0.03088575 0.6674548 0.04710948 0.6659173 0.03719609 0.6496396 0.04414647 0.6774961 0.03225225 0.6659173 0.03719609 0.6674548 0.04710948 0.6496396 0.04414647 0.6659173 0.03719609 0.6370968 0.04213535 0.6659173 0.03719609 0.6774961 0.03225225 0.6631265 0.03088575 0.6659173 0.03719609 0.6631265 0.03088575 0.6370968 0.04213535 0.1734196 0.4920102 0.1846654 0.5080645 0.1719034 0.4950664 0.1734196 0.4920102 0.1719034 0.4950664 0.1659419 0.4813307 0.1846654 0.5080645 0.1777771 0.5036081 0.1719034 0.4950664 0.1777771 0.5036081 0.1846654 0.5080645 0.1689226 0.50779 0.1719034 0.4950664 0.1671787 0.4881957 0.1659419 0.4813307 0.1707403 0.5035543 0.1777771 0.5036081 0.1689226 0.50779 0.1690009 0.4979464 0.1719034 0.4950664 0.1777771 0.5036081 0.1690009 0.4979464 0.1777771 0.5036081 0.1707403 0.5035543 0.1671787 0.4881957 0.1719034 0.4950664 0.1690009 0.4979464 0.1707403 0.5035543 0.1689226 0.50779 0.1598639 0.5034422 0.1690009 0.4979464 0.1707403 0.5035543 0.1598639 0.5034422 0.1689226 0.50779 0.1532258 0.5075165 0.1598639 0.5034422 0.1598639 0.5034422 0.1532258 0.5075165 0.1590235 0.4955774 0.1690009 0.4979464 0.1629043 0.4971048 0.1671787 0.4881957 0.1598639 0.5034422 0.1629043 0.4971048 0.1690009 0.4979464 0.1671787 0.4881957 0.1629043 0.4971048 0.1659419 0.4813307 0.1629043 0.4971048 0.1598639 0.5034422 0.1590235 0.4955774 0.1629043 0.4971048 0.1590235 0.4955774 0.1659419 0.4813307 0.03739702 0.6203897 0.008064508 0.6021035 0.03181314 0.6228551 0.03739702 0.6203897 0.03181314 0.6228551 0.05690932 0.6325488 0.008064508 0.6021035 0.0162068 0.6133041 0.03181314 0.6228551 0.0162068 0.6133041 0.008064508 0.6021035 0.0085662 0.6277021 0.03181314 0.6228551 0.04436647 0.6305377 0.05690932 0.6325488 0.01630508 0.6247464 0.0162068 0.6133041 0.0085662 0.6277021 0.02655118 0.6275747 0.03181314 0.6228551 0.0162068 0.6133041 0.02655118 0.6275747 0.0162068 0.6133041 0.01630508 0.6247464 0.04436647 0.6305377 0.03181314 0.6228551 0.02655118 0.6275747 0.01630508 0.6247464 0.0085662 0.6277021 0.01650983 0.6424319 0.02655118 0.6275747 0.01630508 0.6247464 0.01650983 0.6424319 0.0085662 0.6277021 0.009065806 0.6532258 0.01650983 0.6424319 0.01650983 0.6424319 0.009065806 0.6532258 0.03087949 0.6437984 0.02655118 0.6275747 0.02808874 0.637488 0.04436647 0.6305377 0.01650983 0.6424319 0.02808874 0.637488 0.02655118 0.6275747 0.04436647 0.6305377 0.02808874 0.637488 0.05690932 0.6325488 0.02808874 0.637488 0.01650983 0.6424319 0.03087949 0.6437984 0.02808874 0.637488 0.03087949 0.6437984 0.05690932 0.6325488 0.02138662 0.1587638 0.02880561 0.1693547 0.02038639 0.1607799 0.02138662 0.1587638 0.02038639 0.1607799 0.0164535 0.1517184 0.02880561 0.1693547 0.02426135 0.1664149 0.02038639 0.1607799 0.02426135 0.1664149 0.02880561 0.1693547 0.01841986 0.1691736 0.02038639 0.1607799 0.01726943 0.1562473 0.0164535 0.1517184 0.01961904 0.1663794 0.02426135 0.1664149 0.01841986 0.1691736 0.01847159 0.1626798 0.02038639 0.1607799 0.02426135 0.1664149 0.01847159 0.1626798 0.02426135 0.1664149 0.01961904 0.1663794 0.01726943 0.1562473 0.02038639 0.1607799 0.01847159 0.1626798 0.01961904 0.1663794 0.01841986 0.1691736 0.01244378 0.1663054 0.01847159 0.1626798 0.01961904 0.1663794 0.01244378 0.1663054 0.01841986 0.1691736 0.008064508 0.1689932 0.01244378 0.1663054 0.01244378 0.1663054 0.008064508 0.1689932 0.01188933 0.161117 0.01847159 0.1626798 0.01444953 0.1621247 0.01726943 0.1562473 0.01244378 0.1663054 0.01444953 0.1621247 0.01847159 0.1626798 0.01726943 0.1562473 0.01444953 0.1621247 0.0164535 0.1517184 0.01444953 0.1621247 0.01244378 0.1663054 0.01188933 0.161117 0.01444953 0.1621247 0.01188933 0.161117 0.0164535 0.1517184 0.1983563 0.8024526 0.2177073 0.8145162 0.2020401 0.8008261 0.1983563 0.8024526 0.2020401 0.8008261 0.1854838 0.7944311 0.2177073 0.8145162 0.2123358 0.807127 0.2020401 0.8008261 0.2123358 0.807127 0.2177073 0.8145162 0.2173764 0.7976285 0.2020401 0.8008261 0.1937585 0.7957579 0.1854838 0.7944311 0.2122709 0.7995784 0.2123358 0.807127 0.2173764 0.7976285 0.2055115 0.7977126 0.2020401 0.8008261 0.2123358 0.807127 0.2055115 0.7977126 0.2123358 0.807127 0.2122709 0.7995784 0.1937585 0.7957579 0.2020401 0.8008261 0.2055115 0.7977126 0.2122709 0.7995784 0.2173764 0.7976285 0.2121359 0.7879112 0.2055115 0.7977126 0.2122709 0.7995784 0.2121359 0.7879112 0.2173764 0.7976285 0.2170467 0.7807903 0.2121359 0.7879112 0.2121359 0.7879112 0.2170467 0.7807903 0.202656 0.7870097 0.2055115 0.7977126 0.2044971 0.7911727 0.1937585 0.7957579 0.2121359 0.7879112 0.2044971 0.7911727 0.2055115 0.7977126 0.1937585 0.7957579 0.2044971 0.7911727 0.1854838 0.7944311 0.2044971 0.7911727 0.2121359 0.7879112 0.202656 0.7870097 0.2044971 0.7911727 0.202656 0.7870097 0.1854838 0.7944311 0.404862 0.881313 0.3951613 0.8951613 0.4061699 0.8839492 0.404862 0.881313 0.4061699 0.8839492 0.4113124 0.872101 0.3951613 0.8951613 0.4011031 0.8913172 0.4061699 0.8839492 0.4011031 0.8913172 0.3951613 0.8951613 0.4087412 0.8949244 0.4061699 0.8839492 0.4102454 0.8780227 0.4113124 0.872101 0.4071732 0.8912708 0.4011031 0.8913172 0.4087412 0.8949244 0.4086736 0.8864335 0.4061699 0.8839492 0.4011031 0.8913172 0.4086736 0.8864335 0.4011031 0.8913172 0.4071732 0.8912708 0.4102454 0.8780227 0.4061699 0.8839492 0.4086736 0.8864335 0.4071732 0.8912708 0.4087412 0.8949244 0.4165552 0.8911741 0.4086736 0.8864335 0.4071732 0.8912708 0.4165552 0.8911741 0.4087412 0.8949244 0.4222814 0.8946886 0.4165552 0.8911741 0.4165552 0.8911741 0.4222814 0.8946886 0.4172801 0.88439 0.4086736 0.8864335 0.4139326 0.8857076 0.4102454 0.8780227 0.4165552 0.8911741 0.4139326 0.8857076 0.4086736 0.8864335 0.4102454 0.8780227 0.4139326 0.8857076 0.4113124 0.872101 0.4139326 0.8857076 0.4165552 0.8911741 0.4172801 0.88439 0.4139326 0.8857076 0.4172801 0.88439 0.4113124 0.872101 0.9593217 0.7815561 0.9435484 0.7562544 0.9614484 0.7767396 0.9593217 0.7815561 0.9614484 0.7767396 0.9698101 0.7983871 0.9435484 0.7562544 0.9532099 0.7632778 0.9614484 0.7767396 0.9532099 0.7632778 0.9435484 0.7562544 0.9656294 0.7566872 0.9614484 0.7767396 0.9680753 0.7875679 0.9698101 0.7983871 0.9630798 0.7633626 0.9532099 0.7632778 0.9656294 0.7566872 0.9655194 0.7722007 0.9614484 0.7767396 0.9532099 0.7632778 0.9655194 0.7722007 0.9532099 0.7632778 0.9630798 0.7633626 0.9680753 0.7875679 0.9614484 0.7767396 0.9655194 0.7722007 0.9630798 0.7633626 0.9656294 0.7566872 0.9783351 0.7635392 0.9655194 0.7722007 0.9630798 0.7633626 0.9783351 0.7635392 0.9656294 0.7566872 0.9876458 0.7571182 0.9783351 0.7635392 0.9783351 0.7635392 0.9876458 0.7571182 0.9795138 0.7759342 0.9655194 0.7722007 0.9740706 0.773527 0.9680753 0.7875679 0.9783351 0.7635392 0.9740706 0.773527 0.9655194 0.7722007 0.9680753 0.7875679 0.9740706 0.773527 0.9698101 0.7983871 0.9740706 0.773527 0.9783351 0.7635392 0.9795138 0.7759342 0.9740706 0.773527 0.9795138 0.7759342 0.9698101 0.7983871 0.023997 0.866366 0.03286969 0.8790323 0.02280074 0.8687772 0.023997 0.866366 0.02280074 0.8687772 0.01809722 0.8579403 0.03286969 0.8790323 0.027435 0.8755163 0.02280074 0.8687772 0.027435 0.8755163 0.03286969 0.8790323 0.02044892 0.8788156 0.02280074 0.8687772 0.01907306 0.8633565 0.01809722 0.8579403 0.02188307 0.8754739 0.027435 0.8755163 0.02044892 0.8788156 0.02051073 0.8710494 0.02280074 0.8687772 0.027435 0.8755163 0.02051073 0.8710494 0.027435 0.8755163 0.02188307 0.8754739 0.01907306 0.8633565 0.02280074 0.8687772 0.02051073 0.8710494 0.02188307 0.8754739 0.02044892 0.8788156 0.01330184 0.8753854 0.02051073 0.8710494 0.02188307 0.8754739 0.01330184 0.8753854 0.02044892 0.8788156 0.008064508 0.8785999 0.01330184 0.8753854 0.01330184 0.8753854 0.008064508 0.8785999 0.0126388 0.8691804 0.02051073 0.8710494 0.01570063 0.8703855 0.01907306 0.8633565 0.01330184 0.8753854 0.01570063 0.8703855 0.02051073 0.8710494 0.01907306 0.8633565 0.01570063 0.8703855 0.01809722 0.8579403 0.01570063 0.8703855 0.01330184 0.8753854 0.0126388 0.8691804 0.01570063 0.8703855 0.0126388 0.8691804 0.01809722 0.8579403 0.9579754 0.1623421 0.9435485 0.1854838 0.9599205 0.1667475 0.9579754 0.1623421 0.9599205 0.1667475 0.9675685 0.146948 0.9435485 0.1854838 0.9523852 0.1790601 0.9599205 0.1667475 0.9523852 0.1790601 0.9435485 0.1854838 0.9637446 0.185088 0.9599205 0.1667475 0.9659817 0.1568436 0.9675685 0.146948 0.9614127 0.1789825 0.9523852 0.1790601 0.9637446 0.185088 0.963644 0.1708989 0.9599205 0.1667475 0.9523852 0.1790601 0.963644 0.1708989 0.9523852 0.1790601 0.9614127 0.1789825 0.9659817 0.1568436 0.9599205 0.1667475 0.963644 0.1708989 0.9614127 0.1789825 0.9637446 0.185088 0.9753658 0.1788209 0.963644 0.1708989 0.9614127 0.1789825 0.9753658 0.1788209 0.9637446 0.185088 0.9838817 0.1846939 0.9753658 0.1788209 0.9753658 0.1788209 0.9838817 0.1846939 0.9764439 0.1674841 0.963644 0.1708989 0.9714653 0.1696859 0.9659817 0.1568436 0.9753658 0.1788209 0.9714653 0.1696859 0.963644 0.1708989 0.9659817 0.1568436 0.9714653 0.1696859 0.9675685 0.146948 0.9714653 0.1696859 0.9753658 0.1788209 0.9764439 0.1674841 0.9714653 0.1696859 0.9764439 0.1674841 0.9675685 0.146948 0.8558959 0.07102179 0.8306452 0.08870971 0.8510891 0.06863701 0.8558959 0.07102179 0.8510891 0.06863701 0.872693 0.05926042 0.8306452 0.08870971 0.8376544 0.07787555 0.8510891 0.06863701 0.8376544 0.07787555 0.8306452 0.08870971 0.8310771 0.06394857 0.8510891 0.06863701 0.8618956 0.0612058 0.872693 0.05926042 0.8377391 0.06680762 0.8376544 0.07787555 0.8310771 0.06394857 0.8465594 0.06407189 0.8510891 0.06863701 0.8376544 0.07787555 0.8465594 0.06407189 0.8376544 0.07787555 0.8377391 0.06680762 0.8618956 0.0612058 0.8510891 0.06863701 0.8465594 0.06407189 0.8377391 0.06680762 0.8310771 0.06394857 0.8379153 0.04970067 0.8465594 0.06407189 0.8377391 0.06680762 0.8379153 0.04970067 0.8310771 0.06394857 0.8315072 0.03925991 0.8379153 0.04970067 0.8379153 0.04970067 0.8315072 0.03925991 0.8502854 0.04837888 0.8465594 0.06407189 0.8478829 0.05448281 0.8618956 0.0612058 0.8379153 0.04970067 0.8478829 0.05448281 0.8465594 0.06407189 0.8618956 0.0612058 0.8478829 0.05448281 0.872693 0.05926042 0.8478829 0.05448281 0.8379153 0.04970067 0.8502854 0.04837888 0.8478829 0.05448281 0.8502854 0.04837888 0.872693 0.05926042 0.9629356 0.3490266 0.9916963 0.3951613 0.9590579 0.357809 0.9629356 0.3490266 0.9590579 0.357809 0.9438115 0.3183372 0.9916963 0.3951613 0.9740799 0.382355 0.9590579 0.357809 0.9740799 0.382355 0.9916963 0.3951613 0.9514344 0.3943722 0.9590579 0.357809 0.9469746 0.3380649 0.9438115 0.3183372 0.9560832 0.3822004 0.9740799 0.382355 0.9514344 0.3943722 0.9516349 0.3660851 0.9590579 0.357809 0.9740799 0.382355 0.9516349 0.3660851 0.9740799 0.382355 0.9560832 0.3822004 0.9469746 0.3380649 0.9590579 0.357809 0.9516349 0.3660851 0.9560832 0.3822004 0.9514344 0.3943722 0.9282672 0.3818783 0.9516349 0.3660851 0.9560832 0.3822004 0.9282672 0.3818783 0.9514344 0.3943722 0.9112904 0.3935864 0.9282672 0.3818783 0.9282672 0.3818783 0.9112904 0.3935864 0.926118 0.3592774 0.9516349 0.3660851 0.936043 0.3636668 0.9469746 0.3380649 0.9282672 0.3818783 0.936043 0.3636668 0.9516349 0.3660851 0.9469746 0.3380649 0.936043 0.3636668 0.9438115 0.3183372 0.936043 0.3636668 0.9282672 0.3818783 0.926118 0.3592774 0.936043 0.3636668 0.926118 0.3592774 0.9438115 0.3183372 0.8967202 0.1686867 0.8790323 0.1434358 0.899105 0.1638798 0.8967202 0.1686867 0.899105 0.1638798 0.9084816 0.1854839 0.8790323 0.1434358 0.8898665 0.1504451 0.899105 0.1638798 0.8898665 0.1504451 0.8790323 0.1434358 0.9037935 0.1438677 0.899105 0.1638798 0.9065363 0.1746864 0.9084816 0.1854839 0.9009345 0.1505298 0.8898665 0.1504451 0.9037935 0.1438677 0.9036702 0.1593501 0.899105 0.1638798 0.8898665 0.1504451 0.9036702 0.1593501 0.8898665 0.1504451 0.9009345 0.1505298 0.9065363 0.1746864 0.899105 0.1638798 0.9036702 0.1593501 0.9009345 0.1505298 0.9037935 0.1438677 0.9180414 0.150706 0.9036702 0.1593501 0.9009345 0.1505298 0.9180414 0.150706 0.9037935 0.1438677 0.9284822 0.1442978 0.9180414 0.150706 0.9180414 0.150706 0.9284822 0.1442978 0.9193632 0.1630761 0.9036702 0.1593501 0.9132593 0.1606737 0.9065363 0.1746864 0.9180414 0.150706 0.9132593 0.1606737 0.9036702 0.1593501 0.9065363 0.1746864 0.9132593 0.1606737 0.9084816 0.1854839 0.9132593 0.1606737 0.9180414 0.150706 0.9193632 0.1630761 0.9132593 0.1606737 0.9193632 0.1630761 0.9084816 0.1854839 0.8432769 0.3806011 0.8145161 0.3344663 0.8471546 0.3718187 0.8432769 0.3806011 0.8471546 0.3718187 0.8624011 0.4112904 0.8145161 0.3344663 0.8321326 0.3472727 0.8471546 0.3718187 0.8321326 0.3472727 0.8145161 0.3344663 0.8547781 0.3352555 0.8471546 0.3718187 0.859238 0.3915627 0.8624011 0.4112904 0.8501293 0.3474273 0.8321326 0.3472727 0.8547781 0.3352555 0.8545777 0.3635426 0.8471546 0.3718187 0.8321326 0.3472727 0.8545777 0.3635426 0.8321326 0.3472727 0.8501293 0.3474273 0.859238 0.3915627 0.8471546 0.3718187 0.8545777 0.3635426 0.8501293 0.3474273 0.8547781 0.3352555 0.8779454 0.3477494 0.8545777 0.3635426 0.8501293 0.3474273 0.8779454 0.3477494 0.8547781 0.3352555 0.8949224 0.3360413 0.8779454 0.3477494 0.8779454 0.3477494 0.8949224 0.3360413 0.8800947 0.3703502 0.8545777 0.3635426 0.8701696 0.3659608 0.859238 0.3915627 0.8779454 0.3477494 0.8701696 0.3659608 0.8545777 0.3635426 0.859238 0.3915627 0.8701696 0.3659608 0.8624011 0.4112904 0.8701696 0.3659608 0.8779454 0.3477494 0.8800947 0.3703502 0.8701696 0.3659608 0.8800947 0.3703502 0.8624011 0.4112904 0.8313132 0.1375926 0.8565639 0.1199045 0.83612 0.1399774 0.8313132 0.1375926 0.83612 0.1399774 0.8145161 0.1493541 0.8565639 0.1199045 0.8495547 0.1307387 0.83612 0.1399774 0.8495547 0.1307387 0.8565639 0.1199045 0.856132 0.1446659 0.83612 0.1399774 0.8253136 0.1474087 0.8145161 0.1493541 0.8494701 0.1418069 0.8495547 0.1307387 0.856132 0.1446659 0.8406497 0.1445426 0.83612 0.1399774 0.8495547 0.1307387 0.8406497 0.1445426 0.8495547 0.1307387 0.8494701 0.1418069 0.8253136 0.1474087 0.83612 0.1399774 0.8406497 0.1445426 0.8494701 0.1418069 0.856132 0.1446659 0.8492938 0.1589139 0.8406497 0.1445426 0.8494701 0.1418069 0.8492938 0.1589139 0.856132 0.1446659 0.855702 0.1693549 0.8492938 0.1589139 0.8492938 0.1589139 0.855702 0.1693549 0.8369238 0.1602357 0.8406497 0.1445426 0.8393262 0.1541317 0.8253136 0.1474087 0.8492938 0.1589139 0.8393262 0.1541317 0.8406497 0.1445426 0.8253136 0.1474087 0.8393262 0.1541317 0.8145161 0.1493541 0.8393262 0.1541317 0.8492938 0.1589139 0.8369238 0.1602357 0.8393262 0.1541317 0.8369238 0.1602357 0.8145161 0.1493541 0.1497288 0.5587042 0.1209677 0.6048387 0.1536065 0.5674865 0.1497288 0.5587042 0.1536065 0.5674865 0.1688531 0.528015 0.1209677 0.6048387 0.1385844 0.5920324 0.1536065 0.5674865 0.1385844 0.5920324 0.1209677 0.6048387 0.1612301 0.6040496 0.1536065 0.5674865 0.16569 0.5477426 0.1688531 0.528015 0.1565812 0.5918778 0.1385844 0.5920324 0.1612301 0.6040496 0.1610296 0.5757626 0.1536065 0.5674865 0.1385844 0.5920324 0.1610296 0.5757626 0.1385844 0.5920324 0.1565812 0.5918778 0.16569 0.5477426 0.1536065 0.5674865 0.1610296 0.5757626 0.1565812 0.5918778 0.1612301 0.6040496 0.1843975 0.5915558 0.1610296 0.5757626 0.1565812 0.5918778 0.1843975 0.5915558 0.1612301 0.6040496 0.2013746 0.6032639 0.1843975 0.5915558 0.1843975 0.5915558 0.2013746 0.6032639 0.1865468 0.568955 0.1610296 0.5757626 0.1766217 0.5733444 0.16569 0.5477426 0.1843975 0.5915558 0.1766217 0.5733444 0.1610296 0.5757626 0.16569 0.5477426 0.1766217 0.5733444 0.1688531 0.528015 0.1766217 0.5733444 0.1843975 0.5915558 0.1865468 0.568955 0.1766217 0.5733444 0.1865468 0.568955 0.1688531 0.528015 0.0251249 0.3737016 0.008064508 0.3617509 0.02187722 0.3753128 0.0251249 0.3737016 0.02187722 0.3753128 0.03647369 0.3816481 0.008064508 0.3617509 0.01280021 0.3690709 0.02187722 0.3753128 0.01280021 0.3690709 0.008064508 0.3617509 0.008356273 0.3784806 0.02187722 0.3753128 0.0291785 0.3803337 0.03647369 0.3816481 0.01285737 0.3765489 0.01280021 0.3690709 0.008356273 0.3784806 0.01881676 0.3783972 0.02187722 0.3753128 0.01280021 0.3690709 0.01881676 0.3783972 0.01280021 0.3690709 0.01285737 0.3765489 0.0291785 0.3803337 0.02187722 0.3753128 0.01881676 0.3783972 0.01285737 0.3765489 0.008356273 0.3784806 0.01297646 0.3881071 0.01881676 0.3783972 0.01285737 0.3765489 0.01297646 0.3881071 0.008356273 0.3784806 0.008646905 0.3951613 0.01297646 0.3881071 0.01297646 0.3881071 0.008646905 0.3951613 0.02133417 0.3890001 0.01881676 0.3783972 0.01971101 0.384876 0.0291785 0.3803337 0.01297646 0.3881071 0.01971101 0.384876 0.01881676 0.3783972 0.0291785 0.3803337 0.01971101 0.384876 0.03647369 0.3816481 0.01971101 0.384876 0.01297646 0.3881071 0.02133417 0.3890001 0.01971101 0.384876 0.02133417 0.3890001 0.03647369 0.3816481 0.8940735 0.2950842 0.8629032 0.3145161 0.8881398 0.2924643 0.8940735 0.2950842 0.8881398 0.2924643 0.9148083 0.2821632 0.8629032 0.3145161 0.8715556 0.3026137 0.8881398 0.2924643 0.8715556 0.3026137 0.8629032 0.3145161 0.8634364 0.2873135 0.8881398 0.2924643 0.9014796 0.2843003 0.9148083 0.2821632 0.8716601 0.2904545 0.8715556 0.3026137 0.8634364 0.2873135 0.8825482 0.287449 0.8881398 0.2924643 0.8715556 0.3026137 0.8825482 0.287449 0.8715556 0.3026137 0.8716601 0.2904545 0.9014796 0.2843003 0.8881398 0.2924643 0.8825482 0.287449 0.8716601 0.2904545 0.8634364 0.2873135 0.8718777 0.2716608 0.8825482 0.287449 0.8716601 0.2904545 0.8718777 0.2716608 0.8634364 0.2873135 0.8639673 0.2601906 0.8718777 0.2716608 0.8718777 0.2716608 0.8639673 0.2601906 0.8871476 0.2702087 0.8825482 0.287449 0.884182 0.2769145 0.9014796 0.2843003 0.8718777 0.2716608 0.884182 0.2769145 0.8825482 0.287449 0.9014796 0.2843003 0.884182 0.2769145 0.9148083 0.2821632 0.884182 0.2769145 0.8718777 0.2716608 0.8871476 0.2702087 0.884182 0.2769145 0.8871476 0.2702087 0.9148083 0.2821632 0.1645746 0.2124115 0.181635 0.2004609 0.1678223 0.2140227 0.1645746 0.2124115 0.1678223 0.2140227 0.1532258 0.2203578 0.181635 0.2004609 0.1768993 0.2077808 0.1678223 0.2140227 0.1768993 0.2077808 0.181635 0.2004609 0.1813433 0.2171904 0.1678223 0.2140227 0.160521 0.2190435 0.1532258 0.2203578 0.1768422 0.2152587 0.1768993 0.2077808 0.1813433 0.2171904 0.1708828 0.2171071 0.1678223 0.2140227 0.1768993 0.2077808 0.1708828 0.2171071 0.1768993 0.2077808 0.1768422 0.2152587 0.160521 0.2190435 0.1678223 0.2140227 0.1708828 0.2171071 0.1768422 0.2152587 0.1813433 0.2171904 0.1767231 0.2268168 0.1708828 0.2171071 0.1768422 0.2152587 0.1767231 0.2268168 0.1813433 0.2171904 0.1810526 0.233871 0.1767231 0.2268168 0.1767231 0.2268168 0.1810526 0.233871 0.1683653 0.2277098 0.1708828 0.2171071 0.1699885 0.2235858 0.160521 0.2190435 0.1767231 0.2268168 0.1699885 0.2235858 0.1708828 0.2171071 0.160521 0.2190435 0.1699885 0.2235858 0.1532258 0.2203578 0.1699885 0.2235858 0.1767231 0.2268168 0.1683653 0.2277098 0.1699885 0.2235858 0.1683653 0.2277098 0.1532258 0.2203578 0.7365065 0.2188298 0.7559384 0.25 0.7338865 0.2247635 0.7365065 0.2188298 0.7338865 0.2247635 0.7235855 0.198095 0.7559384 0.25 0.744036 0.2413476 0.7338865 0.2247635 0.744036 0.2413476 0.7559384 0.25 0.7287359 0.2494668 0.7338865 0.2247635 0.7257226 0.2114236 0.7235855 0.198095 0.7318768 0.2412431 0.744036 0.2413476 0.7287359 0.2494668 0.7288713 0.2303551 0.7338865 0.2247635 0.744036 0.2413476 0.7288713 0.2303551 0.744036 0.2413476 0.7318768 0.2412431 0.7257226 0.2114236 0.7338865 0.2247635 0.7288713 0.2303551 0.7318768 0.2412431 0.7287359 0.2494668 0.7130832 0.2410255 0.7288713 0.2303551 0.7318768 0.2412431 0.7130832 0.2410255 0.7287359 0.2494668 0.7016129 0.2489359 0.7130832 0.2410255 0.7130832 0.2410255 0.7016129 0.2489359 0.711631 0.2257556 0.7288713 0.2303551 0.7183368 0.2287212 0.7257226 0.2114236 0.7130832 0.2410255 0.7183368 0.2287212 0.7288713 0.2303551 0.7257226 0.2114236 0.7183368 0.2287212 0.7235855 0.198095 0.7183368 0.2287212 0.7130832 0.2410255 0.711631 0.2257556 0.7183368 0.2287212 0.711631 0.2257556 0.7235855 0.198095 0.5940402 0.4748752 0.6059909 0.4919355 0.592429 0.4781228 0.5940402 0.4748752 0.592429 0.4781228 0.5860938 0.4635264 0.6059909 0.4919355 0.5986709 0.4871998 0.592429 0.4781228 0.5986709 0.4871998 0.6059909 0.4919355 0.5892613 0.4916437 0.592429 0.4781228 0.5874081 0.4708216 0.5860938 0.4635264 0.591193 0.4871426 0.5986709 0.4871998 0.5892613 0.4916437 0.5893446 0.4811833 0.592429 0.4781228 0.5986709 0.4871998 0.5893446 0.4811833 0.5986709 0.4871998 0.591193 0.4871426 0.5874081 0.4708216 0.592429 0.4781228 0.5893446 0.4811833 0.591193 0.4871426 0.5892613 0.4916437 0.5796349 0.4870235 0.5893446 0.4811833 0.591193 0.4871426 0.5796349 0.4870235 0.5892613 0.4916437 0.5725806 0.4913531 0.5796349 0.4870235 0.5796349 0.4870235 0.5725806 0.4913531 0.5787418 0.4786658 0.5893446 0.4811833 0.5828658 0.4802891 0.5874081 0.4708216 0.5796349 0.4870235 0.5828658 0.4802891 0.5893446 0.4811833 0.5874081 0.4708216 0.5828658 0.4802891 0.5860938 0.4635264 0.5828658 0.4802891 0.5796349 0.4870235 0.5787418 0.4786658 0.5828658 0.4802891 0.5787418 0.4786658 0.5860938 0.4635264 0.1565287 0.847862 0.1370967 0.8790323 0.1591486 0.8537958 0.1565287 0.847862 0.1591486 0.8537958 0.1694498 0.8271272 0.1370967 0.8790323 0.1489992 0.8703798 0.1591486 0.8537958 0.1489992 0.8703798 0.1370967 0.8790323 0.1642994 0.8784991 0.1591486 0.8537958 0.1673126 0.8404559 0.1694498 0.8271272 0.1611585 0.8702754 0.1489992 0.8703798 0.1642994 0.8784991 0.1641639 0.8593873 0.1591486 0.8537958 0.1489992 0.8703798 0.1641639 0.8593873 0.1489992 0.8703798 0.1611585 0.8702754 0.1673126 0.8404559 0.1591486 0.8537958 0.1641639 0.8593873 0.1611585 0.8702754 0.1642994 0.8784991 0.1799521 0.8700578 0.1641639 0.8593873 0.1611585 0.8702754 0.1799521 0.8700578 0.1642994 0.8784991 0.1914224 0.8779682 0.1799521 0.8700578 0.1799521 0.8700578 0.1914224 0.8779682 0.1814042 0.8547878 0.1641639 0.8593873 0.1746985 0.8577535 0.1673126 0.8404559 0.1799521 0.8700578 0.1746985 0.8577535 0.1641639 0.8593873 0.1673126 0.8404559 0.1746985 0.8577535 0.1694498 0.8271272 0.1746985 0.8577535 0.1799521 0.8700578 0.1814042 0.8547878 0.1746985 0.8577535 0.1814042 0.8547878 0.1694498 0.8271272 0.6461896 0.9865782 0.4332584 0.988549 0.6457915 0.9781717 0.4332584 0.988549 0.4331303 0.9792343 0.6457915 0.9781717 0.4332584 0.988549 0.220859 0.9890254 0.4331303 0.9792343 0.6457915 0.9781717 0.4331303 0.9792343 0.6454332 0.969757 0.220859 0.9890254 0.2209861 0.9792441 0.4331303 0.9792343 0.220859 0.9890254 0.009179234 0.9919355 0.2209861 0.9792441 0.009179234 0.9919355 0.00924766 0.9810046 0.2209861 0.9792441 0.4331303 0.9792343 0.4331964 0.9699361 0.6454332 0.969757 0.4331303 0.9792343 0.2209861 0.9792441 0.4331964 0.9699361 0.6454332 0.969757 0.4331964 0.9699361 0.6453084 0.961327 0.2209861 0.9792441 0.00924766 0.9810046 0.2211528 0.9694581 0.2209861 0.9792441 0.2211528 0.9694581 0.4331964 0.9699361 0.00924766 0.9810046 0.009000837 0.9700885 0.2211528 0.9694581 0.4331964 0.9699361 0.4334104 0.9606513 0.6453084 0.961327 0.4331964 0.9699361 0.2211528 0.9694581 0.4334104 0.9606513 0.6453084 0.961327 0.4334104 0.9606513 0.6454919 0.952889 0.2211528 0.9694581 0.009000837 0.9700885 0.2212463 0.9596599 0.2211528 0.9694581 0.2212463 0.9596599 0.4334104 0.9606513 0.009000837 0.9700885 0.008544504 0.9591925 0.2212463 0.9596599 0.4334104 0.9606513 0.4336603 0.9513712 0.6454919 0.952889 0.4334104 0.9606513 0.2212463 0.9596599 0.4336603 0.9513712 0.6454919 0.952889 0.4336603 0.9513712 0.6459051 0.9444654 0.2212463 0.9596599 0.008544504 0.9591925 0.2212198 0.9498406 0.2212463 0.9596599 0.2212198 0.9498406 0.4336603 0.9513712 0.008544504 0.9591925 0.008143126 0.948303 0.2212198 0.9498406 0.4336603 0.9513712 0.4338278 0.9420885 0.6459051 0.9444654 0.4336603 0.9513712 0.2212198 0.9498406 0.4338278 0.9420885 0.6459051 0.9444654 0.4338278 0.9420885 0.6463546 0.9360527 0.2212198 0.9498406 0.008143126 0.948303 0.221125 0.9400182 0.2212198 0.9498406 0.221125 0.9400182 0.4338278 0.9420885 0.008143126 0.948303 0.008064508 0.937406 0.221125 0.9400182 0.4338278 0.9420885 0.4338688 0.9328041 0.6463546 0.9360527 0.4338278 0.9420885 0.221125 0.9400182 0.4338688 0.9328041 0.6463546 0.9360527 0.4338688 0.9328041 0.6466461 0.92764 0.221125 0.9400182 0.008064508 0.937406 0.2210684 0.9302098 0.221125 0.9400182 0.2210684 0.9302098 0.4338688 0.9328041 0.008064508 0.937406 0.008424758 0.9265142 0.2210684 0.9302098 0.4338688 0.9328041 0.4338296 0.923502 0.6466461 0.92764 0.4338688 0.9328041 0.2210684 0.9302098 0.4338296 0.923502 0.6466461 0.92764 0.4338296 0.923502 0.6466997 0.919223 0.4338296 0.923502 0.4338236 0.9141851 0.6466997 0.919223 0.2210684 0.9302098 0.008424758 0.9265142 0.2211652 0.9204224 0.2210684 0.9302098 0.2211652 0.9204224 0.4338296 0.923502 0.4338296 0.923502 0.2211652 0.9204224 0.4338236 0.9141851 0.008424758 0.9265142 0.009110331 0.9156269 0.2211652 0.9204224 0.2211652 0.9204224 0.221462 0.9106445 0.4338236 0.9141851 0.2211652 0.9204224 0.009110331 0.9156269 0.221462 0.9106445 0.009110331 0.9156269 0.00985676 0.9047294 0.221462 0.9106445 0.777055 0.3629033 0.7693029 0.3596403 0.7771177 0.3519144 0.7848445 0.3597291 0.777055 0.3629033 0.7771177 0.3519144 0.7693029 0.3596403 0.766129 0.3518517 0.7771177 0.3519144 0.788107 0.3519771 0.7848445 0.3597291 0.7771177 0.3519144 0.766129 0.3518517 0.769392 0.3440996 0.7771177 0.3519144 0.7849332 0.3441884 0.788107 0.3519771 0.7771177 0.3519144 0.769392 0.3440996 0.7771806 0.3409254 0.7771177 0.3519144 0.7771806 0.3409254 0.7849332 0.3441884 0.7771177 0.3519144 0.5606897 0.3384778 0.570807 0.3343546 0.5707255 0.3486289 0.5564516 0.3485474 0.5606897 0.3384778 0.5707255 0.3486289 0.570807 0.3343546 0.5808767 0.3385932 0.5707255 0.3486289 0.5605749 0.3586647 0.5564516 0.3485474 0.5707255 0.3486289 0.5808767 0.3385932 0.585 0.3487105 0.5707255 0.3486289 0.5706441 0.3629032 0.5605749 0.3586647 0.5707255 0.3486289 0.585 0.3487105 0.5807614 0.35878 0.5707255 0.3486289 0.5807614 0.35878 0.5706441 0.3629032 0.5707255 0.3486289</float_array>
          <technique_common>
            <accessor source="#SM_KB3D_MTM_PropCropTomatoes_A_Main-mesh-map-1-array" count="9372" stride="2">
              <param name="S" type="float"/>
              <param name="T" type="float"/>
            </accessor>
          </technique_common>
        </source>
        <vertices id="SM_KB3D_MTM_PropCropTomatoes_A_Main-mesh-vertices">
          <input semantic="POSITION" source="#SM_KB3D_MTM_PropCropTomatoes_A_Main-mesh-positions"/>
        </vertices>
        <triangles material="MI_KB3D_MTM_PlantsHTC-material" count="3060">
          <input semantic="VERTEX" source="#SM_KB3D_MTM_PropCropTomatoes_A_Main-mesh-vertices" offset="0"/>
          <input semantic="NORMAL" source="#SM_KB3D_MTM_PropCropTomatoes_A_Main-mesh-normals" offset="1"/>
          <input semantic="TEXCOORD" source="#SM_KB3D_MTM_PropCropTomatoes_A_Main-mesh-map-0" offset="2" set="0"/>
          <input semantic="TEXCOORD" source="#SM_KB3D_MTM_PropCropTomatoes_A_Main-mesh-map-1" offset="2" set="1"/>
          <p>0 0 0 1 1 1 2 2 2 3 3 3 0 0 4 2 2 5 3 3 6 2 2 7 4 4 8 5 5 9 3 3 10 4 4 11 5 5 12 4 4 13 6 6 14 7 7 15 5 5 16 6 6 17 7 7 18 6 6 19 8 8 20 9 9 21 7 7 22 8 8 23 9 9 24 8 8 25 10 10 26 11 11 27 9 9 28 10 10 29 12 12 30 11 11 31 10 10 32 12 12 33 10 10 34 13 13 35 12 12 36 14 14 37 11 11 38 12 12 39 13 13 40 15 15 41 16 16 42 14 14 43 12 12 44 17 17 45 16 16 46 12 12 47 17 17 48 12 12 49 15 15 50 16 16 51 17 17 52 18 18 53 17 17 54 15 15 55 19 19 56 17 17 57 19 19 58 18 18 59 15 15 60 20 20 61 19 19 62 18 18 63 19 19 64 21 21 65 21 21 66 19 19 67 20 20 68 22 22 69 23 23 70 24 24 71 25 25 72 22 22 73 24 24 74 25 25 75 24 24 76 26 26 77 27 27 78 25 25 79 26 26 80 28 28 81 27 27 82 26 26 83 28 28 84 26 26 85 29 29 86 28 28 87 30 30 88 27 27 89 28 28 90 29 29 91 31 31 92 32 32 93 30 30 94 28 28 95 33 33 96 32 32 97 28 28 98 33 33 99 28 28 100 31 31 101 32 32 102 33 33 103 34 34 104 33 33 105 31 31 106 35 35 107 33 33 108 35 35 109 34 34 110 31 31 111 36 36 112 35 35 113 34 34 114 35 35 115 37 37 116 37 37 117 35 35 118 36 36 119 38 38 120 39 39 121 40 40 122 41 41 123 38 38 124 40 40 125 41 41 126 40 40 127 42 42 128 43 43 129 41 41 130 42 42 131 44 44 132 43 43 133 42 42 134 44 44 135 42 42 136 45 45 137 44 44 138 46 46 139 43 43 140 44 44 141 45 45 142 47 47 143 48 48 144 46 46 145 44 44 146 49 49 147 48 48 148 44 44 149 49 49 150 44 44 151 47 47 152 48 48 153 49 49 154 50 50 155 49 49 156 47 47 157 51 51 158 49 49 159 51 51 160 50 50 161 47 47 162 52 52 163 51 51 164 50 50 165 51 51 166 53 53 167 53 53 168 51 51 169 52 52 170 54 54 171 55 55 172 56 56 173 57 57 174 54 54 175 56 56 176 57 57 177 56 56 178 58 58 179 59 59 180 57 57 181 58 58 182 60 60 183 59 59 184 58 58 185 60 60 186 58 58 187 61 61 188 60 60 189 62 62 190 59 59 191 60 60 192 61 61 193 63 63 194 64 64 195 62 62 196 60 60 197 65 65 198 64 64 199 60 60 200 65 65 201 60 60 202 63 63 203 64 64 204 65 65 205 66 66 206 65 65 207 63 63 208 67 67 209 65 65 210 67 67 211 66 66 212 63 63 213 68 68 214 67 67 215 66 66 216 67 67 217 69 69 218 69 69 219 67 67 220 68 68 221 70 70 222 71 71 223 72 72 224 73 73 225 70 70 226 72 72 227 73 73 228 72 72 229 74 74 230 75 75 231 73 73 232 74 74 233 76 76 234 75 75 235 74 74 236 76 76 237 74 74 238 77 77 239 76 76 240 78 78 241 75 75 242 76 76 243 77 77 244 79 79 245 80 80 246 78 78 247 76 76 248 81 81 249 80 80 250 76 76 251 81 81 252 76 76 253 79 79 254 80 80 255 81 81 256 82 82 257 81 81 258 79 79 259 83 83 260 81 81 261 83 83 262 82 82 263 79 79 264 84 84 265 83 83 266 82 82 267 83 83 268 85 85 269 85 85 270 83 83 271 84 84 272 86 86 273 87 87 274 88 88 275 89 89 276 86 86 277 88 88 278 89 89 279 88 88 280 90 90 281 91 91 282 89 89 283 90 90 284 91 91 285 90 90 286 92 92 287 93 93 288 91 91 289 92 92 290 93 93 291 92 92 292 94 94 293 95 95 294 93 93 295 94 94 296 95 95 297 94 94 298 96 96 299 97 97 300 95 95 301 96 96 302 98 98 303 97 97 304 96 96 305 98 98 306 96 96 307 99 99 308 98 98 309 100 100 310 97 97 311 98 98 312 99 99 313 101 101 314 102 102 315 100 100 316 98 98 317 103 103 318 102 102 319 98 98 320 103 103 321 98 98 322 101 101 323 102 102 324 103 103 325 104 104 326 103 103 327 101 101 328 105 105 329 103 103 330 105 105 331 104 104 332 101 101 333 106 106 334 105 105 335 104 104 336 105 105 337 107 107 338 107 107 339 105 105 340 106 106 341 108 108 342 109 109 343 110 110 344 111 111 345 108 108 346 110 110 347 111 111 348 110 110 349 112 112 350 113 113 351 111 111 352 112 112 353 114 114 354 113 113 355 112 112 356 114 114 357 112 112 358 115 115 359 114 114 360 116 116 361 113 113 362 114 114 363 115 115 364 117 117 365 118 118 366 116 116 367 114 114 368 119 119 369 118 118 370 114 114 371 119 119 372 114 114 373 117 117 374 118 118 375 119 119 376 120 120 377 119 119 378 117 117 379 121 121 380 119 119 381 121 121 382 120 120 383 117 117 384 122 122 385 121 121 386 120 120 387 121 121 388 123 123 389 123 123 390 121 121 391 122 122 392 124 124 393 125 125 394 126 126 395 127 127 396 124 124 397 126 126 398 127 127 399 126 126 400 128 128 401 129 129 402 127 127 403 128 128 404 130 130 405 129 129 406 128 128 407 130 130 408 128 128 409 131 131 410 130 130 411 132 132 412 129 129 413 130 130 414 131 131 415 133 133 416 134 134 417 132 132 418 130 130 419 135 135 420 134 134 421 130 130 422 135 135 423 130 130 424 133 133 425 134 134 426 135 135 427 136 136 428 135 135 429 133 133 430 137 137 431 135 135 432 137 137 433 136 136 434 133 133 435 138 138 436 137 137 437 136 136 438 137 137 439 139 139 440 139 139 441 137 137 442 138 138 443 140 140 444 141 141 445 142 142 446 143 143 447 140 140 448 142 142 449 143 143 450 142 142 451 144 144 452 145 145 453 143 143 454 144 144 455 146 146 456 145 145 457 144 144 458 146 146 459 144 144 460 147 147 461 146 146 462 148 148 463 145 145 464 146 146 465 147 147 466 149 149 467 150 150 468 148 148 469 146 146 470 151 151 471 150 150 472 146 146 473 151 151 474 146 146 475 149 149 476 150 150 477 151 151 478 152 152 479 151 151 480 149 149 481 153 153 482 151 151 483 153 153 484 152 152 485 149 149 486 154 154 487 153 153 488 152 152 489 153 153 490 155 155 491 155 155 492 153 153 493 154 154 494 156 156 495 157 157 496 158 158 497 159 159 498 156 156 499 158 158 500 159 159 501 158 158 502 160 160 503 161 161 504 159 159 505 160 160 506 162 162 507 161 161 508 160 160 509 162 162 510 160 160 511 163 163 512 162 162 513 164 164 514 161 161 515 162 162 516 163 163 517 165 165 518 166 166 519 164 164 520 162 162 521 167 167 522 166 166 523 162 162 524 167 167 525 162 162 526 165 165 527 166 166 528 167 167 529 168 168 530 167 167 531 165 165 532 169 169 533 167 167 534 169 169 535 168 168 536 165 165 537 170 170 538 169 169 539 168 168 540 169 169 541 171 171 542 171 171 543 169 169 544 170 170 545 172 172 546 173 173 547 174 174 548 175 175 549 172 172 550 174 174 551 175 175 552 174 174 553 176 176 554 177 177 555 175 175 556 176 176 557 177 177 558 176 176 559 178 178 560 179 179 561 177 177 562 178 178 563 179 179 564 178 178 565 180 180 566 181 181 567 179 179 568 180 180 569 181 181 570 180 180 571 182 182 572 183 183 573 181 181 574 182 182 575 184 184 576 183 183 577 182 182 578 184 184 579 182 182 580 185 185 581 184 184 582 186 186 583 183 183 584 184 184 585 185 185 586 187 187 587 188 188 588 186 186 589 184 184 590 189 189 591 188 188 592 184 184 593 189 189 594 184 184 595 187 187 596 188 188 597 189 189 598 190 190 599 189 189 600 187 187 601 191 191 602 189 189 603 191 191 604 190 190 605 187 187 606 192 192 607 191 191 608 190 190 609 191 191 610 193 193 611 193 193 612 191 191 613 192 192 614 194 194 615 195 195 616 196 196 617 197 197 618 194 194 619 196 196 620 197 197 621 196 196 622 198 198 623 199 199 624 197 197 625 198 198 626 200 200 627 199 199 628 198 198 629 200 200 630 198 198 631 201 201 632 200 200 633 202 202 634 199 199 635 200 200 636 201 201 637 203 203 638 204 204 639 202 202 640 200 200 641 205 205 642 204 204 643 200 200 644 205 205 645 200 200 646 203 203 647 204 204 648 205 205 649 206 206 650 205 205 651 203 203 652 207 207 653 205 205 654 207 207 655 206 206 656 203 203 657 208 208 658 207 207 659 206 206 660 207 207 661 209 209 662 209 209 663 207 207 664 208 208 665 210 210 666 211 211 667 212 212 668 213 213 669 210 210 670 212 212 671 213 213 672 212 212 673 214 214 674 215 215 675 213 213 676 214 214 677 216 216 678 215 215 679 214 214 680 216 216 681 214 214 682 217 217 683 216 216 684 218 218 685 215 215 686 216 216 687 217 217 688 219 219 689 220 220 690 218 218 691 216 216 692 221 221 693 220 220 694 216 216 695 221 221 696 216 216 697 219 219 698 220 220 699 221 221 700 222 222 701 221 221 702 219 219 703 223 223 704 221 221 705 223 223 706 222 222 707 219 219 708 224 224 709 223 223 710 222 222 711 223 223 712 225 225 713 225 225 714 223 223 715 224 224 716 226 226 717 227 227 718 228 228 719 229 229 720 226 226 721 228 228 722 229 229 723 228 228 724 230 230 725 231 231 726 229 229 727 230 230 728 232 232 729 231 231 730 230 230 731 232 232 732 230 230 733 233 233 734 232 232 735 234 234 736 231 231 737 232 232 738 233 233 739 235 235 740 236 236 741 234 234 742 232 232 743 237 237 744 236 236 745 232 232 746 237 237 747 232 232 748 235 235 749 236 236 750 237 237 751 238 238 752 237 237 753 235 235 754 239 239 755 237 237 756 239 239 757 238 238 758 235 235 759 240 240 760 239 239 761 238 238 762 239 239 763 241 241 764 241 241 765 239 239 766 240 240 767 242 242 768 243 243 769 244 244 770 245 245 771 242 242 772 244 244 773 245 245 774 244 244 775 246 246 776 247 247 777 245 245 778 246 246 779 248 248 780 247 247 781 246 246 782 248 248 783 246 246 784 249 249 785 248 248 786 250 250 787 247 247 788 248 248 789 249 249 790 251 251 791 252 252 792 250 250 793 248 248 794 253 253 795 252 252 796 248 248 797 253 253 798 248 248 799 251 251 800 252 252 801 253 253 802 254 254 803 253 253 804 251 251 805 255 255 806 253 253 807 255 255 808 254 254 809 251 251 810 256 256 811 255 255 812 254 254 813 255 255 814 257 257 815 257 257 816 255 255 817 256 256 818 258 258 819 259 259 820 260 260 821 261 261 822 258 258 823 260 260 824 261 261 825 260 260 826 262 262 827 263 263 828 261 261 829 262 262 830 264 264 831 263 263 832 262 262 833 264 264 834 262 262 835 265 265 836 264 264 837 266 266 838 263 263 839 264 264 840 265 265 841 267 267 842 268 268 843 266 266 844 264 264 845 269 269 846 268 268 847 264 264 848 269 269 849 264 264 850 267 267 851 268 268 852 269 269 853 270 270 854 269 269 855 267 267 856 271 271 857 269 269 858 271 271 859 270 270 860 267 267 861 272 272 862 271 271 863 270 270 864 271 271 865 273 273 866 273 273 867 271 271 868 272 272 869 274 274 870 275 275 871 276 276 872 277 277 873 274 274 874 276 276 875 277 277 876 276 276 877 278 278 878 279 279 879 277 277 880 278 278 881 280 280 882 279 279 883 278 278 884 280 280 885 278 278 886 281 281 887 280 280 888 282 282 889 279 279 890 280 280 891 281 281 892 283 283 893 284 284 894 282 282 895 280 280 896 285 285 897 284 284 898 280 280 899 285 285 900 280 280 901 283 283 902 284 284 903 285 285 904 286 286 905 285 285 906 283 283 907 287 287 908 285 285 909 287 287 910 286 286 911 283 283 912 288 288 913 287 287 914 286 286 915 287 287 916 289 289 917 289 289 918 287 287 919 288 288 920 290 290 921 291 291 922 292 292 923 293 293 924 290 290 925 292 292 926 293 293 927 292 292 928 294 294 929 295 295 930 293 293 931 294 294 932 296 296 933 295 295 934 294 294 935 296 296 936 294 294 937 297 297 938 296 296 939 298 298 940 295 295 941 296 296 942 297 297 943 299 299 944 300 300 945 298 298 946 296 296 947 301 301 948 300 300 949 296 296 950 301 301 951 296 296 952 299 299 953 300 300 954 301 301 955 302 302 956 301 301 957 299 299 958 303 303 959 301 301 960 303 303 961 302 302 962 299 299 963 304 304 964 303 303 965 302 302 966 303 303 967 305 305 968 305 305 969 303 303 970 304 304 971 306 306 972 307 307 973 308 308 974 309 309 975 306 306 976 308 308 977 309 309 978 308 308 979 310 310 980 311 311 981 309 309 982 310 310 983 312 312 984 311 311 985 310 310 986 312 312 987 310 310 988 313 313 989 312 312 990 314 314 991 311 311 992 312 312 993 313 313 994 315 315 995 316 316 996 314 314 997 312 312 998 317 317 999 316 316 1000 312 312 1001 317 317 1002 312 312 1003 315 315 1004 316 316 1005 317 317 1006 318 318 1007 317 317 1008 315 315 1009 319 319 1010 317 317 1011 319 319 1012 318 318 1013 315 315 1014 320 320 1015 319 319 1016 318 318 1017 319 319 1018 321 321 1019 321 321 1020 319 319 1021 320 320 1022 322 322 1023 323 323 1024 324 324 1025 325 325 1026 322 322 1027 324 324 1028 325 325 1029 324 324 1030 326 326 1031 327 327 1032 325 325 1033 326 326 1034 327 327 1035 326 326 1036 328 328 1037 329 329 1038 327 327 1039 328 328 1040 330 330 1041 329 329 1042 328 328 1043 330 330 1044 328 328 1045 331 331 1046 330 330 1047 332 332 1048 329 329 1049 330 330 1050 331 331 1051 333 333 1052 334 334 1053 332 332 1054 330 330 1055 335 335 1056 334 334 1057 330 330 1058 335 335 1059 330 330 1060 333 333 1061 334 334 1062 335 335 1063 336 336 1064 335 335 1065 333 333 1066 337 337 1067 335 335 1068 337 337 1069 336 336 1070 333 333 1071 338 338 1072 337 337 1073 336 336 1074 337 337 1075 339 339 1076 339 339 1077 337 337 1078 338 338 1079 340 340 1080 341 341 1081 342 342 1082 343 343 1083 340 340 1084 342 342 1085 343 343 1086 342 342 1087 344 344 1088 345 345 1089 343 343 1090 344 344 1091 345 345 1092 344 344 1093 346 346 1094 347 347 1095 345 345 1096 346 346 1097 347 347 1098 346 346 1099 348 348 1100 349 349 1101 347 347 1102 348 348 1103 349 349 1104 348 348 1105 350 350 1106 351 351 1107 349 349 1108 350 350 1109 352 352 1110 351 351 1111 350 350 1112 352 352 1113 350 350 1114 353 353 1115 352 352 1116 354 354 1117 351 351 1118 352 352 1119 353 353 1120 355 355 1121 356 356 1122 354 354 1123 352 352 1124 357 357 1125 356 356 1126 352 352 1127 357 357 1128 352 352 1129 355 355 1130 356 356 1131 357 357 1132 358 358 1133 357 357 1134 355 355 1135 359 359 1136 357 357 1137 359 359 1138 358 358 1139 355 355 1140 360 360 1141 359 359 1142 358 358 1143 359 359 1144 361 361 1145 361 361 1146 359 359 1147 360 360 1148 362 362 1149 363 363 1150 364 364 1151 365 365 1152 362 362 1153 364 364 1154 365 365 1155 364 364 1156 366 366 1157 367 367 1158 365 365 1159 366 366 1160 368 368 1161 367 367 1162 366 366 1163 368 368 1164 366 366 1165 369 369 1166 368 368 1167 370 370 1168 367 367 1169 368 368 1170 369 369 1171 371 371 1172 372 372 1173 370 370 1174 368 368 1175 373 373 1176 372 372 1177 368 368 1178 373 373 1179 368 368 1180 371 371 1181 372 372 1182 373 373 1183 374 374 1184 373 373 1185 371 371 1186 375 375 1187 373 373 1188 375 375 1189 374 374 1190 371 371 1191 376 376 1192 375 375 1193 374 374 1194 375 375 1195 377 377 1196 377 377 1197 375 375 1198 376 376 1199 378 378 1200 379 379 1201 380 380 1202 381 381 1203 378 378 1204 380 380 1205 381 381 1206 380 380 1207 382 382 1208 383 383 1209 381 381 1210 382 382 1211 384 384 1212 383 383 1213 382 382 1214 384 384 1215 382 382 1216 385 385 1217 384 384 1218 386 386 1219 383 383 1220 384 384 1221 385 385 1222 387 387 1223 388 388 1224 386 386 1225 384 384 1226 389 389 1227 388 388 1228 384 384 1229 389 389 1230 384 384 1231 387 387 1232 388 388 1233 389 389 1234 390 390 1235 389 389 1236 387 387 1237 391 391 1238 389 389 1239 391 391 1240 390 390 1241 387 387 1242 392 392 1243 391 391 1244 390 390 1245 391 391 1246 393 393 1247 393 393 1248 391 391 1249 392 392 1250 394 394 1251 395 395 1252 396 396 1253 397 397 1254 394 394 1255 396 396 1256 397 397 1257 396 396 1258 398 398 1259 399 399 1260 397 397 1261 398 398 1262 400 400 1263 399 399 1264 398 398 1265 400 400 1266 398 398 1267 401 401 1268 400 400 1269 402 402 1270 399 399 1271 400 400 1272 401 401 1273 403 403 1274 404 404 1275 402 402 1276 400 400 1277 405 405 1278 404 404 1279 400 400 1280 405 405 1281 400 400 1282 403 403 1283 404 404 1284 405 405 1285 406 406 1286 405 405 1287 403 403 1288 407 407 1289 405 405 1290 407 407 1291 406 406 1292 403 403 1293 408 408 1294 407 407 1295 406 406 1296 407 407 1297 409 409 1298 409 409 1299 407 407 1300 408 408 1301 410 410 1302 411 411 1303 412 412 1304 413 413 1305 410 410 1306 412 412 1307 413 413 1308 412 412 1309 414 414 1310 415 415 1311 413 413 1312 414 414 1313 416 416 1314 415 415 1315 414 414 1316 416 416 1317 414 414 1318 417 417 1319 416 416 1320 418 418 1321 415 415 1322 416 416 1323 417 417 1324 419 419 1325 420 420 1326 418 418 1327 416 416 1328 421 421 1329 420 420 1330 416 416 1331 421 421 1332 416 416 1333 419 419 1334 420 420 1335 421 421 1336 422 422 1337 421 421 1338 419 419 1339 423 423 1340 421 421 1341 423 423 1342 422 422 1343 419 419 1344 424 424 1345 423 423 1346 422 422 1347 423 423 1348 425 425 1349 425 425 1350 423 423 1351 424 424 1352 426 426 1353 427 427 1354 428 428 1355 429 429 1356 426 426 1357 428 428 1358 429 429 1359 428 428 1360 430 430 1361 431 431 1362 429 429 1363 430 430 1364 431 431 1365 430 430 1366 432 432 1367 433 433 1368 431 431 1369 432 432 1370 433 433 1371 432 432 1372 434 434 1373 435 435 1374 433 433 1375 434 434 1376 435 435 1377 434 434 1378 436 436 1379 437 437 1380 435 435 1381 436 436 1382 438 438 1383 437 437 1384 436 436 1385 438 438 1386 436 436 1387 439 439 1388 438 438 1389 440 440 1390 437 437 1391 438 438 1392 439 439 1393 441 441 1394 442 442 1395 440 440 1396 438 438 1397 443 443 1398 442 442 1399 438 438 1400 443 443 1401 438 438 1402 441 441 1403 442 442 1404 443 443 1405 444 444 1406 443 443 1407 441 441 1408 445 445 1409 443 443 1410 445 445 1411 444 444 1412 441 441 1413 446 446 1414 445 445 1415 444 444 1416 445 445 1417 447 447 1418 447 447 1419 445 445 1420 446 446 1421 448 448 1422 449 449 1423 450 450 1424 451 451 1425 448 448 1426 450 450 1427 451 451 1428 450 450 1429 452 452 1430 453 453 1431 451 451 1432 452 452 1433 454 454 1434 453 453 1435 452 452 1436 454 454 1437 452 452 1438 455 455 1439 454 454 1440 456 456 1441 453 453 1442 454 454 1443 455 455 1444 457 457 1445 458 458 1446 456 456 1447 454 454 1448 459 459 1449 458 458 1450 454 454 1451 459 459 1452 454 454 1453 457 457 1454 458 458 1455 459 459 1456 460 460 1457 459 459 1458 457 457 1459 461 461 1460 459 459 1461 461 461 1462 460 460 1463 457 457 1464 462 462 1465 461 461 1466 460 460 1467 461 461 1468 463 463 1469 463 463 1470 461 461 1471 462 462 1472 464 464 1473 465 465 1474 466 466 1475 467 467 1476 464 464 1477 466 466 1478 467 467 1479 466 466 1480 468 468 1481 469 469 1482 467 467 1483 468 468 1484 470 470 1485 469 469 1486 468 468 1487 470 470 1488 468 468 1489 471 471 1490 470 470 1491 472 472 1492 469 469 1493 470 470 1494 471 471 1495 473 473 1496 474 474 1497 472 472 1498 470 470 1499 475 475 1500 474 474 1501 470 470 1502 475 475 1503 470 470 1504 473 473 1505 474 474 1506 475 475 1507 476 476 1508 475 475 1509 473 473 1510 477 477 1511 475 475 1512 477 477 1513 476 476 1514 473 473 1515 478 478 1516 477 477 1517 476 476 1518 477 477 1519 479 479 1520 479 479 1521 477 477 1522 478 478 1523 480 480 1524 481 481 1525 482 482 1526 483 483 1527 480 480 1528 482 482 1529 483 483 1530 482 482 1531 484 484 1532 485 485 1533 483 483 1534 484 484 1535 486 486 1536 485 485 1537 484 484 1538 486 486 1539 484 484 1540 487 487 1541 486 486 1542 488 488 1543 485 485 1544 486 486 1545 487 487 1546 489 489 1547 490 490 1548 488 488 1549 486 486 1550 491 491 1551 490 490 1552 486 486 1553 491 491 1554 486 486 1555 489 489 1556 490 490 1557 491 491 1558 492 492 1559 491 491 1560 489 489 1561 493 493 1562 491 491 1563 493 493 1564 492 492 1565 489 489 1566 494 494 1567 493 493 1568 492 492 1569 493 493 1570 495 495 1571 495 495 1572 493 493 1573 494 494 1574 496 496 1575 497 497 1576 498 498 1577 499 499 1578 496 496 1579 498 498 1580 499 499 1581 498 498 1582 500 500 1583 501 501 1584 499 499 1585 500 500 1586 502 502 1587 501 501 1588 500 500 1589 502 502 1590 500 500 1591 503 503 1592 502 502 1593 504 504 1594 501 501 1595 502 502 1596 503 503 1597 505 505 1598 506 506 1599 504 504 1600 502 502 1601 507 507 1602 506 506 1603 502 502 1604 507 507 1605 502 502 1606 505 505 1607 506 506 1608 507 507 1609 508 508 1610 507 507 1611 505 505 1612 509 509 1613 507 507 1614 509 509 1615 508 508 1616 505 505 1617 510 510 1618 509 509 1619 508 508 1620 509 509 1621 511 511 1622 511 511 1623 509 509 1624 510 510 1625 512 512 1626 513 513 1627 514 514 1628 515 515 1629 512 512 1630 514 514 1631 515 515 1632 514 514 1633 516 516 1634 517 517 1635 515 515 1636 516 516 1637 518 518 1638 517 517 1639 516 516 1640 518 518 1641 516 516 1642 519 519 1643 518 518 1644 520 520 1645 517 517 1646 518 518 1647 519 519 1648 521 521 1649 522 522 1650 520 520 1651 518 518 1652 523 523 1653 522 522 1654 518 518 1655 523 523 1656 518 518 1657 521 521 1658 522 522 1659 523 523 1660 524 524 1661 523 523 1662 521 521 1663 525 525 1664 523 523 1665 525 525 1666 524 524 1667 521 521 1668 526 526 1669 525 525 1670 524 524 1671 525 525 1672 527 527 1673 527 527 1674 525 525 1675 526 526 1676 528 528 1677 529 529 1678 530 530 1679 531 531 1680 528 528 1681 530 530 1682 531 531 1683 530 530 1684 532 532 1685 533 533 1686 531 531 1687 532 532 1688 534 534 1689 533 533 1690 532 532 1691 534 534 1692 532 532 1693 535 535 1694 534 534 1695 536 536 1696 533 533 1697 534 534 1698 535 535 1699 537 537 1700 538 538 1701 536 536 1702 534 534 1703 539 539 1704 538 538 1705 534 534 1706 539 539 1707 534 534 1708 537 537 1709 538 538 1710 539 539 1711 540 540 1712 539 539 1713 537 537 1714 541 541 1715 539 539 1716 541 541 1717 540 540 1718 537 537 1719 542 542 1720 541 541 1721 540 540 1722 541 541 1723 543 543 1724 543 543 1725 541 541 1726 542 542 1727 544 544 1728 545 545 1729 546 546 1730 547 547 1731 544 544 1732 546 546 1733 547 547 1734 546 546 1735 548 548 1736 549 549 1737 547 547 1738 548 548 1739 550 550 1740 549 549 1741 548 548 1742 550 550 1743 548 548 1744 551 551 1745 550 550 1746 552 552 1747 549 549 1748 550 550 1749 551 551 1750 553 553 1751 554 554 1752 552 552 1753 550 550 1754 555 555 1755 554 554 1756 550 550 1757 555 555 1758 550 550 1759 553 553 1760 554 554 1761 555 555 1762 556 556 1763 555 555 1764 553 553 1765 557 557 1766 555 555 1767 557 557 1768 556 556 1769 553 553 1770 558 558 1771 557 557 1772 556 556 1773 557 557 1774 559 559 1775 559 559 1776 557 557 1777 558 558 1778 560 560 1779 561 561 1780 562 562 1781 563 563 1782 560 560 1783 562 562 1784 563 563 1785 562 562 1786 564 564 1787 565 565 1788 563 563 1789 564 564 1790 565 565 1791 564 564 1792 566 566 1793 567 567 1794 565 565 1795 566 566 1796 567 567 1797 566 566 1798 568 568 1799 569 569 1800 567 567 1801 568 568 1802 570 570 1803 569 569 1804 568 568 1805 570 570 1806 568 568 1807 571 571 1808 570 570 1809 572 572 1810 569 569 1811 570 570 1812 571 571 1813 573 573 1814 574 574 1815 572 572 1816 570 570 1817 575 575 1818 574 574 1819 570 570 1820 575 575 1821 570 570 1822 573 573 1823 574 574 1824 575 575 1825 576 576 1826 575 575 1827 573 573 1828 577 577 1829 575 575 1830 577 577 1831 576 576 1832 573 573 1833 578 578 1834 577 577 1835 576 576 1836 577 577 1837 579 579 1838 579 579 1839 577 577 1840 578 578 1841 580 580 1842 581 581 1843 582 582 1844 583 583 1845 580 580 1846 582 582 1847 583 583 1848 582 582 1849 584 584 1850 585 585 1851 583 583 1852 584 584 1853 586 586 1854 585 585 1855 584 584 1856 586 586 1857 584 584 1858 587 587 1859 586 586 1860 588 588 1861 585 585 1862 586 586 1863 587 587 1864 589 589 1865 590 590 1866 588 588 1867 586 586 1868 591 591 1869 590 590 1870 586 586 1871 591 591 1872 586 586 1873 589 589 1874 590 590 1875 591 591 1876 592 592 1877 591 591 1878 589 589 1879 593 593 1880 591 591 1881 593 593 1882 592 592 1883 589 589 1884 594 594 1885 593 593 1886 592 592 1887 593 593 1888 595 595 1889 595 595 1890 593 593 1891 594 594 1892 596 596 1893 597 597 1894 598 598 1895 599 599 1896 596 596 1897 598 598 1898 599 599 1899 598 598 1900 600 600 1901 601 601 1902 599 599 1903 600 600 1904 602 602 1905 601 601 1906 600 600 1907 602 602 1908 600 600 1909 603 603 1910 602 602 1911 604 604 1912 601 601 1913 602 602 1914 603 603 1915 605 605 1916 606 606 1917 604 604 1918 602 602 1919 607 607 1920 606 606 1921 602 602 1922 607 607 1923 602 602 1924 605 605 1925 606 606 1926 607 607 1927 608 608 1928 607 607 1929 605 605 1930 609 609 1931 607 607 1932 609 609 1933 608 608 1934 605 605 1935 610 610 1936 609 609 1937 608 608 1938 609 609 1939 611 611 1940 611 611 1941 609 609 1942 610 610 1943 612 612 1944 613 613 1945 614 614 1946 615 615 1947 612 612 1948 614 614 1949 615 615 1950 614 614 1951 616 616 1952 617 617 1953 615 615 1954 616 616 1955 618 618 1956 617 617 1957 616 616 1958 618 618 1959 616 616 1960 619 619 1961 618 618 1962 620 620 1963 617 617 1964 618 618 1965 619 619 1966 621 621 1967 622 622 1968 620 620 1969 618 618 1970 623 623 1971 622 622 1972 618 618 1973 623 623 1974 618 618 1975 621 621 1976 622 622 1977 623 623 1978 624 624 1979 623 623 1980 621 621 1981 625 625 1982 623 623 1983 625 625 1984 624 624 1985 621 621 1986 626 626 1987 625 625 1988 624 624 1989 625 625 1990 627 627 1991 627 627 1992 625 625 1993 626 626 1994 628 628 1995 629 629 1996 630 630 1997 631 631 1998 628 628 1999 630 630 2000 631 631 2001 630 630 2002 632 632 2003 633 633 2004 631 631 2005 632 632 2006 633 633 2007 632 632 2008 634 634 2009 635 635 2010 633 633 2011 634 634 2012 635 635 2013 634 634 2014 636 636 2015 637 637 2016 635 635 2017 636 636 2018 638 638 2019 637 637 2020 636 636 2021 638 638 2022 636 636 2023 639 639 2024 638 638 2025 640 640 2026 637 637 2027 638 638 2028 639 639 2029 641 641 2030 642 642 2031 640 640 2032 638 638 2033 643 643 2034 642 642 2035 638 638 2036 643 643 2037 638 638 2038 641 641 2039 642 642 2040 643 643 2041 644 644 2042 643 643 2043 641 641 2044 645 645 2045 643 643 2046 645 645 2047 644 644 2048 641 641 2049 646 646 2050 645 645 2051 644 644 2052 645 645 2053 647 647 2054 647 647 2055 645 645 2056 646 646 2057 648 648 2058 649 649 2059 650 650 2060 651 651 2061 648 648 2062 650 650 2063 652 652 2064 651 651 2065 650 650 2066 652 652 2067 650 650 2068 653 653 2069 652 652 2070 654 654 2071 651 651 2072 652 652 2073 653 653 2074 655 655 2075 656 656 2076 654 654 2077 652 652 2078 657 657 2079 656 656 2080 652 652 2081 657 657 2082 652 652 2083 655 655 2084 656 656 2085 657 657 2086 658 658 2087 657 657 2088 655 655 2089 659 659 2090 657 657 2091 659 659 2092 658 658 2093 655 655 2094 660 660 2095 659 659 2096 658 658 2097 659 659 2098 661 661 2099 661 661 2100 659 659 2101 660 660 2102 662 662 2103 663 663 2104 664 664 2105 665 665 2106 662 662 2107 664 664 2108 666 666 2109 665 665 2110 664 664 2111 666 666 2112 664 664 2113 667 667 2114 666 666 2115 668 668 2116 665 665 2117 666 666 2118 667 667 2119 669 669 2120 670 670 2121 668 668 2122 666 666 2123 671 671 2124 670 670 2125 666 666 2126 671 671 2127 666 666 2128 669 669 2129 670 670 2130 671 671 2131 672 672 2132 671 671 2133 669 669 2134 673 673 2135 671 671 2136 673 673 2137 672 672 2138 669 669 2139 674 674 2140 673 673 2141 672 672 2142 673 673 2143 675 675 2144 675 675 2145 673 673 2146 674 674 2147 676 676 2148 677 677 2149 678 678 2150 676 676 2151 679 679 2152 677 677 2153 679 679 2154 680 680 2155 677 677 2156 679 679 2157 681 681 2158 680 680 2159 677 677 2160 682 682 2161 683 683 2162 677 677 2163 680 680 2164 682 682 2165 681 681 2166 684 684 2167 680 680 2168 681 681 2169 685 685 2170 684 684 2171 680 680 2172 686 686 2173 682 682 2174 680 680 2175 684 684 2176 686 686 2177 682 682 2178 687 687 2179 688 688 2180 682 682 2181 686 686 2182 687 687 2183 685 685 2184 689 689 2185 684 684 2186 685 685 2187 690 690 2188 689 689 2189 684 684 2190 691 691 2191 686 686 2192 684 684 2193 689 689 2194 691 691 2195 686 686 2196 692 692 2197 687 687 2198 686 686 2199 691 691 2200 692 692 2201 687 687 2202 693 693 2203 694 694 2204 687 687 2205 692 692 2206 693 693 2207 690 690 2208 695 695 2209 689 689 2210 690 690 2211 696 696 2212 695 695 2213 689 689 2214 697 697 2215 691 691 2216 689 689 2217 695 695 2218 697 697 2219 691 691 2220 698 698 2221 692 692 2222 691 691 2223 697 697 2224 698 698 2225 692 692 2226 699 699 2227 693 693 2228 692 692 2229 698 698 2230 699 699 2231 693 693 2232 700 700 2233 701 701 2234 693 693 2235 699 699 2236 700 700 2237 697 697 2238 702 702 2239 698 698 2240 698 698 2241 703 703 2242 699 699 2243 698 698 2244 702 702 2245 703 703 2246 699 699 2247 704 704 2248 700 700 2249 699 699 2250 703 703 2251 704 704 2252 700 700 2253 705 705 2254 706 706 2255 700 700 2256 704 704 2257 705 705 2258 705 705 2259 707 707 2260 708 708 2261 704 704 2262 709 709 2263 705 705 2264 705 705 2265 709 709 2266 707 707 2267 703 703 2268 710 710 2269 704 704 2270 704 704 2271 710 710 2272 709 709 2273 707 707 2274 711 711 2275 712 712 2276 707 707 2277 713 713 2278 711 711 2279 709 709 2280 713 713 2281 707 707 2282 713 713 2283 714 714 2284 711 711 2285 709 709 2286 715 715 2287 713 713 2288 710 710 2289 715 715 2290 709 709 2291 713 713 2292 716 716 2293 714 714 2294 715 715 2295 716 716 2296 713 713 2297 716 716 2298 717 717 2299 714 714 2300 710 710 2301 718 718 2302 715 715 2303 716 716 2304 719 719 2305 717 717 2306 719 719 2307 720 720 2308 717 717 2309 715 715 2310 721 721 2311 716 716 2312 721 721 2313 719 719 2314 716 716 2315 718 718 2316 721 721 2317 715 715 2318 719 719 2319 722 722 2320 720 720 2321 722 722 2322 723 723 2323 720 720 2324 721 721 2325 724 724 2326 719 719 2327 724 724 2328 722 722 2329 719 719 2330 722 722 2331 725 725 2332 723 723 2333 725 725 2334 726 726 2335 723 723 2336 724 724 2337 727 727 2338 722 722 2339 727 727 2340 725 725 2341 722 722 2342 728 728 2343 724 724 2344 721 721 2345 718 718 2346 728 728 2347 721 721 2348 729 729 2349 727 727 2350 724 724 2351 728 728 2352 729 729 2353 724 724 2354 725 725 2355 730 730 2356 726 726 2357 730 730 2358 731 731 2359 726 726 2360 731 731 2361 730 730 2362 732 732 2363 733 733 2364 730 730 2365 725 725 2366 730 730 2367 733 733 2368 734 734 2369 727 727 2370 733 733 2371 725 725 2372 735 735 2373 733 733 2374 727 727 2375 733 733 2376 735 735 2377 736 736 2378 729 729 2379 735 735 2380 727 727 2381 735 735 2382 737 737 2383 738 738 2384 737 737 2385 735 735 2386 729 729 2387 739 739 2388 737 737 2389 729 729 2390 739 739 2391 729 729 2392 728 728 2393 737 737 2394 740 740 2395 741 741 2396 740 740 2397 737 737 2398 739 739 2399 742 742 2400 739 739 2401 728 728 2402 742 742 2403 728 728 2404 718 718 2405 743 743 2406 740 740 2407 739 739 2408 743 743 2409 739 739 2410 742 742 2411 740 740 2412 744 744 2413 745 745 2414 744 744 2415 740 740 2416 743 743 2417 746 746 2418 742 742 2419 718 718 2420 746 746 2421 718 718 2422 710 710 2423 703 703 2424 746 746 2425 710 710 2426 702 702 2427 746 746 2428 703 703 2429 747 747 2430 742 742 2431 746 746 2432 702 702 2433 747 747 2434 746 746 2435 747 747 2436 743 743 2437 742 742 2438 748 748 2439 747 747 2440 702 702 2441 697 697 2442 748 748 2443 702 702 2444 695 695 2445 748 748 2446 697 697 2447 749 749 2448 743 743 2449 747 747 2450 748 748 2451 749 749 2452 747 747 2453 749 749 2454 744 744 2455 743 743 2456 695 695 2457 750 750 2458 748 748 2459 750 750 2460 749 749 2461 748 748 2462 696 696 2463 750 750 2464 695 695 2465 696 696 2466 751 751 2467 750 750 2468 752 752 2469 744 744 2470 749 749 2471 750 750 2472 752 752 2473 749 749 2474 751 751 2475 752 752 2476 750 750 2477 744 744 2478 752 752 2479 753 753 2480 752 752 2481 751 751 2482 754 754 2483 755 755 2484 756 756 2485 757 757 2486 755 755 2487 758 758 2488 756 756 2489 758 758 2490 759 759 2491 756 756 2492 758 758 2493 760 760 2494 759 759 2495 756 756 2496 761 761 2497 762 762 2498 756 756 2499 759 759 2500 761 761 2501 760 760 2502 763 763 2503 759 759 2504 760 760 2505 764 764 2506 763 763 2507 759 759 2508 765 765 2509 761 761 2510 759 759 2511 763 763 2512 765 765 2513 761 761 2514 766 766 2515 767 767 2516 761 761 2517 765 765 2518 766 766 2519 764 764 2520 768 768 2521 763 763 2522 764 764 2523 769 769 2524 768 768 2525 763 763 2526 770 770 2527 765 765 2528 763 763 2529 768 768 2530 770 770 2531 765 765 2532 771 771 2533 766 766 2534 765 765 2535 770 770 2536 771 771 2537 766 766 2538 772 772 2539 773 773 2540 766 766 2541 771 771 2542 772 772 2543 769 769 2544 774 774 2545 768 768 2546 769 769 2547 775 775 2548 774 774 2549 768 768 2550 776 776 2551 770 770 2552 768 768 2553 774 774 2554 776 776 2555 770 770 2556 777 777 2557 771 771 2558 770 770 2559 776 776 2560 777 777 2561 771 771 2562 778 778 2563 772 772 2564 771 771 2565 777 777 2566 778 778 2567 772 772 2568 779 779 2569 780 780 2570 772 772 2571 778 778 2572 779 779 2573 776 776 2574 781 781 2575 777 777 2576 777 777 2577 782 782 2578 778 778 2579 777 777 2580 781 781 2581 782 782 2582 778 778 2583 783 783 2584 779 779 2585 778 778 2586 782 782 2587 783 783 2588 779 779 2589 784 784 2590 785 785 2591 779 779 2592 783 783 2593 784 784 2594 784 784 2595 786 786 2596 787 787 2597 783 783 2598 788 788 2599 784 784 2600 784 784 2601 788 788 2602 786 786 2603 782 782 2604 789 789 2605 783 783 2606 783 783 2607 789 789 2608 788 788 2609 786 786 2610 790 790 2611 791 791 2612 786 786 2613 792 792 2614 790 790 2615 788 788 2616 792 792 2617 786 786 2618 792 792 2619 793 793 2620 790 790 2621 788 788 2622 794 794 2623 792 792 2624 789 789 2625 794 794 2626 788 788 2627 792 792 2628 795 795 2629 793 793 2630 794 794 2631 795 795 2632 792 792 2633 795 795 2634 796 796 2635 793 793 2636 789 789 2637 797 797 2638 794 794 2639 795 795 2640 798 798 2641 796 796 2642 798 798 2643 799 799 2644 796 796 2645 794 794 2646 800 800 2647 795 795 2648 800 800 2649 798 798 2650 795 795 2651 797 797 2652 800 800 2653 794 794 2654 798 798 2655 801 801 2656 799 799 2657 801 801 2658 802 802 2659 799 799 2660 800 800 2661 803 803 2662 798 798 2663 803 803 2664 801 801 2665 798 798 2666 801 801 2667 804 804 2668 802 802 2669 804 804 2670 805 805 2671 802 802 2672 803 803 2673 806 806 2674 801 801 2675 806 806 2676 804 804 2677 801 801 2678 807 807 2679 803 803 2680 800 800 2681 797 797 2682 807 807 2683 800 800 2684 808 808 2685 806 806 2686 803 803 2687 807 807 2688 808 808 2689 803 803 2690 804 804 2691 809 809 2692 805 805 2693 809 809 2694 810 810 2695 805 805 2696 810 810 2697 809 809 2698 811 811 2699 812 812 2700 809 809 2701 804 804 2702 809 809 2703 812 812 2704 813 813 2705 806 806 2706 812 812 2707 804 804 2708 814 814 2709 812 812 2710 806 806 2711 812 812 2712 814 814 2713 815 815 2714 808 808 2715 814 814 2716 806 806 2717 814 814 2718 816 816 2719 817 817 2720 816 816 2721 814 814 2722 808 808 2723 818 818 2724 816 816 2725 808 808 2726 818 818 2727 808 808 2728 807 807 2729 816 816 2730 819 819 2731 820 820 2732 819 819 2733 816 816 2734 818 818 2735 821 821 2736 818 818 2737 807 807 2738 821 821 2739 807 807 2740 797 797 2741 822 822 2742 819 819 2743 818 818 2744 822 822 2745 818 818 2746 821 821 2747 819 819 2748 823 823 2749 824 824 2750 823 823 2751 819 819 2752 822 822 2753 825 825 2754 821 821 2755 797 797 2756 825 825 2757 797 797 2758 789 789 2759 782 782 2760 825 825 2761 789 789 2762 781 781 2763 825 825 2764 782 782 2765 826 826 2766 821 821 2767 825 825 2768 781 781 2769 826 826 2770 825 825 2771 826 826 2772 822 822 2773 821 821 2774 827 827 2775 826 826 2776 781 781 2777 776 776 2778 827 827 2779 781 781 2780 774 774 2781 827 827 2782 776 776 2783 828 828 2784 822 822 2785 826 826 2786 827 827 2787 828 828 2788 826 826 2789 828 828 2790 823 823 2791 822 822 2792 774 774 2793 829 829 2794 827 827 2795 829 829 2796 828 828 2797 827 827 2798 775 775 2799 829 829 2800 774 774 2801 775 775 2802 830 830 2803 829 829 2804 831 831 2805 823 823 2806 828 828 2807 829 829 2808 831 831 2809 828 828 2810 830 830 2811 831 831 2812 829 829 2813 823 823 2814 831 831 2815 832 832 2816 831 831 2817 830 830 2818 833 833 2819 834 834 2820 835 835 2821 836 836 2822 834 834 2823 837 837 2824 835 835 2825 837 837 2826 838 838 2827 835 835 2828 837 837 2829 839 839 2830 838 838 2831 835 835 2832 840 840 2833 841 841 2834 835 835 2835 838 838 2836 840 840 2837 839 839 2838 842 842 2839 838 838 2840 839 839 2841 843 843 2842 842 842 2843 838 838 2844 844 844 2845 840 840 2846 838 838 2847 842 842 2848 844 844 2849 840 840 2850 845 845 2851 846 846 2852 840 840 2853 844 844 2854 845 845 2855 843 843 2856 847 847 2857 842 842 2858 843 843 2859 848 848 2860 847 847 2861 842 842 2862 849 849 2863 844 844 2864 842 842 2865 847 847 2866 849 849 2867 844 844 2868 850 850 2869 845 845 2870 844 844 2871 849 849 2872 850 850 2873 845 845 2874 851 851 2875 852 852 2876 845 845 2877 850 850 2878 851 851 2879 848 848 2880 853 853 2881 847 847 2882 848 848 2883 854 854 2884 853 853 2885 847 847 2886 855 855 2887 849 849 2888 847 847 2889 853 853 2890 855 855 2891 849 849 2892 856 856 2893 850 850 2894 849 849 2895 855 855 2896 856 856 2897 850 850 2898 857 857 2899 851 851 2900 850 850 2901 856 856 2902 857 857 2903 851 851 2904 858 858 2905 859 859 2906 851 851 2907 857 857 2908 858 858 2909 855 855 2910 860 860 2911 856 856 2912 856 856 2913 861 861 2914 857 857 2915 856 856 2916 860 860 2917 861 861 2918 857 857 2919 862 862 2920 858 858 2921 857 857 2922 861 861 2923 862 862 2924 858 858 2925 863 863 2926 864 864 2927 858 858 2928 862 862 2929 863 863 2930 863 863 2931 865 865 2932 866 866 2933 862 862 2934 867 867 2935 863 863 2936 863 863 2937 867 867 2938 865 865 2939 861 861 2940 868 868 2941 862 862 2942 862 862 2943 868 868 2944 867 867 2945 865 865 2946 869 869 2947 870 870 2948 865 865 2949 871 871 2950 869 869 2951 867 867 2952 871 871 2953 865 865 2954 871 871 2955 872 872 2956 869 869 2957 867 867 2958 873 873 2959 871 871 2960 868 868 2961 873 873 2962 867 867 2963 871 871 2964 874 874 2965 872 872 2966 873 873 2967 874 874 2968 871 871 2969 874 874 2970 875 875 2971 872 872 2972 868 868 2973 876 876 2974 873 873 2975 874 874 2976 877 877 2977 875 875 2978 877 877 2979 878 878 2980 875 875 2981 873 873 2982 879 879 2983 874 874 2984 879 879 2985 877 877 2986 874 874 2987 876 876 2988 879 879 2989 873 873 2990 877 877 2991 880 880 2992 878 878 2993 880 880 2994 881 881 2995 878 878 2996 879 879 2997 882 882 2998 877 877 2999 882 882 3000 880 880 3001 877 877 3002 880 880 3003 883 883 3004 881 881 3005 883 883 3006 884 884 3007 881 881 3008 882 882 3009 885 885 3010 880 880 3011 885 885 3012 883 883 3013 880 880 3014 886 886 3015 882 882 3016 879 879 3017 876 876 3018 886 886 3019 879 879 3020 887 887 3021 885 885 3022 882 882 3023 886 886 3024 887 887 3025 882 882 3026 883 883 3027 888 888 3028 884 884 3029 888 888 3030 889 889 3031 884 884 3032 889 889 3033 888 888 3034 890 890 3035 891 891 3036 888 888 3037 883 883 3038 888 888 3039 891 891 3040 892 892 3041 885 885 3042 891 891 3043 883 883 3044 893 893 3045 891 891 3046 885 885 3047 891 891 3048 893 893 3049 894 894 3050 887 887 3051 893 893 3052 885 885 3053 893 893 3054 895 895 3055 896 896 3056 895 895 3057 893 893 3058 887 887 3059 897 897 3060 895 895 3061 887 887 3062 897 897 3063 887 887 3064 886 886 3065 895 895 3066 898 898 3067 899 899 3068 898 898 3069 895 895 3070 897 897 3071 900 900 3072 897 897 3073 886 886 3074 900 900 3075 886 886 3076 876 876 3077 901 901 3078 898 898 3079 897 897 3080 901 901 3081 897 897 3082 900 900 3083 898 898 3084 902 902 3085 903 903 3086 902 902 3087 898 898 3088 901 901 3089 904 904 3090 900 900 3091 876 876 3092 904 904 3093 876 876 3094 868 868 3095 861 861 3096 904 904 3097 868 868 3098 860 860 3099 904 904 3100 861 861 3101 905 905 3102 900 900 3103 904 904 3104 860 860 3105 905 905 3106 904 904 3107 905 905 3108 901 901 3109 900 900 3110 906 906 3111 905 905 3112 860 860 3113 855 855 3114 906 906 3115 860 860 3116 853 853 3117 906 906 3118 855 855 3119 907 907 3120 901 901 3121 905 905 3122 906 906 3123 907 907 3124 905 905 3125 907 907 3126 902 902 3127 901 901 3128 853 853 3129 908 908 3130 906 906 3131 908 908 3132 907 907 3133 906 906 3134 854 854 3135 908 908 3136 853 853 3137 854 854 3138 909 909 3139 908 908 3140 910 910 3141 902 902 3142 907 907 3143 908 908 3144 910 910 3145 907 907 3146 909 909 3147 910 910 3148 908 908 3149 902 902 3150 910 910 3151 911 911 3152 910 910 3153 909 909 3154 912 912 3155 913 913 3156 914 914 3157 915 915 3158 913 913 3159 916 916 3160 914 914 3161 916 916 3162 917 917 3163 914 914 3164 916 916 3165 918 918 3166 917 917 3167 914 914 3168 919 919 3169 920 920 3170 914 914 3171 917 917 3172 919 919 3173 918 918 3174 921 921 3175 917 917 3176 918 918 3177 922 922 3178 921 921 3179 917 917 3180 923 923 3181 919 919 3182 917 917 3183 921 921 3184 923 923 3185 919 919 3186 924 924 3187 925 925 3188 919 919 3189 923 923 3190 924 924 3191 922 922 3192 926 926 3193 921 921 3194 922 922 3195 927 927 3196 926 926 3197 921 921 3198 928 928 3199 923 923 3200 921 921 3201 926 926 3202 928 928 3203 923 923 3204 929 929 3205 924 924 3206 923 923 3207 928 928 3208 929 929 3209 924 924 3210 930 930 3211 931 931 3212 924 924 3213 929 929 3214 930 930 3215 927 927 3216 932 932 3217 926 926 3218 927 927 3219 933 933 3220 932 932 3221 926 926 3222 934 934 3223 928 928 3224 926 926 3225 932 932 3226 934 934 3227 928 928 3228 935 935 3229 929 929 3230 928 928 3231 934 934 3232 935 935 3233 929 929 3234 936 936 3235 930 930 3236 929 929 3237 935 935 3238 936 936 3239 930 930 3240 937 937 3241 938 938 3242 930 930 3243 936 936 3244 937 937 3245 934 934 3246 939 939 3247 935 935 3248 935 935 3249 940 940 3250 936 936 3251 935 935 3252 939 939 3253 940 940 3254 936 936 3255 941 941 3256 937 937 3257 936 936 3258 940 940 3259 941 941 3260 937 937 3261 942 942 3262 943 943 3263 937 937 3264 941 941 3265 942 942 3266 942 942 3267 944 944 3268 945 945 3269 941 941 3270 946 946 3271 942 942 3272 942 942 3273 946 946 3274 944 944 3275 940 940 3276 947 947 3277 941 941 3278 941 941 3279 947 947 3280 946 946 3281 944 944 3282 948 948 3283 949 949 3284 944 944 3285 950 950 3286 948 948 3287 946 946 3288 950 950 3289 944 944 3290 950 950 3291 951 951 3292 948 948 3293 946 946 3294 952 952 3295 950 950 3296 947 947 3297 952 952 3298 946 946 3299 950 950 3300 953 953 3301 951 951 3302 952 952 3303 953 953 3304 950 950 3305 953 953 3306 954 954 3307 951 951 3308 947 947 3309 955 955 3310 952 952 3311 953 953 3312 956 956 3313 954 954 3314 956 956 3315 957 957 3316 954 954 3317 952 952 3318 958 958 3319 953 953 3320 958 958 3321 956 956 3322 953 953 3323 955 955 3324 958 958 3325 952 952 3326 956 956 3327 959 959 3328 957 957 3329 959 959 3330 960 960 3331 957 957 3332 958 958 3333 961 961 3334 956 956 3335 961 961 3336 959 959 3337 956 956 3338 959 959 3339 962 962 3340 960 960 3341 962 962 3342 963 963 3343 960 960 3344 961 961 3345 964 964 3346 959 959 3347 964 964 3348 962 962 3349 959 959 3350 965 965 3351 961 961 3352 958 958 3353 955 955 3354 965 965 3355 958 958 3356 966 966 3357 964 964 3358 961 961 3359 965 965 3360 966 966 3361 961 961 3362 962 962 3363 967 967 3364 963 963 3365 967 967 3366 968 968 3367 963 963 3368 968 968 3369 967 967 3370 969 969 3371 970 970 3372 967 967 3373 962 962 3374 967 967 3375 970 970 3376 971 971 3377 964 964 3378 970 970 3379 962 962 3380 972 972 3381 970 970 3382 964 964 3383 970 970 3384 972 972 3385 973 973 3386 966 966 3387 972 972 3388 964 964 3389 972 972 3390 974 974 3391 975 975 3392 974 974 3393 972 972 3394 966 966 3395 976 976 3396 974 974 3397 966 966 3398 976 976 3399 966 966 3400 965 965 3401 974 974 3402 977 977 3403 978 978 3404 977 977 3405 974 974 3406 976 976 3407 979 979 3408 976 976 3409 965 965 3410 979 979 3411 965 965 3412 955 955 3413 980 980 3414 977 977 3415 976 976 3416 980 980 3417 976 976 3418 979 979 3419 977 977 3420 981 981 3421 982 982 3422 981 981 3423 977 977 3424 980 980 3425 983 983 3426 979 979 3427 955 955 3428 983 983 3429 955 955 3430 947 947 3431 940 940 3432 983 983 3433 947 947 3434 939 939 3435 983 983 3436 940 940 3437 984 984 3438 979 979 3439 983 983 3440 939 939 3441 984 984 3442 983 983 3443 984 984 3444 980 980 3445 979 979 3446 985 985 3447 984 984 3448 939 939 3449 934 934 3450 985 985 3451 939 939 3452 932 932 3453 985 985 3454 934 934 3455 986 986 3456 980 980 3457 984 984 3458 985 985 3459 986 986 3460 984 984 3461 986 986 3462 981 981 3463 980 980 3464 932 932 3465 987 987 3466 985 985 3467 987 987 3468 986 986 3469 985 985 3470 933 933 3471 987 987 3472 932 932 3473 933 933 3474 988 988 3475 987 987 3476 989 989 3477 981 981 3478 986 986 3479 987 987 3480 989 989 3481 986 986 3482 988 988 3483 989 989 3484 987 987 3485 981 981 3486 989 989 3487 990 990 3488 989 989 3489 988 988 3490 991 991 3491 992 992 3492 993 993 3493 994 994 3494 992 992 3495 995 995 3496 993 993 3497 995 995 3498 996 996 3499 993 993 3500 995 995 3501 997 997 3502 996 996 3503 993 993 3504 998 998 3505 999 999 3506 993 993 3507 996 996 3508 998 998 3509 997 997 3510 1000 1000 3511 996 996 3512 997 997 3513 1001 1001 3514 1000 1000 3515 996 996 3516 1002 1002 3517 998 998 3518 996 996 3519 1000 1000 3520 1002 1002 3521 998 998 3522 1003 1003 3523 1004 1004 3524 998 998 3525 1002 1002 3526 1003 1003 3527 1001 1001 3528 1005 1005 3529 1000 1000 3530 1001 1001 3531 1006 1006 3532 1005 1005 3533 1000 1000 3534 1007 1007 3535 1002 1002 3536 1000 1000 3537 1005 1005 3538 1007 1007 3539 1002 1002 3540 1008 1008 3541 1003 1003 3542 1002 1002 3543 1007 1007 3544 1008 1008 3545 1003 1003 3546 1009 1009 3547 1010 1010 3548 1003 1003 3549 1008 1008 3550 1009 1009 3551 1006 1006 3552 1011 1011 3553 1005 1005 3554 1006 1006 3555 1012 1012 3556 1011 1011 3557 1005 1005 3558 1013 1013 3559 1007 1007 3560 1005 1005 3561 1011 1011 3562 1013 1013 3563 1007 1007 3564 1014 1014 3565 1008 1008 3566 1007 1007 3567 1013 1013 3568 1014 1014 3569 1008 1008 3570 1015 1015 3571 1009 1009 3572 1008 1008 3573 1014 1014 3574 1015 1015 3575 1009 1009 3576 1016 1016 3577 1017 1017 3578 1009 1009 3579 1015 1015 3580 1016 1016 3581 1013 1013 3582 1018 1018 3583 1014 1014 3584 1014 1014 3585 1019 1019 3586 1015 1015 3587 1014 1014 3588 1018 1018 3589 1019 1019 3590 1015 1015 3591 1020 1020 3592 1016 1016 3593 1015 1015 3594 1019 1019 3595 1020 1020 3596 1016 1016 3597 1021 1021 3598 1022 1022 3599 1016 1016 3600 1020 1020 3601 1021 1021 3602 1021 1021 3603 1023 1023 3604 1024 1024 3605 1020 1020 3606 1025 1025 3607 1021 1021 3608 1021 1021 3609 1025 1025 3610 1023 1023 3611 1019 1019 3612 1026 1026 3613 1020 1020 3614 1020 1020 3615 1026 1026 3616 1025 1025 3617 1023 1023 3618 1027 1027 3619 1028 1028 3620 1023 1023 3621 1029 1029 3622 1027 1027 3623 1025 1025 3624 1029 1029 3625 1023 1023 3626 1029 1029 3627 1030 1030 3628 1027 1027 3629 1025 1025 3630 1031 1031 3631 1029 1029 3632 1026 1026 3633 1031 1031 3634 1025 1025 3635 1029 1029 3636 1032 1032 3637 1030 1030 3638 1031 1031 3639 1032 1032 3640 1029 1029 3641 1032 1032 3642 1033 1033 3643 1030 1030 3644 1026 1026 3645 1034 1034 3646 1031 1031 3647 1032 1032 3648 1035 1035 3649 1033 1033 3650 1035 1035 3651 1036 1036 3652 1033 1033 3653 1031 1031 3654 1037 1037 3655 1032 1032 3656 1037 1037 3657 1035 1035 3658 1032 1032 3659 1034 1034 3660 1037 1037 3661 1031 1031 3662 1035 1035 3663 1038 1038 3664 1036 1036 3665 1038 1038 3666 1039 1039 3667 1036 1036 3668 1037 1037 3669 1040 1040 3670 1035 1035 3671 1040 1040 3672 1038 1038 3673 1035 1035 3674 1038 1038 3675 1041 1041 3676 1039 1039 3677 1041 1041 3678 1042 1042 3679 1039 1039 3680 1040 1040 3681 1043 1043 3682 1038 1038 3683 1043 1043 3684 1041 1041 3685 1038 1038 3686 1044 1044 3687 1040 1040 3688 1037 1037 3689 1034 1034 3690 1044 1044 3691 1037 1037 3692 1045 1045 3693 1043 1043 3694 1040 1040 3695 1044 1044 3696 1045 1045 3697 1040 1040 3698 1041 1041 3699 1046 1046 3700 1042 1042 3701 1046 1046 3702 1047 1047 3703 1042 1042 3704 1047 1047 3705 1046 1046 3706 1048 1048 3707 1049 1049 3708 1046 1046 3709 1041 1041 3710 1046 1046 3711 1049 1049 3712 1050 1050 3713 1043 1043 3714 1049 1049 3715 1041 1041 3716 1051 1051 3717 1049 1049 3718 1043 1043 3719 1049 1049 3720 1051 1051 3721 1052 1052 3722 1045 1045 3723 1051 1051 3724 1043 1043 3725 1051 1051 3726 1053 1053 3727 1054 1054 3728 1053 1053 3729 1051 1051 3730 1045 1045 3731 1055 1055 3732 1053 1053 3733 1045 1045 3734 1055 1055 3735 1045 1045 3736 1044 1044 3737 1053 1053 3738 1056 1056 3739 1057 1057 3740 1056 1056 3741 1053 1053 3742 1055 1055 3743 1058 1058 3744 1055 1055 3745 1044 1044 3746 1058 1058 3747 1044 1044 3748 1034 1034 3749 1059 1059 3750 1056 1056 3751 1055 1055 3752 1059 1059 3753 1055 1055 3754 1058 1058 3755 1056 1056 3756 1060 1060 3757 1061 1061 3758 1060 1060 3759 1056 1056 3760 1059 1059 3761 1062 1062 3762 1058 1058 3763 1034 1034 3764 1062 1062 3765 1034 1034 3766 1026 1026 3767 1019 1019 3768 1062 1062 3769 1026 1026 3770 1018 1018 3771 1062 1062 3772 1019 1019 3773 1063 1063 3774 1058 1058 3775 1062 1062 3776 1018 1018 3777 1063 1063 3778 1062 1062 3779 1063 1063 3780 1059 1059 3781 1058 1058 3782 1064 1064 3783 1063 1063 3784 1018 1018 3785 1013 1013 3786 1064 1064 3787 1018 1018 3788 1011 1011 3789 1064 1064 3790 1013 1013 3791 1065 1065 3792 1059 1059 3793 1063 1063 3794 1064 1064 3795 1065 1065 3796 1063 1063 3797 1065 1065 3798 1060 1060 3799 1059 1059 3800 1011 1011 3801 1066 1066 3802 1064 1064 3803 1066 1066 3804 1065 1065 3805 1064 1064 3806 1012 1012 3807 1066 1066 3808 1011 1011 3809 1012 1012 3810 1067 1067 3811 1066 1066 3812 1068 1068 3813 1060 1060 3814 1065 1065 3815 1066 1066 3816 1068 1068 3817 1065 1065 3818 1067 1067 3819 1068 1068 3820 1066 1066 3821 1060 1060 3822 1068 1068 3823 1069 1069 3824 1068 1068 3825 1067 1067 3826 1070 1070 3827 1071 1071 3828 1072 1072 3829 1073 1073 3830 1071 1071 3831 1074 1074 3832 1072 1072 3833 1074 1074 3834 1075 1075 3835 1072 1072 3836 1074 1074 3837 1076 1076 3838 1075 1075 3839 1072 1072 3840 1077 1077 3841 1078 1078 3842 1072 1072 3843 1075 1075 3844 1077 1077 3845 1076 1076 3846 1079 1079 3847 1075 1075 3848 1076 1076 3849 1080 1080 3850 1079 1079 3851 1075 1075 3852 1081 1081 3853 1077 1077 3854 1075 1075 3855 1079 1079 3856 1081 1081 3857 1077 1077 3858 1082 1082 3859 1083 1083 3860 1077 1077 3861 1081 1081 3862 1082 1082 3863 1080 1080 3864 1084 1084 3865 1079 1079 3866 1080 1080 3867 1085 1085 3868 1084 1084 3869 1079 1079 3870 1086 1086 3871 1081 1081 3872 1079 1079 3873 1084 1084 3874 1086 1086 3875 1081 1081 3876 1087 1087 3877 1082 1082 3878 1081 1081 3879 1086 1086 3880 1087 1087 3881 1082 1082 3882 1088 1088 3883 1089 1089 3884 1082 1082 3885 1087 1087 3886 1088 1088 3887 1085 1085 3888 1090 1090 3889 1084 1084 3890 1085 1085 3891 1091 1091 3892 1090 1090 3893 1084 1084 3894 1092 1092 3895 1086 1086 3896 1084 1084 3897 1090 1090 3898 1092 1092 3899 1086 1086 3900 1093 1093 3901 1087 1087 3902 1086 1086 3903 1092 1092 3904 1093 1093 3905 1087 1087 3906 1094 1094 3907 1088 1088 3908 1087 1087 3909 1093 1093 3910 1094 1094 3911 1088 1088 3912 1095 1095 3913 1096 1096 3914 1088 1088 3915 1094 1094 3916 1095 1095 3917 1092 1092 3918 1097 1097 3919 1093 1093 3920 1093 1093 3921 1098 1098 3922 1094 1094 3923 1093 1093 3924 1097 1097 3925 1098 1098 3926 1094 1094 3927 1099 1099 3928 1095 1095 3929 1094 1094 3930 1098 1098 3931 1099 1099 3932 1095 1095 3933 1100 1100 3934 1101 1101 3935 1095 1095 3936 1099 1099 3937 1100 1100 3938 1100 1100 3939 1102 1102 3940 1103 1103 3941 1099 1099 3942 1104 1104 3943 1100 1100 3944 1100 1100 3945 1104 1104 3946 1102 1102 3947 1098 1098 3948 1105 1105 3949 1099 1099 3950 1099 1099 3951 1105 1105 3952 1104 1104 3953 1102 1102 3954 1106 1106 3955 1107 1107 3956 1102 1102 3957 1108 1108 3958 1106 1106 3959 1104 1104 3960 1108 1108 3961 1102 1102 3962 1108 1108 3963 1109 1109 3964 1106 1106 3965 1104 1104 3966 1110 1110 3967 1108 1108 3968 1105 1105 3969 1110 1110 3970 1104 1104 3971 1108 1108 3972 1111 1111 3973 1109 1109 3974 1110 1110 3975 1111 1111 3976 1108 1108 3977 1111 1111 3978 1112 1112 3979 1109 1109 3980 1105 1105 3981 1113 1113 3982 1110 1110 3983 1111 1111 3984 1114 1114 3985 1112 1112 3986 1114 1114 3987 1115 1115 3988 1112 1112 3989 1110 1110 3990 1116 1116 3991 1111 1111 3992 1116 1116 3993 1114 1114 3994 1111 1111 3995 1113 1113 3996 1116 1116 3997 1110 1110 3998 1114 1114 3999 1117 1117 4000 1115 1115 4001 1117 1117 4002 1118 1118 4003 1115 1115 4004 1116 1116 4005 1119 1119 4006 1114 1114 4007 1119 1119 4008 1117 1117 4009 1114 1114 4010 1117 1117 4011 1120 1120 4012 1118 1118 4013 1120 1120 4014 1121 1121 4015 1118 1118 4016 1119 1119 4017 1122 1122 4018 1117 1117 4019 1122 1122 4020 1120 1120 4021 1117 1117 4022 1123 1123 4023 1119 1119 4024 1116 1116 4025 1113 1113 4026 1123 1123 4027 1116 1116 4028 1124 1124 4029 1122 1122 4030 1119 1119 4031 1123 1123 4032 1124 1124 4033 1119 1119 4034 1120 1120 4035 1125 1125 4036 1121 1121 4037 1125 1125 4038 1126 1126 4039 1121 1121 4040 1126 1126 4041 1125 1125 4042 1127 1127 4043 1128 1128 4044 1125 1125 4045 1120 1120 4046 1125 1125 4047 1128 1128 4048 1129 1129 4049 1122 1122 4050 1128 1128 4051 1120 1120 4052 1130 1130 4053 1128 1128 4054 1122 1122 4055 1128 1128 4056 1130 1130 4057 1131 1131 4058 1124 1124 4059 1130 1130 4060 1122 1122 4061 1130 1130 4062 1132 1132 4063 1133 1133 4064 1132 1132 4065 1130 1130 4066 1124 1124 4067 1134 1134 4068 1132 1132 4069 1124 1124 4070 1134 1134 4071 1124 1124 4072 1123 1123 4073 1132 1132 4074 1135 1135 4075 1136 1136 4076 1135 1135 4077 1132 1132 4078 1134 1134 4079 1137 1137 4080 1134 1134 4081 1123 1123 4082 1137 1137 4083 1123 1123 4084 1113 1113 4085 1138 1138 4086 1135 1135 4087 1134 1134 4088 1138 1138 4089 1134 1134 4090 1137 1137 4091 1135 1135 4092 1139 1139 4093 1140 1140 4094 1139 1139 4095 1135 1135 4096 1138 1138 4097 1141 1141 4098 1137 1137 4099 1113 1113 4100 1141 1141 4101 1113 1113 4102 1105 1105 4103 1098 1098 4104 1141 1141 4105 1105 1105 4106 1097 1097 4107 1141 1141 4108 1098 1098 4109 1142 1142 4110 1137 1137 4111 1141 1141 4112 1097 1097 4113 1142 1142 4114 1141 1141 4115 1142 1142 4116 1138 1138 4117 1137 1137 4118 1143 1143 4119 1142 1142 4120 1097 1097 4121 1092 1092 4122 1143 1143 4123 1097 1097 4124 1090 1090 4125 1143 1143 4126 1092 1092 4127 1144 1144 4128 1138 1138 4129 1142 1142 4130 1143 1143 4131 1144 1144 4132 1142 1142 4133 1144 1144 4134 1139 1139 4135 1138 1138 4136 1090 1090 4137 1145 1145 4138 1143 1143 4139 1145 1145 4140 1144 1144 4141 1143 1143 4142 1091 1091 4143 1145 1145 4144 1090 1090 4145 1091 1091 4146 1146 1146 4147 1145 1145 4148 1147 1147 4149 1139 1139 4150 1144 1144 4151 1145 1145 4152 1147 1147 4153 1144 1144 4154 1146 1146 4155 1147 1147 4156 1145 1145 4157 1139 1139 4158 1147 1147 4159 1148 1148 4160 1147 1147 4161 1146 1146 4162 1149 1149 4163 1150 1150 4164 1151 1151 4165 1152 1152 4166 1150 1150 4167 1153 1153 4168 1151 1151 4169 1153 1153 4170 1154 1154 4171 1151 1151 4172 1153 1153 4173 1155 1155 4174 1154 1154 4175 1151 1151 4176 1156 1156 4177 1157 1157 4178 1151 1151 4179 1154 1154 4180 1156 1156 4181 1155 1155 4182 1158 1158 4183 1154 1154 4184 1155 1155 4185 1159 1159 4186 1158 1158 4187 1154 1154 4188 1160 1160 4189 1156 1156 4190 1154 1154 4191 1158 1158 4192 1160 1160 4193 1156 1156 4194 1161 1161 4195 1162 1162 4196 1156 1156 4197 1160 1160 4198 1161 1161 4199 1159 1159 4200 1163 1163 4201 1158 1158 4202 1159 1159 4203 1164 1164 4204 1163 1163 4205 1158 1158 4206 1165 1165 4207 1160 1160 4208 1158 1158 4209 1163 1163 4210 1165 1165 4211 1160 1160 4212 1166 1166 4213 1161 1161 4214 1160 1160 4215 1165 1165 4216 1166 1166 4217 1161 1161 4218 1167 1167 4219 1168 1168 4220 1161 1161 4221 1166 1166 4222 1167 1167 4223 1164 1164 4224 1169 1169 4225 1163 1163 4226 1164 1164 4227 1170 1170 4228 1169 1169 4229 1163 1163 4230 1171 1171 4231 1165 1165 4232 1163 1163 4233 1169 1169 4234 1171 1171 4235 1165 1165 4236 1172 1172 4237 1166 1166 4238 1165 1165 4239 1171 1171 4240 1172 1172 4241 1166 1166 4242 1173 1173 4243 1167 1167 4244 1166 1166 4245 1172 1172 4246 1173 1173 4247 1167 1167 4248 1174 1174 4249 1175 1175 4250 1167 1167 4251 1173 1173 4252 1174 1174 4253 1171 1171 4254 1176 1176 4255 1172 1172 4256 1172 1172 4257 1177 1177 4258 1173 1173 4259 1172 1172 4260 1176 1176 4261 1177 1177 4262 1173 1173 4263 1178 1178 4264 1174 1174 4265 1173 1173 4266 1177 1177 4267 1178 1178 4268 1174 1174 4269 1179 1179 4270 1180 1180 4271 1174 1174 4272 1178 1178 4273 1179 1179 4274 1179 1179 4275 1181 1181 4276 1182 1182 4277 1178 1178 4278 1183 1183 4279 1179 1179 4280 1179 1179 4281 1183 1183 4282 1181 1181 4283 1177 1177 4284 1184 1184 4285 1178 1178 4286 1178 1178 4287 1184 1184 4288 1183 1183 4289 1181 1181 4290 1185 1185 4291 1186 1186 4292 1181 1181 4293 1187 1187 4294 1185 1185 4295 1183 1183 4296 1187 1187 4297 1181 1181 4298 1187 1187 4299 1188 1188 4300 1185 1185 4301 1183 1183 4302 1189 1189 4303 1187 1187 4304 1184 1184 4305 1189 1189 4306 1183 1183 4307 1187 1187 4308 1190 1190 4309 1188 1188 4310 1189 1189 4311 1190 1190 4312 1187 1187 4313 1190 1190 4314 1191 1191 4315 1188 1188 4316 1184 1184 4317 1192 1192 4318 1189 1189 4319 1190 1190 4320 1193 1193 4321 1191 1191 4322 1193 1193 4323 1194 1194 4324 1191 1191 4325 1189 1189 4326 1195 1195 4327 1190 1190 4328 1195 1195 4329 1193 1193 4330 1190 1190 4331 1192 1192 4332 1195 1195 4333 1189 1189 4334 1193 1193 4335 1196 1196 4336 1194 1194 4337 1196 1196 4338 1197 1197 4339 1194 1194 4340 1195 1195 4341 1198 1198 4342 1193 1193 4343 1198 1198 4344 1196 1196 4345 1193 1193 4346 1196 1196 4347 1199 1199 4348 1197 1197 4349 1199 1199 4350 1200 1200 4351 1197 1197 4352 1198 1198 4353 1201 1201 4354 1196 1196 4355 1201 1201 4356 1199 1199 4357 1196 1196 4358 1202 1202 4359 1198 1198 4360 1195 1195 4361 1192 1192 4362 1202 1202 4363 1195 1195 4364 1203 1203 4365 1201 1201 4366 1198 1198 4367 1202 1202 4368 1203 1203 4369 1198 1198 4370 1199 1199 4371 1204 1204 4372 1200 1200 4373 1204 1204 4374 1205 1205 4375 1200 1200 4376 1205 1205 4377 1204 1204 4378 1206 1206 4379 1207 1207 4380 1204 1204 4381 1199 1199 4382 1204 1204 4383 1207 1207 4384 1208 1208 4385 1201 1201 4386 1207 1207 4387 1199 1199 4388 1209 1209 4389 1207 1207 4390 1201 1201 4391 1207 1207 4392 1209 1209 4393 1210 1210 4394 1203 1203 4395 1209 1209 4396 1201 1201 4397 1209 1209 4398 1211 1211 4399 1212 1212 4400 1211 1211 4401 1209 1209 4402 1203 1203 4403 1213 1213 4404 1211 1211 4405 1203 1203 4406 1213 1213 4407 1203 1203 4408 1202 1202 4409 1211 1211 4410 1214 1214 4411 1215 1215 4412 1214 1214 4413 1211 1211 4414 1213 1213 4415 1216 1216 4416 1213 1213 4417 1202 1202 4418 1216 1216 4419 1202 1202 4420 1192 1192 4421 1217 1217 4422 1214 1214 4423 1213 1213 4424 1217 1217 4425 1213 1213 4426 1216 1216 4427 1214 1214 4428 1218 1218 4429 1219 1219 4430 1218 1218 4431 1214 1214 4432 1217 1217 4433 1220 1220 4434 1216 1216 4435 1192 1192 4436 1220 1220 4437 1192 1192 4438 1184 1184 4439 1177 1177 4440 1220 1220 4441 1184 1184 4442 1176 1176 4443 1220 1220 4444 1177 1177 4445 1221 1221 4446 1216 1216 4447 1220 1220 4448 1176 1176 4449 1221 1221 4450 1220 1220 4451 1221 1221 4452 1217 1217 4453 1216 1216 4454 1222 1222 4455 1221 1221 4456 1176 1176 4457 1171 1171 4458 1222 1222 4459 1176 1176 4460 1169 1169 4461 1222 1222 4462 1171 1171 4463 1223 1223 4464 1217 1217 4465 1221 1221 4466 1222 1222 4467 1223 1223 4468 1221 1221 4469 1223 1223 4470 1218 1218 4471 1217 1217 4472 1169 1169 4473 1224 1224 4474 1222 1222 4475 1224 1224 4476 1223 1223 4477 1222 1222 4478 1170 1170 4479 1224 1224 4480 1169 1169 4481 1170 1170 4482 1225 1225 4483 1224 1224 4484 1226 1226 4485 1218 1218 4486 1223 1223 4487 1224 1224 4488 1226 1226 4489 1223 1223 4490 1225 1225 4491 1226 1226 4492 1224 1224 4493 1218 1218 4494 1226 1226 4495 1227 1227 4496 1226 1226 4497 1225 1225 4498 1228 1228 4499 1229 1229 4500 1230 1230 4501 1231 1231 4502 1229 1229 4503 1232 1232 4504 1230 1230 4505 1232 1232 4506 1233 1233 4507 1230 1230 4508 1232 1232 4509 1234 1234 4510 1233 1233 4511 1230 1230 4512 1235 1235 4513 1236 1236 4514 1230 1230 4515 1233 1233 4516 1235 1235 4517 1234 1234 4518 1237 1237 4519 1233 1233 4520 1234 1234 4521 1238 1238 4522 1237 1237 4523 1233 1233 4524 1239 1239 4525 1235 1235 4526 1233 1233 4527 1237 1237 4528 1239 1239 4529 1235 1235 4530 1240 1240 4531 1241 1241 4532 1235 1235 4533 1239 1239 4534 1240 1240 4535 1238 1238 4536 1242 1242 4537 1237 1237 4538 1238 1238 4539 1243 1243 4540 1242 1242 4541 1237 1237 4542 1244 1244 4543 1239 1239 4544 1237 1237 4545 1242 1242 4546 1244 1244 4547 1239 1239 4548 1245 1245 4549 1240 1240 4550 1239 1239 4551 1244 1244 4552 1245 1245 4553 1240 1240 4554 1246 1246 4555 1247 1247 4556 1240 1240 4557 1245 1245 4558 1246 1246 4559 1243 1243 4560 1248 1248 4561 1242 1242 4562 1243 1243 4563 1249 1249 4564 1248 1248 4565 1242 1242 4566 1250 1250 4567 1244 1244 4568 1242 1242 4569 1248 1248 4570 1250 1250 4571 1244 1244 4572 1251 1251 4573 1245 1245 4574 1244 1244 4575 1250 1250 4576 1251 1251 4577 1245 1245 4578 1252 1252 4579 1246 1246 4580 1245 1245 4581 1251 1251 4582 1252 1252 4583 1246 1246 4584 1253 1253 4585 1254 1254 4586 1246 1246 4587 1252 1252 4588 1253 1253 4589 1250 1250 4590 1255 1255 4591 1251 1251 4592 1251 1251 4593 1256 1256 4594 1252 1252 4595 1251 1251 4596 1255 1255 4597 1256 1256 4598 1252 1252 4599 1257 1257 4600 1253 1253 4601 1252 1252 4602 1256 1256 4603 1257 1257 4604 1253 1253 4605 1258 1258 4606 1259 1259 4607 1253 1253 4608 1257 1257 4609 1258 1258 4610 1258 1258 4611 1260 1260 4612 1261 1261 4613 1257 1257 4614 1262 1262 4615 1258 1258 4616 1258 1258 4617 1262 1262 4618 1260 1260 4619 1256 1256 4620 1263 1263 4621 1257 1257 4622 1257 1257 4623 1263 1263 4624 1262 1262 4625 1260 1260 4626 1264 1264 4627 1265 1265 4628 1260 1260 4629 1266 1266 4630 1264 1264 4631 1262 1262 4632 1266 1266 4633 1260 1260 4634 1266 1266 4635 1267 1267 4636 1264 1264 4637 1262 1262 4638 1268 1268 4639 1266 1266 4640 1263 1263 4641 1268 1268 4642 1262 1262 4643 1266 1266 4644 1269 1269 4645 1267 1267 4646 1268 1268 4647 1269 1269 4648 1266 1266 4649 1269 1269 4650 1270 1270 4651 1267 1267 4652 1263 1263 4653 1271 1271 4654 1268 1268 4655 1269 1269 4656 1272 1272 4657 1270 1270 4658 1272 1272 4659 1273 1273 4660 1270 1270 4661 1268 1268 4662 1274 1274 4663 1269 1269 4664 1274 1274 4665 1272 1272 4666 1269 1269 4667 1271 1271 4668 1274 1274 4669 1268 1268 4670 1272 1272 4671 1275 1275 4672 1273 1273 4673 1275 1275 4674 1276 1276 4675 1273 1273 4676 1274 1274 4677 1277 1277 4678 1272 1272 4679 1277 1277 4680 1275 1275 4681 1272 1272 4682 1275 1275 4683 1278 1278 4684 1276 1276 4685 1278 1278 4686 1279 1279 4687 1276 1276 4688 1277 1277 4689 1280 1280 4690 1275 1275 4691 1280 1280 4692 1278 1278 4693 1275 1275 4694 1281 1281 4695 1277 1277 4696 1274 1274 4697 1271 1271 4698 1281 1281 4699 1274 1274 4700 1282 1282 4701 1280 1280 4702 1277 1277 4703 1281 1281 4704 1282 1282 4705 1277 1277 4706 1278 1278 4707 1283 1283 4708 1279 1279 4709 1283 1283 4710 1284 1284 4711 1279 1279 4712 1284 1284 4713 1283 1283 4714 1285 1285 4715 1286 1286 4716 1283 1283 4717 1278 1278 4718 1283 1283 4719 1286 1286 4720 1287 1287 4721 1280 1280 4722 1286 1286 4723 1278 1278 4724 1288 1288 4725 1286 1286 4726 1280 1280 4727 1286 1286 4728 1288 1288 4729 1289 1289 4730 1282 1282 4731 1288 1288 4732 1280 1280 4733 1288 1288 4734 1290 1290 4735 1291 1291 4736 1290 1290 4737 1288 1288 4738 1282 1282 4739 1292 1292 4740 1290 1290 4741 1282 1282 4742 1292 1292 4743 1282 1282 4744 1281 1281 4745 1290 1290 4746 1293 1293 4747 1294 1294 4748 1293 1293 4749 1290 1290 4750 1292 1292 4751 1295 1295 4752 1292 1292 4753 1281 1281 4754 1295 1295 4755 1281 1281 4756 1271 1271 4757 1296 1296 4758 1293 1293 4759 1292 1292 4760 1296 1296 4761 1292 1292 4762 1295 1295 4763 1293 1293 4764 1297 1297 4765 1298 1298 4766 1297 1297 4767 1293 1293 4768 1296 1296 4769 1299 1299 4770 1295 1295 4771 1271 1271 4772 1299 1299 4773 1271 1271 4774 1263 1263 4775 1256 1256 4776 1299 1299 4777 1263 1263 4778 1255 1255 4779 1299 1299 4780 1256 1256 4781 1300 1300 4782 1295 1295 4783 1299 1299 4784 1255 1255 4785 1300 1300 4786 1299 1299 4787 1300 1300 4788 1296 1296 4789 1295 1295 4790 1301 1301 4791 1300 1300 4792 1255 1255 4793 1250 1250 4794 1301 1301 4795 1255 1255 4796 1248 1248 4797 1301 1301 4798 1250 1250 4799 1302 1302 4800 1296 1296 4801 1300 1300 4802 1301 1301 4803 1302 1302 4804 1300 1300 4805 1302 1302 4806 1297 1297 4807 1296 1296 4808 1248 1248 4809 1303 1303 4810 1301 1301 4811 1303 1303 4812 1302 1302 4813 1301 1301 4814 1249 1249 4815 1303 1303 4816 1248 1248 4817 1249 1249 4818 1304 1304 4819 1303 1303 4820 1305 1305 4821 1297 1297 4822 1302 1302 4823 1303 1303 4824 1305 1305 4825 1302 1302 4826 1304 1304 4827 1305 1305 4828 1303 1303 4829 1297 1297 4830 1305 1305 4831 1306 1306 4832 1305 1305 4833 1304 1304 4834 1307 1307 4835 1308 1308 4836 1309 1309 4837 1310 1310 4838 1308 1308 4839 1311 1311 4840 1309 1309 4841 1311 1311 4842 1312 1312 4843 1309 1309 4844 1311 1311 4845 1313 1313 4846 1312 1312 4847 1309 1309 4848 1314 1314 4849 1315 1315 4850 1309 1309 4851 1312 1312 4852 1314 1314 4853 1313 1313 4854 1316 1316 4855 1312 1312 4856 1313 1313 4857 1317 1317 4858 1316 1316 4859 1312 1312 4860 1318 1318 4861 1314 1314 4862 1312 1312 4863 1316 1316 4864 1318 1318 4865 1314 1314 4866 1319 1319 4867 1320 1320 4868 1314 1314 4869 1318 1318 4870 1319 1319 4871 1317 1317 4872 1321 1321 4873 1316 1316 4874 1317 1317 4875 1322 1322 4876 1321 1321 4877 1316 1316 4878 1323 1323 4879 1318 1318 4880 1316 1316 4881 1321 1321 4882 1323 1323 4883 1318 1318 4884 1324 1324 4885 1319 1319 4886 1318 1318 4887 1323 1323 4888 1324 1324 4889 1319 1319 4890 1325 1325 4891 1326 1326 4892 1319 1319 4893 1324 1324 4894 1325 1325 4895 1322 1322 4896 1327 1327 4897 1321 1321 4898 1322 1322 4899 1328 1328 4900 1327 1327 4901 1321 1321 4902 1329 1329 4903 1323 1323 4904 1321 1321 4905 1327 1327 4906 1329 1329 4907 1323 1323 4908 1330 1330 4909 1324 1324 4910 1323 1323 4911 1329 1329 4912 1330 1330 4913 1324 1324 4914 1331 1331 4915 1325 1325 4916 1324 1324 4917 1330 1330 4918 1331 1331 4919 1325 1325 4920 1332 1332 4921 1333 1333 4922 1325 1325 4923 1331 1331 4924 1332 1332 4925 1329 1329 4926 1334 1334 4927 1330 1330 4928 1330 1330 4929 1335 1335 4930 1331 1331 4931 1330 1330 4932 1334 1334 4933 1335 1335 4934 1331 1331 4935 1336 1336 4936 1332 1332 4937 1331 1331 4938 1335 1335 4939 1336 1336 4940 1332 1332 4941 1337 1337 4942 1338 1338 4943 1332 1332 4944 1336 1336 4945 1337 1337 4946 1337 1337 4947 1339 1339 4948 1340 1340 4949 1336 1336 4950 1341 1341 4951 1337 1337 4952 1337 1337 4953 1341 1341 4954 1339 1339 4955 1335 1335 4956 1342 1342 4957 1336 1336 4958 1336 1336 4959 1342 1342 4960 1341 1341 4961 1339 1339 4962 1343 1343 4963 1344 1344 4964 1339 1339 4965 1345 1345 4966 1343 1343 4967 1341 1341 4968 1345 1345 4969 1339 1339 4970 1345 1345 4971 1346 1346 4972 1343 1343 4973 1341 1341 4974 1347 1347 4975 1345 1345 4976 1342 1342 4977 1347 1347 4978 1341 1341 4979 1345 1345 4980 1348 1348 4981 1346 1346 4982 1347 1347 4983 1348 1348 4984 1345 1345 4985 1348 1348 4986 1349 1349 4987 1346 1346 4988 1342 1342 4989 1350 1350 4990 1347 1347 4991 1348 1348 4992 1351 1351 4993 1349 1349 4994 1351 1351 4995 1352 1352 4996 1349 1349 4997 1347 1347 4998 1353 1353 4999 1348 1348 5000 1353 1353 5001 1351 1351 5002 1348 1348 5003 1350 1350 5004 1353 1353 5005 1347 1347 5006 1351 1351 5007 1354 1354 5008 1352 1352 5009 1354 1354 5010 1355 1355 5011 1352 1352 5012 1353 1353 5013 1356 1356 5014 1351 1351 5015 1356 1356 5016 1354 1354 5017 1351 1351 5018 1354 1354 5019 1357 1357 5020 1355 1355 5021 1357 1357 5022 1358 1358 5023 1355 1355 5024 1356 1356 5025 1359 1359 5026 1354 1354 5027 1359 1359 5028 1357 1357 5029 1354 1354 5030 1360 1360 5031 1356 1356 5032 1353 1353 5033 1350 1350 5034 1360 1360 5035 1353 1353 5036 1361 1361 5037 1359 1359 5038 1356 1356 5039 1360 1360 5040 1361 1361 5041 1356 1356 5042 1357 1357 5043 1362 1362 5044 1358 1358 5045 1362 1362 5046 1363 1363 5047 1358 1358 5048 1363 1363 5049 1362 1362 5050 1364 1364 5051 1365 1365 5052 1362 1362 5053 1357 1357 5054 1362 1362 5055 1365 1365 5056 1366 1366 5057 1359 1359 5058 1365 1365 5059 1357 1357 5060 1367 1367 5061 1365 1365 5062 1359 1359 5063 1365 1365 5064 1367 1367 5065 1368 1368 5066 1361 1361 5067 1367 1367 5068 1359 1359 5069 1367 1367 5070 1369 1369 5071 1370 1370 5072 1369 1369 5073 1367 1367 5074 1361 1361 5075 1371 1371 5076 1369 1369 5077 1361 1361 5078 1371 1371 5079 1361 1361 5080 1360 1360 5081 1369 1369 5082 1372 1372 5083 1373 1373 5084 1372 1372 5085 1369 1369 5086 1371 1371 5087 1374 1374 5088 1371 1371 5089 1360 1360 5090 1374 1374 5091 1360 1360 5092 1350 1350 5093 1375 1375 5094 1372 1372 5095 1371 1371 5096 1375 1375 5097 1371 1371 5098 1374 1374 5099 1372 1372 5100 1376 1376 5101 1377 1377 5102 1376 1376 5103 1372 1372 5104 1375 1375 5105 1378 1378 5106 1374 1374 5107 1350 1350 5108 1378 1378 5109 1350 1350 5110 1342 1342 5111 1335 1335 5112 1378 1378 5113 1342 1342 5114 1334 1334 5115 1378 1378 5116 1335 1335 5117 1379 1379 5118 1374 1374 5119 1378 1378 5120 1334 1334 5121 1379 1379 5122 1378 1378 5123 1379 1379 5124 1375 1375 5125 1374 1374 5126 1380 1380 5127 1379 1379 5128 1334 1334 5129 1329 1329 5130 1380 1380 5131 1334 1334 5132 1327 1327 5133 1380 1380 5134 1329 1329 5135 1381 1381 5136 1375 1375 5137 1379 1379 5138 1380 1380 5139 1381 1381 5140 1379 1379 5141 1381 1381 5142 1376 1376 5143 1375 1375 5144 1327 1327 5145 1382 1382 5146 1380 1380 5147 1382 1382 5148 1381 1381 5149 1380 1380 5150 1328 1328 5151 1382 1382 5152 1327 1327 5153 1328 1328 5154 1383 1383 5155 1382 1382 5156 1384 1384 5157 1376 1376 5158 1381 1381 5159 1382 1382 5160 1384 1384 5161 1381 1381 5162 1383 1383 5163 1384 1384 5164 1382 1382 5165 1376 1376 5166 1384 1384 5167 1385 1385 5168 1384 1384 5169 1383 1383 5170 1386 1386 5171 1387 1387 5172 1388 1388 5173 1389 1389 5174 1387 1387 5175 1390 1390 5176 1388 1388 5177 1390 1390 5178 1391 1391 5179 1388 1388 5180 1390 1390 5181 1392 1392 5182 1391 1391 5183 1388 1388 5184 1393 1393 5185 1394 1394 5186 1388 1388 5187 1391 1391 5188 1393 1393 5189 1392 1392 5190 1395 1395 5191 1391 1391 5192 1392 1392 5193 1396 1396 5194 1395 1395 5195 1391 1391 5196 1397 1397 5197 1393 1393 5198 1391 1391 5199 1395 1395 5200 1397 1397 5201 1393 1393 5202 1398 1398 5203 1399 1399 5204 1393 1393 5205 1397 1397 5206 1398 1398 5207 1396 1396 5208 1400 1400 5209 1395 1395 5210 1396 1396 5211 1401 1401 5212 1400 1400 5213 1395 1395 5214 1402 1402 5215 1397 1397 5216 1395 1395 5217 1400 1400 5218 1402 1402 5219 1397 1397 5220 1403 1403 5221 1398 1398 5222 1397 1397 5223 1402 1402 5224 1403 1403 5225 1398 1398 5226 1404 1404 5227 1405 1405 5228 1398 1398 5229 1403 1403 5230 1404 1404 5231 1401 1401 5232 1406 1406 5233 1400 1400 5234 1401 1401 5235 1407 1407 5236 1406 1406 5237 1400 1400 5238 1408 1408 5239 1402 1402 5240 1400 1400 5241 1406 1406 5242 1408 1408 5243 1402 1402 5244 1409 1409 5245 1403 1403 5246 1402 1402 5247 1408 1408 5248 1409 1409 5249 1403 1403 5250 1410 1410 5251 1404 1404 5252 1403 1403 5253 1409 1409 5254 1410 1410 5255 1404 1404 5256 1411 1411 5257 1412 1412 5258 1404 1404 5259 1410 1410 5260 1411 1411 5261 1408 1408 5262 1413 1413 5263 1409 1409 5264 1409 1409 5265 1414 1414 5266 1410 1410 5267 1409 1409 5268 1413 1413 5269 1414 1414 5270 1410 1410 5271 1415 1415 5272 1411 1411 5273 1410 1410 5274 1414 1414 5275 1415 1415 5276 1411 1411 5277 1416 1416 5278 1417 1417 5279 1411 1411 5280 1415 1415 5281 1416 1416 5282 1416 1416 5283 1418 1418 5284 1419 1419 5285 1415 1415 5286 1420 1420 5287 1416 1416 5288 1416 1416 5289 1420 1420 5290 1418 1418 5291 1414 1414 5292 1421 1421 5293 1415 1415 5294 1415 1415 5295 1421 1421 5296 1420 1420 5297 1418 1418 5298 1422 1422 5299 1423 1423 5300 1418 1418 5301 1424 1424 5302 1422 1422 5303 1420 1420 5304 1424 1424 5305 1418 1418 5306 1424 1424 5307 1425 1425 5308 1422 1422 5309 1420 1420 5310 1426 1426 5311 1424 1424 5312 1421 1421 5313 1426 1426 5314 1420 1420 5315 1424 1424 5316 1427 1427 5317 1425 1425 5318 1426 1426 5319 1427 1427 5320 1424 1424 5321 1427 1427 5322 1428 1428 5323 1425 1425 5324 1421 1421 5325 1429 1429 5326 1426 1426 5327 1427 1427 5328 1430 1430 5329 1428 1428 5330 1430 1430 5331 1431 1431 5332 1428 1428 5333 1426 1426 5334 1432 1432 5335 1427 1427 5336 1432 1432 5337 1430 1430 5338 1427 1427 5339 1429 1429 5340 1432 1432 5341 1426 1426 5342 1430 1430 5343 1433 1433 5344 1431 1431 5345 1433 1433 5346 1434 1434 5347 1431 1431 5348 1432 1432 5349 1435 1435 5350 1430 1430 5351 1435 1435 5352 1433 1433 5353 1430 1430 5354 1433 1433 5355 1436 1436 5356 1434 1434 5357 1436 1436 5358 1437 1437 5359 1434 1434 5360 1435 1435 5361 1438 1438 5362 1433 1433 5363 1438 1438 5364 1436 1436 5365 1433 1433 5366 1439 1439 5367 1435 1435 5368 1432 1432 5369 1429 1429 5370 1439 1439 5371 1432 1432 5372 1440 1440 5373 1438 1438 5374 1435 1435 5375 1439 1439 5376 1440 1440 5377 1435 1435 5378 1436 1436 5379 1441 1441 5380 1437 1437 5381 1441 1441 5382 1442 1442 5383 1437 1437 5384 1442 1442 5385 1441 1441 5386 1443 1443 5387 1444 1444 5388 1441 1441 5389 1436 1436 5390 1441 1441 5391 1444 1444 5392 1445 1445 5393 1438 1438 5394 1444 1444 5395 1436 1436 5396 1446 1446 5397 1444 1444 5398 1438 1438 5399 1444 1444 5400 1446 1446 5401 1447 1447 5402 1440 1440 5403 1446 1446 5404 1438 1438 5405 1446 1446 5406 1448 1448 5407 1449 1449 5408 1448 1448 5409 1446 1446 5410 1440 1440 5411 1450 1450 5412 1448 1448 5413 1440 1440 5414 1450 1450 5415 1440 1440 5416 1439 1439 5417 1448 1448 5418 1451 1451 5419 1452 1452 5420 1451 1451 5421 1448 1448 5422 1450 1450 5423 1453 1453 5424 1450 1450 5425 1439 1439 5426 1453 1453 5427 1439 1439 5428 1429 1429 5429 1454 1454 5430 1451 1451 5431 1450 1450 5432 1454 1454 5433 1450 1450 5434 1453 1453 5435 1451 1451 5436 1455 1455 5437 1456 1456 5438 1455 1455 5439 1451 1451 5440 1454 1454 5441 1457 1457 5442 1453 1453 5443 1429 1429 5444 1457 1457 5445 1429 1429 5446 1421 1421 5447 1414 1414 5448 1457 1457 5449 1421 1421 5450 1413 1413 5451 1457 1457 5452 1414 1414 5453 1458 1458 5454 1453 1453 5455 1457 1457 5456 1413 1413 5457 1458 1458 5458 1457 1457 5459 1458 1458 5460 1454 1454 5461 1453 1453 5462 1459 1459 5463 1458 1458 5464 1413 1413 5465 1408 1408 5466 1459 1459 5467 1413 1413 5468 1406 1406 5469 1459 1459 5470 1408 1408 5471 1460 1460 5472 1454 1454 5473 1458 1458 5474 1459 1459 5475 1460 1460 5476 1458 1458 5477 1460 1460 5478 1455 1455 5479 1454 1454 5480 1406 1406 5481 1461 1461 5482 1459 1459 5483 1461 1461 5484 1460 1460 5485 1459 1459 5486 1407 1407 5487 1461 1461 5488 1406 1406 5489 1407 1407 5490 1462 1462 5491 1461 1461 5492 1463 1463 5493 1455 1455 5494 1460 1460 5495 1461 1461 5496 1463 1463 5497 1460 1460 5498 1462 1462 5499 1463 1463 5500 1461 1461 5501 1455 1455 5502 1463 1463 5503 1464 1464 5504 1463 1463 5505 1462 1462 5506 1465 1465 5507 1466 1466 5508 1467 1467 5509 1468 1468 5510 1466 1466 5511 1469 1469 5512 1467 1467 5513 1469 1469 5514 1470 1470 5515 1467 1467 5516 1469 1469 5517 1471 1471 5518 1470 1470 5519 1467 1467 5520 1472 1472 5521 1473 1473 5522 1467 1467 5523 1470 1470 5524 1472 1472 5525 1471 1471 5526 1474 1474 5527 1470 1470 5528 1471 1471 5529 1475 1475 5530 1474 1474 5531 1470 1470 5532 1476 1476 5533 1472 1472 5534 1470 1470 5535 1474 1474 5536 1476 1476 5537 1472 1472 5538 1477 1477 5539 1478 1478 5540 1472 1472 5541 1476 1476 5542 1477 1477 5543 1475 1475 5544 1479 1479 5545 1474 1474 5546 1475 1475 5547 1480 1480 5548 1479 1479 5549 1474 1474 5550 1481 1481 5551 1476 1476 5552 1474 1474 5553 1479 1479 5554 1481 1481 5555 1476 1476 5556 1482 1482 5557 1477 1477 5558 1476 1476 5559 1481 1481 5560 1482 1482 5561 1477 1477 5562 1483 1483 5563 1484 1484 5564 1477 1477 5565 1482 1482 5566 1483 1483 5567 1480 1480 5568 1485 1485 5569 1479 1479 5570 1480 1480 5571 1486 1486 5572 1485 1485 5573 1479 1479 5574 1487 1487 5575 1481 1481 5576 1479 1479 5577 1485 1485 5578 1487 1487 5579 1481 1481 5580 1488 1488 5581 1482 1482 5582 1481 1481 5583 1487 1487 5584 1488 1488 5585 1482 1482 5586 1489 1489 5587 1483 1483 5588 1482 1482 5589 1488 1488 5590 1489 1489 5591 1483 1483 5592 1490 1490 5593 1491 1491 5594 1483 1483 5595 1489 1489 5596 1490 1490 5597 1487 1487 5598 1492 1492 5599 1488 1488 5600 1488 1488 5601 1493 1493 5602 1489 1489 5603 1488 1488 5604 1492 1492 5605 1493 1493 5606 1489 1489 5607 1494 1494 5608 1490 1490 5609 1489 1489 5610 1493 1493 5611 1494 1494 5612 1490 1490 5613 1495 1495 5614 1496 1496 5615 1490 1490 5616 1494 1494 5617 1495 1495 5618 1495 1495 5619 1497 1497 5620 1498 1498 5621 1494 1494 5622 1499 1499 5623 1495 1495 5624 1495 1495 5625 1499 1499 5626 1497 1497 5627 1493 1493 5628 1500 1500 5629 1494 1494 5630 1494 1494 5631 1500 1500 5632 1499 1499 5633 1497 1497 5634 1501 1501 5635 1502 1502 5636 1497 1497 5637 1503 1503 5638 1501 1501 5639 1499 1499 5640 1503 1503 5641 1497 1497 5642 1503 1503 5643 1504 1504 5644 1501 1501 5645 1499 1499 5646 1505 1505 5647 1503 1503 5648 1500 1500 5649 1505 1505 5650 1499 1499 5651 1503 1503 5652 1506 1506 5653 1504 1504 5654 1505 1505 5655 1506 1506 5656 1503 1503 5657 1506 1506 5658 1507 1507 5659 1504 1504 5660 1500 1500 5661 1508 1508 5662 1505 1505 5663 1506 1506 5664 1509 1509 5665 1507 1507 5666 1509 1509 5667 1510 1510 5668 1507 1507 5669 1505 1505 5670 1511 1511 5671 1506 1506 5672 1511 1511 5673 1509 1509 5674 1506 1506 5675 1508 1508 5676 1511 1511 5677 1505 1505 5678 1509 1509 5679 1512 1512 5680 1510 1510 5681 1512 1512 5682 1513 1513 5683 1510 1510 5684 1511 1511 5685 1514 1514 5686 1509 1509 5687 1514 1514 5688 1512 1512 5689 1509 1509 5690 1512 1512 5691 1515 1515 5692 1513 1513 5693 1515 1515 5694 1516 1516 5695 1513 1513 5696 1514 1514 5697 1517 1517 5698 1512 1512 5699 1517 1517 5700 1515 1515 5701 1512 1512 5702 1518 1518 5703 1514 1514 5704 1511 1511 5705 1508 1508 5706 1518 1518 5707 1511 1511 5708 1519 1519 5709 1517 1517 5710 1514 1514 5711 1518 1518 5712 1519 1519 5713 1514 1514 5714 1515 1515 5715 1520 1520 5716 1516 1516 5717 1520 1520 5718 1521 1521 5719 1516 1516 5720 1521 1521 5721 1520 1520 5722 1522 1522 5723 1523 1523 5724 1520 1520 5725 1515 1515 5726 1520 1520 5727 1523 1523 5728 1524 1524 5729 1517 1517 5730 1523 1523 5731 1515 1515 5732 1525 1525 5733 1523 1523 5734 1517 1517 5735 1523 1523 5736 1525 1525 5737 1526 1526 5738 1519 1519 5739 1525 1525 5740 1517 1517 5741 1525 1525 5742 1527 1527 5743 1528 1528 5744 1527 1527 5745 1525 1525 5746 1519 1519 5747 1529 1529 5748 1527 1527 5749 1519 1519 5750 1529 1529 5751 1519 1519 5752 1518 1518 5753 1527 1527 5754 1530 1530 5755 1531 1531 5756 1530 1530 5757 1527 1527 5758 1529 1529 5759 1532 1532 5760 1529 1529 5761 1518 1518 5762 1532 1532 5763 1518 1518 5764 1508 1508 5765 1533 1533 5766 1530 1530 5767 1529 1529 5768 1533 1533 5769 1529 1529 5770 1532 1532 5771 1530 1530 5772 1534 1534 5773 1535 1535 5774 1534 1534 5775 1530 1530 5776 1533 1533 5777 1536 1536 5778 1532 1532 5779 1508 1508 5780 1536 1536 5781 1508 1508 5782 1500 1500 5783 1493 1493 5784 1536 1536 5785 1500 1500 5786 1492 1492 5787 1536 1536 5788 1493 1493 5789 1537 1537 5790 1532 1532 5791 1536 1536 5792 1492 1492 5793 1537 1537 5794 1536 1536 5795 1537 1537 5796 1533 1533 5797 1532 1532 5798 1538 1538 5799 1537 1537 5800 1492 1492 5801 1487 1487 5802 1538 1538 5803 1492 1492 5804 1485 1485 5805 1538 1538 5806 1487 1487 5807 1539 1539 5808 1533 1533 5809 1537 1537 5810 1538 1538 5811 1539 1539 5812 1537 1537 5813 1539 1539 5814 1534 1534 5815 1533 1533 5816 1485 1485 5817 1540 1540 5818 1538 1538 5819 1540 1540 5820 1539 1539 5821 1538 1538 5822 1486 1486 5823 1540 1540 5824 1485 1485 5825 1486 1486 5826 1541 1541 5827 1540 1540 5828 1542 1542 5829 1534 1534 5830 1539 1539 5831 1540 1540 5832 1542 1542 5833 1539 1539 5834 1541 1541 5835 1542 1542 5836 1540 1540 5837 1534 1534 5838 1542 1542 5839 1543 1543 5840 1542 1542 5841 1541 1541 5842 1544 1544 5843 1545 1545 5844 1546 1546 5845 1547 1547 5846 1545 1545 5847 1548 1548 5848 1546 1546 5849 1548 1548 5850 1549 1549 5851 1546 1546 5852 1548 1548 5853 1550 1550 5854 1549 1549 5855 1546 1546 5856 1551 1551 5857 1552 1552 5858 1546 1546 5859 1549 1549 5860 1551 1551 5861 1550 1550 5862 1553 1553 5863 1549 1549 5864 1550 1550 5865 1554 1554 5866 1553 1553 5867 1549 1549 5868 1555 1555 5869 1551 1551 5870 1549 1549 5871 1553 1553 5872 1555 1555 5873 1551 1551 5874 1556 1556 5875 1557 1557 5876 1551 1551 5877 1555 1555 5878 1556 1556 5879 1554 1554 5880 1558 1558 5881 1553 1553 5882 1554 1554 5883 1559 1559 5884 1558 1558 5885 1553 1553 5886 1560 1560 5887 1555 1555 5888 1553 1553 5889 1558 1558 5890 1560 1560 5891 1555 1555 5892 1561 1561 5893 1556 1556 5894 1555 1555 5895 1560 1560 5896 1561 1561 5897 1556 1556 5898 1562 1562 5899 1563 1563 5900 1556 1556 5901 1561 1561 5902 1562 1562 5903 1559 1559 5904 1564 1564 5905 1558 1558 5906 1559 1559 5907 1565 1565 5908 1564 1564 5909 1558 1558 5910 1566 1566 5911 1560 1560 5912 1558 1558 5913 1564 1564 5914 1566 1566 5915 1560 1560 5916 1567 1567 5917 1561 1561 5918 1560 1560 5919 1566 1566 5920 1567 1567 5921 1561 1561 5922 1568 1568 5923 1562 1562 5924 1561 1561 5925 1567 1567 5926 1568 1568 5927 1562 1562 5928 1569 1569 5929 1570 1570 5930 1562 1562 5931 1568 1568 5932 1569 1569 5933 1566 1566 5934 1571 1571 5935 1567 1567 5936 1567 1567 5937 1572 1572 5938 1568 1568 5939 1567 1567 5940 1571 1571 5941 1572 1572 5942 1568 1568 5943 1573 1573 5944 1569 1569 5945 1568 1568 5946 1572 1572 5947 1573 1573 5948 1569 1569 5949 1574 1574 5950 1575 1575 5951 1569 1569 5952 1573 1573 5953 1574 1574 5954 1574 1574 5955 1576 1576 5956 1577 1577 5957 1573 1573 5958 1578 1578 5959 1574 1574 5960 1574 1574 5961 1578 1578 5962 1576 1576 5963 1572 1572 5964 1579 1579 5965 1573 1573 5966 1573 1573 5967 1579 1579 5968 1578 1578 5969 1576 1576 5970 1580 1580 5971 1581 1581 5972 1576 1576 5973 1582 1582 5974 1580 1580 5975 1578 1578 5976 1582 1582 5977 1576 1576 5978 1582 1582 5979 1583 1583 5980 1580 1580 5981 1578 1578 5982 1584 1584 5983 1582 1582 5984 1579 1579 5985 1584 1584 5986 1578 1578 5987 1582 1582 5988 1585 1585 5989 1583 1583 5990 1584 1584 5991 1585 1585 5992 1582 1582 5993 1585 1585 5994 1586 1586 5995 1583 1583 5996 1579 1579 5997 1587 1587 5998 1584 1584 5999 1585 1585 6000 1588 1588 6001 1586 1586 6002 1588 1588 6003 1589 1589 6004 1586 1586 6005 1584 1584 6006 1590 1590 6007 1585 1585 6008 1590 1590 6009 1588 1588 6010 1585 1585 6011 1587 1587 6012 1590 1590 6013 1584 1584 6014 1588 1588 6015 1591 1591 6016 1589 1589 6017 1591 1591 6018 1592 1592 6019 1589 1589 6020 1590 1590 6021 1593 1593 6022 1588 1588 6023 1593 1593 6024 1591 1591 6025 1588 1588 6026 1591 1591 6027 1594 1594 6028 1592 1592 6029 1594 1594 6030 1595 1595 6031 1592 1592 6032 1593 1593 6033 1596 1596 6034 1591 1591 6035 1596 1596 6036 1594 1594 6037 1591 1591 6038 1597 1597 6039 1593 1593 6040 1590 1590 6041 1587 1587 6042 1597 1597 6043 1590 1590 6044 1598 1598 6045 1596 1596 6046 1593 1593 6047 1597 1597 6048 1598 1598 6049 1593 1593 6050 1594 1594 6051 1599 1599 6052 1595 1595 6053 1599 1599 6054 1600 1600 6055 1595 1595 6056 1600 1600 6057 1599 1599 6058 1601 1601 6059 1602 1602 6060 1599 1599 6061 1594 1594 6062 1599 1599 6063 1602 1602 6064 1603 1603 6065 1596 1596 6066 1602 1602 6067 1594 1594 6068 1604 1604 6069 1602 1602 6070 1596 1596 6071 1602 1602 6072 1604 1604 6073 1605 1605 6074 1598 1598 6075 1604 1604 6076 1596 1596 6077 1604 1604 6078 1606 1606 6079 1607 1607 6080 1606 1606 6081 1604 1604 6082 1598 1598 6083 1608 1608 6084 1606 1606 6085 1598 1598 6086 1608 1608 6087 1598 1598 6088 1597 1597 6089 1606 1606 6090 1609 1609 6091 1610 1610 6092 1609 1609 6093 1606 1606 6094 1608 1608 6095 1611 1611 6096 1608 1608 6097 1597 1597 6098 1611 1611 6099 1597 1597 6100 1587 1587 6101 1612 1612 6102 1609 1609 6103 1608 1608 6104 1612 1612 6105 1608 1608 6106 1611 1611 6107 1609 1609 6108 1613 1613 6109 1614 1614 6110 1613 1613 6111 1609 1609 6112 1612 1612 6113 1615 1615 6114 1611 1611 6115 1587 1587 6116 1615 1615 6117 1587 1587 6118 1579 1579 6119 1572 1572 6120 1615 1615 6121 1579 1579 6122 1571 1571 6123 1615 1615 6124 1572 1572 6125 1616 1616 6126 1611 1611 6127 1615 1615 6128 1571 1571 6129 1616 1616 6130 1615 1615 6131 1616 1616 6132 1612 1612 6133 1611 1611 6134 1617 1617 6135 1616 1616 6136 1571 1571 6137 1566 1566 6138 1617 1617 6139 1571 1571 6140 1564 1564 6141 1617 1617 6142 1566 1566 6143 1618 1618 6144 1612 1612 6145 1616 1616 6146 1617 1617 6147 1618 1618 6148 1616 1616 6149 1618 1618 6150 1613 1613 6151 1612 1612 6152 1564 1564 6153 1619 1619 6154 1617 1617 6155 1619 1619 6156 1618 1618 6157 1617 1617 6158 1565 1565 6159 1619 1619 6160 1564 1564 6161 1565 1565 6162 1620 1620 6163 1619 1619 6164 1621 1621 6165 1613 1613 6166 1618 1618 6167 1619 1619 6168 1621 1621 6169 1618 1618 6170 1620 1620 6171 1621 1621 6172 1619 1619 6173 1613 1613 6174 1621 1621 6175 1622 1622 6176 1621 1621 6177 1620 1620 6178 1623 1623 6179 1624 1624 6180 1625 1625 6181 1626 1626 6182 1627 1627 6183 1624 1624 6184 1626 1626 6185 1626 1626 6186 1628 1628 6187 1627 1627 6188 1624 1624 6189 1627 1627 6190 1629 1629 6191 1630 1630 6192 1624 1624 6193 1629 1629 6194 1630 1630 6195 1629 1629 6196 1631 1631 6197 1628 1628 6198 1632 1632 6199 1627 1627 6200 1632 1632 6201 1628 1628 6202 1633 1633 6203 1634 1634 6204 1629 1629 6205 1627 1627 6206 1632 1632 6207 1634 1634 6208 1627 1627 6209 1629 1629 6210 1635 1635 6211 1631 1631 6212 1635 1635 6213 1629 1629 6214 1634 1634 6215 1636 1636 6216 1637 1637 6217 1631 1631 6218 1635 1635 6219 1636 1636 6220 1631 1631 6221 1638 1638 6222 1636 1636 6223 1635 1635 6224 1639 1639 6225 1638 1638 6226 1635 1635 6227 1639 1639 6228 1635 1635 6229 1634 1634 6230 1640 1640 6231 1638 1638 6232 1639 1639 6233 1634 1634 6234 1641 1641 6235 1639 1639 6236 1634 1634 6237 1632 1632 6238 1641 1641 6239 1642 1642 6240 1640 1640 6241 1639 1639 6242 1641 1641 6243 1642 1642 6244 1639 1639 6245 1643 1643 6246 1640 1640 6247 1642 1642 6248 1632 1632 6249 1644 1644 6250 1641 1641 6251 1644 1644 6252 1632 1632 6253 1633 1633 6254 1644 1644 6255 1633 1633 6256 1645 1645 6257 1641 1641 6258 1646 1646 6259 1642 1642 6260 1641 1641 6261 1644 1644 6262 1646 1646 6263 1647 1647 6264 1643 1643 6265 1642 1642 6266 1646 1646 6267 1647 1647 6268 1642 1642 6269 1648 1648 6270 1643 1643 6271 1647 1647 6272 1649 1649 6273 1644 1644 6274 1645 1645 6275 1644 1644 6276 1649 1649 6277 1646 1646 6278 1645 1645 6279 1650 1650 6280 1649 1649 6281 1647 1647 6282 1646 1646 6283 1651 1651 6284 1651 1651 6285 1646 1646 6286 1649 1649 6287 1652 1652 6288 1648 1648 6289 1647 1647 6290 1652 1652 6291 1647 1647 6292 1651 1651 6293 1653 1653 6294 1648 1648 6295 1652 1652 6296 1654 1654 6297 1653 1653 6298 1652 1652 6299 1655 1655 6300 1654 1654 6301 1652 1652 6302 1651 1651 6303 1655 1655 6304 1652 1652 6305 1656 1656 6306 1651 1651 6307 1649 1649 6308 1651 1651 6309 1656 1656 6310 1655 1655 6311 1650 1650 6312 1656 1656 6313 1649 1649 6314 1656 1656 6315 1657 1657 6316 1655 1655 6317 1656 1656 6318 1650 1650 6319 1658 1658 6320 1657 1657 6321 1656 1656 6322 1658 1658 6323 1659 1659 6324 1660 1660 6325 1661 1661 6326 1660 1660 6327 1662 1662 6328 1661 1661 6329 1660 1660 6330 1663 1663 6331 1662 1662 6332 1662 1662 6333 1664 1664 6334 1661 1661 6335 1664 1664 6336 1665 1665 6337 1661 1661 6338 1666 1666 6339 1665 1665 6340 1664 1664 6341 1663 1663 6342 1667 1667 6343 1662 1662 6344 1663 1663 6345 1668 1668 6346 1667 1667 6347 1669 1669 6348 1670 1670 6349 1666 1666 6350 1671 1671 6351 1669 1669 6352 1666 1666 6353 1671 1671 6354 1666 1666 6355 1664 1664 6356 1672 1672 6357 1669 1669 6358 1671 1671 6359 1673 1673 6360 1664 1664 6361 1662 1662 6362 1671 1671 6363 1664 1664 6364 1673 1673 6365 1667 1667 6366 1673 1673 6367 1662 1662 6368 1674 1674 6369 1672 1672 6370 1671 1671 6371 1674 1674 6372 1671 1671 6373 1673 1673 6374 1675 1675 6375 1672 1672 6376 1674 1674 6377 1676 1676 6378 1673 1673 6379 1667 1667 6380 1674 1674 6381 1673 1673 6382 1676 1676 6383 1677 1677 6384 1675 1675 6385 1674 1674 6386 1677 1677 6387 1674 1674 6388 1676 1676 6389 1678 1678 6390 1675 1675 6391 1677 1677 6392 1679 1679 6393 1676 1676 6394 1667 1667 6395 1668 1668 6396 1679 1679 6397 1667 1667 6398 1679 1679 6399 1668 1668 6400 1680 1680 6401 1676 1676 6402 1681 1681 6403 1677 1677 6404 1676 1676 6405 1679 1679 6406 1681 1681 6407 1682 1682 6408 1678 1678 6409 1677 1677 6410 1681 1681 6411 1682 1682 6412 1677 1677 6413 1683 1683 6414 1678 1678 6415 1682 1682 6416 1684 1684 6417 1679 1679 6418 1680 1680 6419 1679 1679 6420 1684 1684 6421 1681 1681 6422 1684 1684 6423 1680 1680 6424 1685 1685 6425 1681 1681 6426 1686 1686 6427 1682 1682 6428 1681 1681 6429 1684 1684 6430 1686 1686 6431 1687 1687 6432 1683 1683 6433 1682 1682 6434 1686 1686 6435 1687 1687 6436 1682 1682 6437 1688 1688 6438 1683 1683 6439 1687 1687 6440 1689 1689 6441 1684 1684 6442 1685 1685 6443 1684 1684 6444 1689 1689 6445 1686 1686 6446 1685 1685 6447 1690 1690 6448 1689 1689 6449 1687 1687 6450 1686 1686 6451 1691 1691 6452 1691 1691 6453 1686 1686 6454 1689 1689 6455 1692 1692 6456 1688 1688 6457 1687 1687 6458 1692 1692 6459 1687 1687 6460 1691 1691 6461 1693 1693 6462 1688 1688 6463 1692 1692 6464 1694 1694 6465 1693 1693 6466 1692 1692 6467 1695 1695 6468 1694 1694 6469 1692 1692 6470 1691 1691 6471 1695 1695 6472 1692 1692 6473 1696 1696 6474 1691 1691 6475 1689 1689 6476 1691 1691 6477 1696 1696 6478 1695 1695 6479 1690 1690 6480 1696 1696 6481 1689 1689 6482 1696 1696 6483 1697 1697 6484 1695 1695 6485 1696 1696 6486 1690 1690 6487 1698 1698 6488 1697 1697 6489 1696 1696 6490 1698 1698 6491 1699 1699 6492 1700 1700 6493 1701 1701 6494 1700 1700 6495 1702 1702 6496 1701 1701 6497 1702 1702 6498 1700 1700 6499 1703 1703 6500 1702 1702 6501 1704 1704 6502 1701 1701 6503 1704 1704 6504 1705 1705 6505 1701 1701 6506 1706 1706 6507 1705 1705 6508 1704 1704 6509 1707 1707 6510 1702 1702 6511 1703 1703 6512 1707 1707 6513 1703 1703 6514 1708 1708 6515 1709 1709 6516 1710 1710 6517 1706 1706 6518 1711 1711 6519 1709 1709 6520 1706 1706 6521 1711 1711 6522 1706 1706 6523 1704 1704 6524 1712 1712 6525 1709 1709 6526 1711 1711 6527 1704 1704 6528 1702 1702 6529 1713 1713 6530 1704 1704 6531 1713 1713 6532 1711 1711 6533 1702 1702 6534 1707 1707 6535 1713 1713 6536 1714 1714 6537 1712 1712 6538 1711 1711 6539 1713 1713 6540 1714 1714 6541 1711 1711 6542 1715 1715 6543 1712 1712 6544 1714 1714 6545 1713 1713 6546 1707 1707 6547 1716 1716 6548 1713 1713 6549 1716 1716 6550 1714 1714 6551 1717 1717 6552 1715 1715 6553 1714 1714 6554 1716 1716 6555 1717 1717 6556 1714 1714 6557 1718 1718 6558 1715 1715 6559 1717 1717 6560 1707 1707 6561 1719 1719 6562 1716 1716 6563 1719 1719 6564 1707 1707 6565 1708 1708 6566 1708 1708 6567 1720 1720 6568 1719 1719 6569 1717 1717 6570 1716 1716 6571 1721 1721 6572 1721 1721 6573 1716 1716 6574 1719 1719 6575 1722 1722 6576 1718 1718 6577 1717 1717 6578 1722 1722 6579 1717 1717 6580 1721 1721 6581 1723 1723 6582 1718 1718 6583 1722 1722 6584 1724 1724 6585 1723 1723 6586 1722 1722 6587 1725 1725 6588 1724 1724 6589 1722 1722 6590 1721 1721 6591 1725 1725 6592 1722 1722 6593 1726 1726 6594 1721 1721 6595 1719 1719 6596 1721 1721 6597 1726 1726 6598 1725 1725 6599 1720 1720 6600 1726 1726 6601 1719 1719 6602 1726 1726 6603 1727 1727 6604 1725 1725 6605 1726 1726 6606 1720 1720 6607 1728 1728 6608 1727 1727 6609 1726 1726 6610 1728 1728 6611 1729 1729 6612 1730 1730 6613 1731 1731 6614 1730 1730 6615 1732 1732 6616 1731 1731 6617 1730 1730 6618 1733 1733 6619 1732 1732 6620 1732 1732 6621 1734 1734 6622 1731 1731 6623 1734 1734 6624 1735 1735 6625 1731 1731 6626 1736 1736 6627 1735 1735 6628 1734 1734 6629 1733 1733 6630 1737 1737 6631 1732 1732 6632 1733 1733 6633 1738 1738 6634 1737 1737 6635 1739 1739 6636 1740 1740 6637 1736 1736 6638 1741 1741 6639 1739 1739 6640 1736 1736 6641 1741 1741 6642 1736 1736 6643 1734 1734 6644 1742 1742 6645 1739 1739 6646 1741 1741 6647 1743 1743 6648 1734 1734 6649 1732 1732 6650 1741 1741 6651 1734 1734 6652 1743 1743 6653 1737 1737 6654 1743 1743 6655 1732 1732 6656 1744 1744 6657 1742 1742 6658 1741 1741 6659 1744 1744 6660 1741 1741 6661 1743 1743 6662 1745 1745 6663 1742 1742 6664 1744 1744 6665 1746 1746 6666 1743 1743 6667 1737 1737 6668 1744 1744 6669 1743 1743 6670 1746 1746 6671 1747 1747 6672 1745 1745 6673 1744 1744 6674 1747 1747 6675 1744 1744 6676 1746 1746 6677 1748 1748 6678 1745 1745 6679 1747 1747 6680 1749 1749 6681 1746 1746 6682 1737 1737 6683 1738 1738 6684 1749 1749 6685 1737 1737 6686 1738 1738 6687 1750 1750 6688 1749 1749 6689 1747 1747 6690 1746 1746 6691 1751 1751 6692 1751 1751 6693 1746 1746 6694 1749 1749 6695 1752 1752 6696 1748 1748 6697 1747 1747 6698 1752 1752 6699 1747 1747 6700 1751 1751 6701 1753 1753 6702 1748 1748 6703 1752 1752 6704 1750 1750 6705 1754 1754 6706 1749 1749 6707 1754 1754 6708 1751 1751 6709 1749 1749 6710 1750 1750 6711 1755 1755 6712 1754 1754 6713 1752 1752 6714 1751 1751 6715 1756 1756 6716 1756 1756 6717 1751 1751 6718 1754 1754 6719 1757 1757 6720 1753 1753 6721 1752 1752 6722 1757 1757 6723 1752 1752 6724 1756 1756 6725 1758 1758 6726 1753 1753 6727 1757 1757 6728 1755 1755 6729 1759 1759 6730 1754 1754 6731 1759 1759 6732 1756 1756 6733 1754 1754 6734 1755 1755 6735 1760 1760 6736 1759 1759 6737 1757 1757 6738 1756 1756 6739 1761 1761 6740 1761 1761 6741 1756 1756 6742 1759 1759 6743 1762 1762 6744 1758 1758 6745 1757 1757 6746 1762 1762 6747 1757 1757 6748 1761 1761 6749 1763 1763 6750 1758 1758 6751 1762 1762 6752 1760 1760 6753 1764 1764 6754 1759 1759 6755 1764 1764 6756 1761 1761 6757 1759 1759 6758 1760 1760 6759 1765 1765 6760 1764 1764 6761 1762 1762 6762 1761 1761 6763 1766 1766 6764 1766 1766 6765 1761 1761 6766 1764 1764 6767 1767 1767 6768 1763 1763 6769 1762 1762 6770 1767 1767 6771 1762 1762 6772 1766 1766 6773 1768 1768 6774 1763 1763 6775 1767 1767 6776 1765 1765 6777 1769 1769 6778 1764 1764 6779 1769 1769 6780 1766 1766 6781 1764 1764 6782 1765 1765 6783 1770 1770 6784 1769 1769 6785 1767 1767 6786 1766 1766 6787 1771 1771 6788 1771 1771 6789 1766 1766 6790 1769 1769 6791 1772 1772 6792 1768 1768 6793 1767 1767 6794 1772 1772 6795 1767 1767 6796 1771 1771 6797 1773 1773 6798 1768 1768 6799 1772 1772 6800 1770 1770 6801 1774 1774 6802 1769 1769 6803 1774 1774 6804 1771 1771 6805 1769 1769 6806 1770 1770 6807 1775 1775 6808 1774 1774 6809 1772 1772 6810 1771 1771 6811 1776 1776 6812 1776 1776 6813 1771 1771 6814 1774 1774 6815 1777 1777 6816 1773 1773 6817 1772 1772 6818 1777 1777 6819 1772 1772 6820 1776 1776 6821 1778 1778 6822 1773 1773 6823 1777 1777 6824 1775 1775 6825 1779 1779 6826 1774 1774 6827 1779 1779 6828 1776 1776 6829 1774 1774 6830 1775 1775 6831 1780 1780 6832 1779 1779 6833 1777 1777 6834 1776 1776 6835 1781 1781 6836 1781 1781 6837 1776 1776 6838 1779 1779 6839 1782 1782 6840 1778 1778 6841 1777 1777 6842 1782 1782 6843 1777 1777 6844 1781 1781 6845 1783 1783 6846 1778 1778 6847 1782 1782 6848 1784 1784 6849 1783 1783 6850 1782 1782 6851 1784 1784 6852 1782 1782 6853 1785 1785 6854 1782 1782 6855 1781 1781 6856 1785 1785 6857 1786 1786 6858 1781 1781 6859 1779 1779 6860 1785 1785 6861 1781 1781 6862 1786 1786 6863 1780 1780 6864 1786 1786 6865 1779 1779 6866 1787 1787 6867 1785 1785 6868 1786 1786 6869 1780 1780 6870 1788 1788 6871 1786 1786 6872 1788 1788 6873 1787 1787 6874 1786 1786 6875 1789 1789 6876 1790 1790 6877 1791 1791 6878 1790 1790 6879 1792 1792 6880 1791 1791 6881 1790 1790 6882 1793 1793 6883 1792 1792 6884 1792 1792 6885 1794 1794 6886 1791 1791 6887 1794 1794 6888 1795 1795 6889 1791 1791 6890 1796 1796 6891 1795 1795 6892 1794 1794 6893 1793 1793 6894 1797 1797 6895 1792 1792 6896 1793 1793 6897 1798 1798 6898 1797 1797 6899 1799 1799 6900 1800 1800 6901 1796 1796 6902 1801 1801 6903 1799 1799 6904 1796 1796 6905 1801 1801 6906 1796 1796 6907 1794 1794 6908 1802 1802 6909 1799 1799 6910 1801 1801 6911 1803 1803 6912 1794 1794 6913 1792 1792 6914 1801 1801 6915 1794 1794 6916 1803 1803 6917 1797 1797 6918 1803 1803 6919 1792 1792 6920 1804 1804 6921 1802 1802 6922 1801 1801 6923 1804 1804 6924 1801 1801 6925 1803 1803 6926 1805 1805 6927 1802 1802 6928 1804 1804 6929 1806 1806 6930 1803 1803 6931 1797 1797 6932 1804 1804 6933 1803 1803 6934 1806 1806 6935 1807 1807 6936 1805 1805 6937 1804 1804 6938 1807 1807 6939 1804 1804 6940 1806 1806 6941 1808 1808 6942 1805 1805 6943 1807 1807 6944 1809 1809 6945 1806 1806 6946 1797 1797 6947 1798 1798 6948 1809 1809 6949 1797 1797 6950 1809 1809 6951 1798 1798 6952 1810 1810 6953 1806 1806 6954 1811 1811 6955 1807 1807 6956 1806 1806 6957 1809 1809 6958 1811 1811 6959 1812 1812 6960 1808 1808 6961 1807 1807 6962 1811 1811 6963 1812 1812 6964 1807 1807 6965 1813 1813 6966 1808 1808 6967 1812 1812 6968 1814 1814 6969 1809 1809 6970 1810 1810 6971 1809 1809 6972 1814 1814 6973 1811 1811 6974 1814 1814 6975 1810 1810 6976 1815 1815 6977 1811 1811 6978 1816 1816 6979 1812 1812 6980 1811 1811 6981 1814 1814 6982 1816 1816 6983 1817 1817 6984 1813 1813 6985 1812 1812 6986 1816 1816 6987 1817 1817 6988 1812 1812 6989 1818 1818 6990 1813 1813 6991 1817 1817 6992 1819 1819 6993 1814 1814 6994 1815 1815 6995 1814 1814 6996 1819 1819 6997 1816 1816 6998 1815 1815 6999 1820 1820 7000 1819 1819 7001 1817 1817 7002 1816 1816 7003 1821 1821 7004 1821 1821 7005 1816 1816 7006 1819 1819 7007 1822 1822 7008 1818 1818 7009 1817 1817 7010 1822 1822 7011 1817 1817 7012 1821 1821 7013 1823 1823 7014 1818 1818 7015 1822 1822 7016 1824 1824 7017 1823 1823 7018 1822 1822 7019 1825 1825 7020 1824 1824 7021 1822 1822 7022 1821 1821 7023 1825 1825 7024 1822 1822 7025 1826 1826 7026 1821 1821 7027 1819 1819 7028 1821 1821 7029 1826 1826 7030 1825 1825 7031 1820 1820 7032 1826 1826 7033 1819 1819 7034 1826 1826 7035 1827 1827 7036 1825 1825 7037 1826 1826 7038 1820 1820 7039 1828 1828 7040 1827 1827 7041 1826 1826 7042 1828 1828 7043 1829 1829 7044 1830 1830 7045 1831 1831 7046 1830 1830 7047 1832 1832 7048 1831 1831 7049 1830 1830 7050 1833 1833 7051 1832 1832 7052 1832 1832 7053 1834 1834 7054 1831 1831 7055 1834 1834 7056 1835 1835 7057 1831 1831 7058 1836 1836 7059 1835 1835 7060 1834 1834 7061 1833 1833 7062 1837 1837 7063 1832 1832 7064 1833 1833 7065 1838 1838 7066 1837 1837 7067 1839 1839 7068 1840 1840 7069 1836 1836 7070 1841 1841 7071 1839 1839 7072 1836 1836 7073 1841 1841 7074 1836 1836 7075 1834 1834 7076 1842 1842 7077 1839 1839 7078 1841 1841 7079 1843 1843 7080 1834 1834 7081 1832 1832 7082 1841 1841 7083 1834 1834 7084 1843 1843 7085 1837 1837 7086 1843 1843 7087 1832 1832 7088 1844 1844 7089 1842 1842 7090 1841 1841 7091 1844 1844 7092 1841 1841 7093 1843 1843 7094 1845 1845 7095 1842 1842 7096 1844 1844 7097 1846 1846 7098 1843 1843 7099 1837 1837 7100 1844 1844 7101 1843 1843 7102 1846 1846 7103 1847 1847 7104 1845 1845 7105 1844 1844 7106 1847 1847 7107 1844 1844 7108 1846 1846 7109 1848 1848 7110 1845 1845 7111 1847 1847 7112 1849 1849 7113 1846 1846 7114 1837 1837 7115 1838 1838 7116 1849 1849 7117 1837 1837 7118 1849 1849 7119 1838 1838 7120 1850 1850 7121 1846 1846 7122 1851 1851 7123 1847 1847 7124 1846 1846 7125 1849 1849 7126 1851 1851 7127 1852 1852 7128 1848 1848 7129 1847 1847 7130 1851 1851 7131 1852 1852 7132 1847 1847 7133 1853 1853 7134 1848 1848 7135 1852 1852 7136 1854 1854 7137 1849 1849 7138 1850 1850 7139 1849 1849 7140 1854 1854 7141 1851 1851 7142 1854 1854 7143 1850 1850 7144 1855 1855 7145 1851 1851 7146 1856 1856 7147 1852 1852 7148 1851 1851 7149 1854 1854 7150 1856 1856 7151 1857 1857 7152 1853 1853 7153 1852 1852 7154 1856 1856 7155 1857 1857 7156 1852 1852 7157 1858 1858 7158 1853 1853 7159 1857 1857 7160 1859 1859 7161 1854 1854 7162 1855 1855 7163 1854 1854 7164 1859 1859 7165 1856 1856 7166 1855 1855 7167 1860 1860 7168 1859 1859 7169 1857 1857 7170 1856 1856 7171 1861 1861 7172 1861 1861 7173 1856 1856 7174 1859 1859 7175 1862 1862 7176 1858 1858 7177 1857 1857 7178 1862 1862 7179 1857 1857 7180 1861 1861 7181 1863 1863 7182 1858 1858 7183 1862 1862 7184 1864 1864 7185 1863 1863 7186 1862 1862 7187 1865 1865 7188 1864 1864 7189 1862 1862 7190 1861 1861 7191 1865 1865 7192 1862 1862 7193 1866 1866 7194 1861 1861 7195 1859 1859 7196 1861 1861 7197 1866 1866 7198 1865 1865 7199 1860 1860 7200 1866 1866 7201 1859 1859 7202 1866 1866 7203 1867 1867 7204 1865 1865 7205 1866 1866 7206 1860 1860 7207 1868 1868 7208 1867 1867 7209 1866 1866 7210 1868 1868 7211 1869 1869 7212 1870 1870 7213 1871 1871 7214 1870 1870 7215 1872 1872 7216 1871 1871 7217 1870 1870 7218 1873 1873 7219 1872 1872 7220 1872 1872 7221 1874 1874 7222 1871 1871 7223 1874 1874 7224 1875 1875 7225 1871 1871 7226 1876 1876 7227 1875 1875 7228 1874 1874 7229 1873 1873 7230 1877 1877 7231 1872 1872 7232 1873 1873 7233 1878 1878 7234 1877 1877 7235 1879 1879 7236 1880 1880 7237 1876 1876 7238 1881 1881 7239 1879 1879 7240 1876 1876 7241 1881 1881 7242 1876 1876 7243 1874 1874 7244 1882 1882 7245 1879 1879 7246 1881 1881 7247 1883 1883 7248 1874 1874 7249 1872 1872 7250 1881 1881 7251 1874 1874 7252 1883 1883 7253 1877 1877 7254 1883 1883 7255 1872 1872 7256 1884 1884 7257 1882 1882 7258 1881 1881 7259 1884 1884 7260 1881 1881 7261 1883 1883 7262 1885 1885 7263 1882 1882 7264 1884 1884 7265 1886 1886 7266 1883 1883 7267 1877 1877 7268 1884 1884 7269 1883 1883 7270 1886 1886 7271 1887 1887 7272 1885 1885 7273 1884 1884 7274 1887 1887 7275 1884 1884 7276 1886 1886 7277 1888 1888 7278 1885 1885 7279 1887 1887 7280 1889 1889 7281 1886 1886 7282 1877 1877 7283 1878 1878 7284 1889 1889 7285 1877 1877 7286 1889 1889 7287 1878 1878 7288 1890 1890 7289 1886 1886 7290 1891 1891 7291 1887 1887 7292 1886 1886 7293 1889 1889 7294 1891 1891 7295 1892 1892 7296 1888 1888 7297 1887 1887 7298 1891 1891 7299 1892 1892 7300 1887 1887 7301 1893 1893 7302 1888 1888 7303 1892 1892 7304 1894 1894 7305 1889 1889 7306 1890 1890 7307 1889 1889 7308 1894 1894 7309 1891 1891 7310 1894 1894 7311 1890 1890 7312 1895 1895 7313 1891 1891 7314 1896 1896 7315 1892 1892 7316 1891 1891 7317 1894 1894 7318 1896 1896 7319 1897 1897 7320 1893 1893 7321 1892 1892 7322 1896 1896 7323 1897 1897 7324 1892 1892 7325 1898 1898 7326 1893 1893 7327 1897 1897 7328 1899 1899 7329 1894 1894 7330 1895 1895 7331 1894 1894 7332 1899 1899 7333 1896 1896 7334 1895 1895 7335 1900 1900 7336 1899 1899 7337 1897 1897 7338 1896 1896 7339 1901 1901 7340 1901 1901 7341 1896 1896 7342 1899 1899 7343 1902 1902 7344 1898 1898 7345 1897 1897 7346 1902 1902 7347 1897 1897 7348 1901 1901 7349 1903 1903 7350 1898 1898 7351 1902 1902 7352 1904 1904 7353 1903 1903 7354 1902 1902 7355 1905 1905 7356 1904 1904 7357 1902 1902 7358 1901 1901 7359 1905 1905 7360 1902 1902 7361 1906 1906 7362 1901 1901 7363 1899 1899 7364 1901 1901 7365 1906 1906 7366 1905 1905 7367 1900 1900 7368 1906 1906 7369 1899 1899 7370 1906 1906 7371 1907 1907 7372 1905 1905 7373 1906 1906 7374 1900 1900 7375 1908 1908 7376 1907 1907 7377 1906 1906 7378 1908 1908 7379 1909 1909 7380 1910 1910 7381 1911 1911 7382 1910 1910 7383 1912 1912 7384 1911 1911 7385 1910 1910 7386 1913 1913 7387 1912 1912 7388 1912 1912 7389 1914 1914 7390 1911 1911 7391 1914 1914 7392 1915 1915 7393 1911 1911 7394 1916 1916 7395 1915 1915 7396 1914 1914 7397 1913 1913 7398 1917 1917 7399 1912 1912 7400 1913 1913 7401 1918 1918 7402 1917 1917 7403 1919 1919 7404 1920 1920 7405 1916 1916 7406 1921 1921 7407 1919 1919 7408 1916 1916 7409 1921 1921 7410 1916 1916 7411 1914 1914 7412 1922 1922 7413 1919 1919 7414 1921 1921 7415 1923 1923 7416 1914 1914 7417 1912 1912 7418 1921 1921 7419 1914 1914 7420 1923 1923 7421 1917 1917 7422 1923 1923 7423 1912 1912 7424 1924 1924 7425 1922 1922 7426 1921 1921 7427 1924 1924 7428 1921 1921 7429 1923 1923 7430 1925 1925 7431 1922 1922 7432 1924 1924 7433 1926 1926 7434 1923 1923 7435 1917 1917 7436 1924 1924 7437 1923 1923 7438 1926 1926 7439 1927 1927 7440 1925 1925 7441 1924 1924 7442 1927 1927 7443 1924 1924 7444 1926 1926 7445 1928 1928 7446 1925 1925 7447 1927 1927 7448 1929 1929 7449 1926 1926 7450 1917 1917 7451 1918 1918 7452 1929 1929 7453 1917 1917 7454 1929 1929 7455 1918 1918 7456 1930 1930 7457 1926 1926 7458 1931 1931 7459 1927 1927 7460 1926 1926 7461 1929 1929 7462 1931 1931 7463 1932 1932 7464 1928 1928 7465 1927 1927 7466 1931 1931 7467 1932 1932 7468 1927 1927 7469 1933 1933 7470 1928 1928 7471 1932 1932 7472 1934 1934 7473 1929 1929 7474 1930 1930 7475 1929 1929 7476 1934 1934 7477 1931 1931 7478 1934 1934 7479 1930 1930 7480 1935 1935 7481 1931 1931 7482 1936 1936 7483 1932 1932 7484 1931 1931 7485 1934 1934 7486 1936 1936 7487 1937 1937 7488 1933 1933 7489 1932 1932 7490 1936 1936 7491 1937 1937 7492 1932 1932 7493 1938 1938 7494 1933 1933 7495 1937 1937 7496 1939 1939 7497 1934 1934 7498 1935 1935 7499 1934 1934 7500 1939 1939 7501 1936 1936 7502 1935 1935 7503 1940 1940 7504 1939 1939 7505 1937 1937 7506 1936 1936 7507 1941 1941 7508 1941 1941 7509 1936 1936 7510 1939 1939 7511 1942 1942 7512 1938 1938 7513 1937 1937 7514 1942 1942 7515 1937 1937 7516 1941 1941 7517 1943 1943 7518 1938 1938 7519 1942 1942 7520 1944 1944 7521 1943 1943 7522 1942 1942 7523 1945 1945 7524 1944 1944 7525 1942 1942 7526 1941 1941 7527 1945 1945 7528 1942 1942 7529 1946 1946 7530 1941 1941 7531 1939 1939 7532 1941 1941 7533 1946 1946 7534 1945 1945 7535 1940 1940 7536 1946 1946 7537 1939 1939 7538 1946 1946 7539 1947 1947 7540 1945 1945 7541 1946 1946 7542 1940 1940 7543 1948 1948 7544 1947 1947 7545 1946 1946 7546 1948 1948 7547 1949 1949 7548 1950 1950 7549 1951 1951 7550 1950 1950 7551 1952 1952 7552 1951 1951 7553 1950 1950 7554 1953 1953 7555 1952 1952 7556 1952 1952 7557 1954 1954 7558 1951 1951 7559 1954 1954 7560 1955 1955 7561 1951 1951 7562 1956 1956 7563 1955 1955 7564 1954 1954 7565 1953 1953 7566 1957 1957 7567 1952 1952 7568 1953 1953 7569 1958 1958 7570 1957 1957 7571 1959 1959 7572 1960 1960 7573 1956 1956 7574 1961 1961 7575 1959 1959 7576 1956 1956 7577 1961 1961 7578 1956 1956 7579 1954 1954 7580 1962 1962 7581 1959 1959 7582 1961 1961 7583 1963 1963 7584 1954 1954 7585 1952 1952 7586 1961 1961 7587 1954 1954 7588 1963 1963 7589 1957 1957 7590 1963 1963 7591 1952 1952 7592 1964 1964 7593 1962 1962 7594 1961 1961 7595 1964 1964 7596 1961 1961 7597 1963 1963 7598 1965 1965 7599 1962 1962 7600 1964 1964 7601 1966 1966 7602 1963 1963 7603 1957 1957 7604 1964 1964 7605 1963 1963 7606 1966 1966 7607 1967 1967 7608 1965 1965 7609 1964 1964 7610 1967 1967 7611 1964 1964 7612 1966 1966 7613 1968 1968 7614 1965 1965 7615 1967 1967 7616 1969 1969 7617 1966 1966 7618 1957 1957 7619 1958 1958 7620 1969 1969 7621 1957 1957 7622 1969 1969 7623 1958 1958 7624 1970 1970 7625 1966 1966 7626 1971 1971 7627 1967 1967 7628 1966 1966 7629 1969 1969 7630 1971 1971 7631 1972 1972 7632 1968 1968 7633 1967 1967 7634 1971 1971 7635 1972 1972 7636 1967 1967 7637 1973 1973 7638 1968 1968 7639 1972 1972 7640 1974 1974 7641 1969 1969 7642 1970 1970 7643 1969 1969 7644 1974 1974 7645 1971 1971 7646 1974 1974 7647 1970 1970 7648 1975 1975 7649 1971 1971 7650 1976 1976 7651 1972 1972 7652 1971 1971 7653 1974 1974 7654 1976 1976 7655 1977 1977 7656 1973 1973 7657 1972 1972 7658 1976 1976 7659 1977 1977 7660 1972 1972 7661 1978 1978 7662 1973 1973 7663 1977 1977 7664 1979 1979 7665 1974 1974 7666 1975 1975 7667 1974 1974 7668 1979 1979 7669 1976 1976 7670 1975 1975 7671 1980 1980 7672 1979 1979 7673 1977 1977 7674 1976 1976 7675 1981 1981 7676 1981 1981 7677 1976 1976 7678 1979 1979 7679 1982 1982 7680 1978 1978 7681 1977 1977 7682 1982 1982 7683 1977 1977 7684 1981 1981 7685 1983 1983 7686 1978 1978 7687 1982 1982 7688 1984 1984 7689 1983 1983 7690 1982 1982 7691 1985 1985 7692 1984 1984 7693 1982 1982 7694 1981 1981 7695 1985 1985 7696 1982 1982 7697 1986 1986 7698 1981 1981 7699 1979 1979 7700 1981 1981 7701 1986 1986 7702 1985 1985 7703 1980 1980 7704 1986 1986 7705 1979 1979 7706 1986 1986 7707 1987 1987 7708 1985 1985 7709 1986 1986 7710 1980 1980 7711 1988 1988 7712 1987 1987 7713 1986 1986 7714 1988 1988 7715 1989 1989 7716 1990 1990 7717 1991 1991 7718 1990 1990 7719 1992 1992 7720 1991 1991 7721 1990 1990 7722 1993 1993 7723 1992 1992 7724 1992 1992 7725 1994 1994 7726 1991 1991 7727 1994 1994 7728 1995 1995 7729 1991 1991 7730 1996 1996 7731 1995 1995 7732 1994 1994 7733 1993 1993 7734 1997 1997 7735 1992 1992 7736 1993 1993 7737 1998 1998 7738 1997 1997 7739 1999 1999 7740 2000 2000 7741 1996 1996 7742 2001 2001 7743 1999 1999 7744 1996 1996 7745 2001 2001 7746 1996 1996 7747 1994 1994 7748 2002 2002 7749 1999 1999 7750 2001 2001 7751 2003 2003 7752 1994 1994 7753 1992 1992 7754 2001 2001 7755 1994 1994 7756 2003 2003 7757 1997 1997 7758 2003 2003 7759 1992 1992 7760 2004 2004 7761 2002 2002 7762 2001 2001 7763 2004 2004 7764 2001 2001 7765 2003 2003 7766 2005 2005 7767 2002 2002 7768 2004 2004 7769 2006 2006 7770 2003 2003 7771 1997 1997 7772 2004 2004 7773 2003 2003 7774 2006 2006 7775 2007 2007 7776 2005 2005 7777 2004 2004 7778 2007 2007 7779 2004 2004 7780 2006 2006 7781 2008 2008 7782 2005 2005 7783 2007 2007 7784 2009 2009 7785 2006 2006 7786 1997 1997 7787 1998 1998 7788 2009 2009 7789 1997 1997 7790 2009 2009 7791 1998 1998 7792 2010 2010 7793 2006 2006 7794 2011 2011 7795 2007 2007 7796 2006 2006 7797 2009 2009 7798 2011 2011 7799 2012 2012 7800 2008 2008 7801 2007 2007 7802 2011 2011 7803 2012 2012 7804 2007 2007 7805 2013 2013 7806 2008 2008 7807 2012 2012 7808 2014 2014 7809 2009 2009 7810 2010 2010 7811 2009 2009 7812 2014 2014 7813 2011 2011 7814 2014 2014 7815 2010 2010 7816 2015 2015 7817 2011 2011 7818 2016 2016 7819 2012 2012 7820 2011 2011 7821 2014 2014 7822 2016 2016 7823 2017 2017 7824 2013 2013 7825 2012 2012 7826 2016 2016 7827 2017 2017 7828 2012 2012 7829 2018 2018 7830 2013 2013 7831 2017 2017 7832 2019 2019 7833 2014 2014 7834 2015 2015 7835 2014 2014 7836 2019 2019 7837 2016 2016 7838 2015 2015 7839 2020 2020 7840 2019 2019 7841 2017 2017 7842 2016 2016 7843 2021 2021 7844 2021 2021 7845 2016 2016 7846 2019 2019 7847 2022 2022 7848 2018 2018 7849 2017 2017 7850 2022 2022 7851 2017 2017 7852 2021 2021 7853 2023 2023 7854 2018 2018 7855 2022 2022 7856 2024 2024 7857 2023 2023 7858 2022 2022 7859 2025 2025 7860 2024 2024 7861 2022 2022 7862 2021 2021 7863 2025 2025 7864 2022 2022 7865 2026 2026 7866 2021 2021 7867 2019 2019 7868 2021 2021 7869 2026 2026 7870 2025 2025 7871 2020 2020 7872 2026 2026 7873 2019 2019 7874 2026 2026 7875 2027 2027 7876 2025 2025 7877 2026 2026 7878 2020 2020 7879 2028 2028 7880 2027 2027 7881 2026 2026 7882 2028 2028 7883 2029 2029 7884 2030 2030 7885 2031 2031 7886 2029 2029 7887 2031 2031 7888 2032 2032 7889 2030 2030 7890 2033 2033 7891 2031 2031 7892 2033 2033 7893 2030 2030 7894 2034 2034 7895 2031 2031 7896 2035 2035 7897 2032 2032 7898 2036 2036 7899 2033 2033 7900 2034 2034 7901 2037 2037 7902 2031 2031 7903 2033 2033 7904 2037 2037 7905 2033 2033 7906 2036 2036 7907 2035 2035 7908 2031 2031 7909 2037 2037 7910 2036 2036 7911 2034 2034 7912 2038 2038 7913 2037 2037 7914 2036 2036 7915 2038 2038 7916 2034 2034 7917 2039 2039 7918 2038 2038 7919 2038 2038 7920 2039 2039 7921 2040 2040 7922 2037 2037 7923 2041 2041 7924 2035 2035 7925 2038 2038 7926 2041 2041 7927 2037 2037 7928 2035 2035 7929 2041 2041 7930 2032 2032 7931 2041 2041 7932 2038 2038 7933 2040 2040 7934 2041 2041 7935 2040 2040 7936 2032 2032 7937 2042 2042 7938 2043 2043 7939 2044 2044 7940 2042 2042 7941 2044 2044 7942 2045 2045 7943 2043 2043 7944 2046 2046 7945 2044 2044 7946 2046 2046 7947 2043 2043 7948 2047 2047 7949 2044 2044 7950 2048 2048 7951 2045 2045 7952 2049 2049 7953 2046 2046 7954 2047 2047 7955 2050 2050 7956 2044 2044 7957 2046 2046 7958 2050 2050 7959 2046 2046 7960 2049 2049 7961 2048 2048 7962 2044 2044 7963 2050 2050 7964 2049 2049 7965 2047 2047 7966 2051 2051 7967 2050 2050 7968 2049 2049 7969 2051 2051 7970 2047 2047 7971 2052 2052 7972 2051 2051 7973 2051 2051 7974 2052 2052 7975 2053 2053 7976 2050 2050 7977 2054 2054 7978 2048 2048 7979 2051 2051 7980 2054 2054 7981 2050 2050 7982 2048 2048 7983 2054 2054 7984 2045 2045 7985 2054 2054 7986 2051 2051 7987 2053 2053 7988 2054 2054 7989 2053 2053 7990 2045 2045 7991 2055 2055 7992 2056 2056 7993 2057 2057 7994 2055 2055 7995 2057 2057 7996 2058 2058 7997 2056 2056 7998 2059 2059 7999 2057 2057 8000 2059 2059 8001 2056 2056 8002 2060 2060 8003 2057 2057 8004 2061 2061 8005 2058 2058 8006 2062 2062 8007 2059 2059 8008 2060 2060 8009 2063 2063 8010 2057 2057 8011 2059 2059 8012 2063 2063 8013 2059 2059 8014 2062 2062 8015 2061 2061 8016 2057 2057 8017 2063 2063 8018 2062 2062 8019 2060 2060 8020 2064 2064 8021 2063 2063 8022 2062 2062 8023 2064 2064 8024 2060 2060 8025 2065 2065 8026 2064 2064 8027 2064 2064 8028 2065 2065 8029 2066 2066 8030 2063 2063 8031 2067 2067 8032 2061 2061 8033 2064 2064 8034 2067 2067 8035 2063 2063 8036 2061 2061 8037 2067 2067 8038 2058 2058 8039 2067 2067 8040 2064 2064 8041 2066 2066 8042 2067 2067 8043 2066 2066 8044 2058 2058 8045 2068 2068 8046 2069 2069 8047 2070 2070 8048 2068 2068 8049 2070 2070 8050 2071 2071 8051 2069 2069 8052 2072 2072 8053 2070 2070 8054 2072 2072 8055 2069 2069 8056 2073 2073 8057 2070 2070 8058 2074 2074 8059 2071 2071 8060 2075 2075 8061 2072 2072 8062 2073 2073 8063 2076 2076 8064 2070 2070 8065 2072 2072 8066 2076 2076 8067 2072 2072 8068 2075 2075 8069 2074 2074 8070 2070 2070 8071 2076 2076 8072 2075 2075 8073 2073 2073 8074 2077 2077 8075 2076 2076 8076 2075 2075 8077 2077 2077 8078 2073 2073 8079 2078 2078 8080 2077 2077 8081 2077 2077 8082 2078 2078 8083 2079 2079 8084 2076 2076 8085 2080 2080 8086 2074 2074 8087 2077 2077 8088 2080 2080 8089 2076 2076 8090 2074 2074 8091 2080 2080 8092 2071 2071 8093 2080 2080 8094 2077 2077 8095 2079 2079 8096 2080 2080 8097 2079 2079 8098 2071 2071 8099 2081 2081 8100 2082 2082 8101 2083 2083 8102 2081 2081 8103 2083 2083 8104 2084 2084 8105 2082 2082 8106 2085 2085 8107 2083 2083 8108 2085 2085 8109 2082 2082 8110 2086 2086 8111 2083 2083 8112 2087 2087 8113 2084 2084 8114 2088 2088 8115 2085 2085 8116 2086 2086 8117 2089 2089 8118 2083 2083 8119 2085 2085 8120 2089 2089 8121 2085 2085 8122 2088 2088 8123 2087 2087 8124 2083 2083 8125 2089 2089 8126 2088 2088 8127 2086 2086 8128 2090 2090 8129 2089 2089 8130 2088 2088 8131 2090 2090 8132 2086 2086 8133 2091 2091 8134 2090 2090 8135 2090 2090 8136 2091 2091 8137 2092 2092 8138 2089 2089 8139 2093 2093 8140 2087 2087 8141 2090 2090 8142 2093 2093 8143 2089 2089 8144 2087 2087 8145 2093 2093 8146 2084 2084 8147 2093 2093 8148 2090 2090 8149 2092 2092 8150 2093 2093 8151 2092 2092 8152 2084 2084 8153 2094 2094 8154 2095 2095 8155 2096 2096 8156 2094 2094 8157 2096 2096 8158 2097 2097 8159 2095 2095 8160 2098 2098 8161 2096 2096 8162 2098 2098 8163 2095 2095 8164 2099 2099 8165 2096 2096 8166 2100 2100 8167 2097 2097 8168 2101 2101 8169 2098 2098 8170 2099 2099 8171 2102 2102 8172 2096 2096 8173 2098 2098 8174 2102 2102 8175 2098 2098 8176 2101 2101 8177 2100 2100 8178 2096 2096 8179 2102 2102 8180 2101 2101 8181 2099 2099 8182 2103 2103 8183 2102 2102 8184 2101 2101 8185 2103 2103 8186 2099 2099 8187 2104 2104 8188 2103 2103 8189 2103 2103 8190 2104 2104 8191 2105 2105 8192 2102 2102 8193 2106 2106 8194 2100 2100 8195 2103 2103 8196 2106 2106 8197 2102 2102 8198 2100 2100 8199 2106 2106 8200 2097 2097 8201 2106 2106 8202 2103 2103 8203 2105 2105 8204 2106 2106 8205 2105 2105 8206 2097 2097 8207 2107 2107 8208 2108 2108 8209 2109 2109 8210 2107 2107 8211 2109 2109 8212 2110 2110 8213 2108 2108 8214 2111 2111 8215 2109 2109 8216 2111 2111 8217 2108 2108 8218 2112 2112 8219 2109 2109 8220 2113 2113 8221 2110 2110 8222 2114 2114 8223 2111 2111 8224 2112 2112 8225 2115 2115 8226 2109 2109 8227 2111 2111 8228 2115 2115 8229 2111 2111 8230 2114 2114 8231 2113 2113 8232 2109 2109 8233 2115 2115 8234 2114 2114 8235 2112 2112 8236 2116 2116 8237 2115 2115 8238 2114 2114 8239 2116 2116 8240 2112 2112 8241 2117 2117 8242 2116 2116 8243 2116 2116 8244 2117 2117 8245 2118 2118 8246 2115 2115 8247 2119 2119 8248 2113 2113 8249 2116 2116 8250 2119 2119 8251 2115 2115 8252 2113 2113 8253 2119 2119 8254 2110 2110 8255 2119 2119 8256 2116 2116 8257 2118 2118 8258 2119 2119 8259 2118 2118 8260 2110 2110 8261 2120 2120 8262 2121 2121 8263 2122 2122 8264 2120 2120 8265 2122 2122 8266 2123 2123 8267 2121 2121 8268 2124 2124 8269 2122 2122 8270 2124 2124 8271 2121 2121 8272 2125 2125 8273 2122 2122 8274 2126 2126 8275 2123 2123 8276 2127 2127 8277 2124 2124 8278 2125 2125 8279 2128 2128 8280 2122 2122 8281 2124 2124 8282 2128 2128 8283 2124 2124 8284 2127 2127 8285 2126 2126 8286 2122 2122 8287 2128 2128 8288 2127 2127 8289 2125 2125 8290 2129 2129 8291 2128 2128 8292 2127 2127 8293 2129 2129 8294 2125 2125 8295 2130 2130 8296 2129 2129 8297 2129 2129 8298 2130 2130 8299 2131 2131 8300 2128 2128 8301 2132 2132 8302 2126 2126 8303 2129 2129 8304 2132 2132 8305 2128 2128 8306 2126 2126 8307 2132 2132 8308 2123 2123 8309 2132 2132 8310 2129 2129 8311 2131 2131 8312 2132 2132 8313 2131 2131 8314 2123 2123 8315 2133 2133 8316 2134 2134 8317 2135 2135 8318 2133 2133 8319 2135 2135 8320 2136 2136 8321 2134 2134 8322 2137 2137 8323 2135 2135 8324 2137 2137 8325 2134 2134 8326 2138 2138 8327 2135 2135 8328 2139 2139 8329 2136 2136 8330 2140 2140 8331 2137 2137 8332 2138 2138 8333 2141 2141 8334 2135 2135 8335 2137 2137 8336 2141 2141 8337 2137 2137 8338 2140 2140 8339 2139 2139 8340 2135 2135 8341 2141 2141 8342 2140 2140 8343 2138 2138 8344 2142 2142 8345 2141 2141 8346 2140 2140 8347 2142 2142 8348 2138 2138 8349 2143 2143 8350 2142 2142 8351 2142 2142 8352 2143 2143 8353 2144 2144 8354 2141 2141 8355 2145 2145 8356 2139 2139 8357 2142 2142 8358 2145 2145 8359 2141 2141 8360 2139 2139 8361 2145 2145 8362 2136 2136 8363 2145 2145 8364 2142 2142 8365 2144 2144 8366 2145 2145 8367 2144 2144 8368 2136 2136 8369 2146 2146 8370 2147 2147 8371 2148 2148 8372 2146 2146 8373 2148 2148 8374 2149 2149 8375 2147 2147 8376 2150 2150 8377 2148 2148 8378 2150 2150 8379 2147 2147 8380 2151 2151 8381 2148 2148 8382 2152 2152 8383 2149 2149 8384 2153 2153 8385 2150 2150 8386 2151 2151 8387 2154 2154 8388 2148 2148 8389 2150 2150 8390 2154 2154 8391 2150 2150 8392 2153 2153 8393 2152 2152 8394 2148 2148 8395 2154 2154 8396 2153 2153 8397 2151 2151 8398 2155 2155 8399 2154 2154 8400 2153 2153 8401 2155 2155 8402 2151 2151 8403 2156 2156 8404 2155 2155 8405 2155 2155 8406 2156 2156 8407 2157 2157 8408 2154 2154 8409 2158 2158 8410 2152 2152 8411 2155 2155 8412 2158 2158 8413 2154 2154 8414 2152 2152 8415 2158 2158 8416 2149 2149 8417 2158 2158 8418 2155 2155 8419 2157 2157 8420 2158 2158 8421 2157 2157 8422 2149 2149 8423 2159 2159 8424 2160 2160 8425 2161 2161 8426 2159 2159 8427 2161 2161 8428 2162 2162 8429 2160 2160 8430 2163 2163 8431 2161 2161 8432 2163 2163 8433 2160 2160 8434 2164 2164 8435 2161 2161 8436 2165 2165 8437 2162 2162 8438 2166 2166 8439 2163 2163 8440 2164 2164 8441 2167 2167 8442 2161 2161 8443 2163 2163 8444 2167 2167 8445 2163 2163 8446 2166 2166 8447 2165 2165 8448 2161 2161 8449 2167 2167 8450 2166 2166 8451 2164 2164 8452 2168 2168 8453 2167 2167 8454 2166 2166 8455 2168 2168 8456 2164 2164 8457 2169 2169 8458 2168 2168 8459 2168 2168 8460 2169 2169 8461 2170 2170 8462 2167 2167 8463 2171 2171 8464 2165 2165 8465 2168 2168 8466 2171 2171 8467 2167 2167 8468 2165 2165 8469 2171 2171 8470 2162 2162 8471 2171 2171 8472 2168 2168 8473 2170 2170 8474 2171 2171 8475 2170 2170 8476 2162 2162 8477 2172 2172 8478 2173 2173 8479 2174 2174 8480 2172 2172 8481 2174 2174 8482 2175 2175 8483 2173 2173 8484 2176 2176 8485 2174 2174 8486 2176 2176 8487 2173 2173 8488 2177 2177 8489 2174 2174 8490 2178 2178 8491 2175 2175 8492 2179 2179 8493 2176 2176 8494 2177 2177 8495 2180 2180 8496 2174 2174 8497 2176 2176 8498 2180 2180 8499 2176 2176 8500 2179 2179 8501 2178 2178 8502 2174 2174 8503 2180 2180 8504 2179 2179 8505 2177 2177 8506 2181 2181 8507 2180 2180 8508 2179 2179 8509 2181 2181 8510 2177 2177 8511 2182 2182 8512 2181 2181 8513 2181 2181 8514 2182 2182 8515 2183 2183 8516 2180 2180 8517 2184 2184 8518 2178 2178 8519 2181 2181 8520 2184 2184 8521 2180 2180 8522 2178 2178 8523 2184 2184 8524 2175 2175 8525 2184 2184 8526 2181 2181 8527 2183 2183 8528 2184 2184 8529 2183 2183 8530 2175 2175 8531 2185 2185 8532 2186 2186 8533 2187 2187 8534 2185 2185 8535 2187 2187 8536 2188 2188 8537 2186 2186 8538 2189 2189 8539 2187 2187 8540 2189 2189 8541 2186 2186 8542 2190 2190 8543 2187 2187 8544 2191 2191 8545 2188 2188 8546 2192 2192 8547 2189 2189 8548 2190 2190 8549 2193 2193 8550 2187 2187 8551 2189 2189 8552 2193 2193 8553 2189 2189 8554 2192 2192 8555 2191 2191 8556 2187 2187 8557 2193 2193 8558 2192 2192 8559 2190 2190 8560 2194 2194 8561 2193 2193 8562 2192 2192 8563 2194 2194 8564 2190 2190 8565 2195 2195 8566 2194 2194 8567 2194 2194 8568 2195 2195 8569 2196 2196 8570 2193 2193 8571 2197 2197 8572 2191 2191 8573 2194 2194 8574 2197 2197 8575 2193 2193 8576 2191 2191 8577 2197 2197 8578 2188 2188 8579 2197 2197 8580 2194 2194 8581 2196 2196 8582 2197 2197 8583 2196 2196 8584 2188 2188 8585 2198 2198 8586 2199 2199 8587 2200 2200 8588 2198 2198 8589 2200 2200 8590 2201 2201 8591 2199 2199 8592 2202 2202 8593 2200 2200 8594 2202 2202 8595 2199 2199 8596 2203 2203 8597 2200 2200 8598 2204 2204 8599 2201 2201 8600 2205 2205 8601 2202 2202 8602 2203 2203 8603 2206 2206 8604 2200 2200 8605 2202 2202 8606 2206 2206 8607 2202 2202 8608 2205 2205 8609 2204 2204 8610 2200 2200 8611 2206 2206 8612 2205 2205 8613 2203 2203 8614 2207 2207 8615 2206 2206 8616 2205 2205 8617 2207 2207 8618 2203 2203 8619 2208 2208 8620 2207 2207 8621 2207 2207 8622 2208 2208 8623 2209 2209 8624 2206 2206 8625 2210 2210 8626 2204 2204 8627 2207 2207 8628 2210 2210 8629 2206 2206 8630 2204 2204 8631 2210 2210 8632 2201 2201 8633 2210 2210 8634 2207 2207 8635 2209 2209 8636 2210 2210 8637 2209 2209 8638 2201 2201 8639 2211 2211 8640 2212 2212 8641 2213 2213 8642 2211 2211 8643 2213 2213 8644 2214 2214 8645 2212 2212 8646 2215 2215 8647 2213 2213 8648 2215 2215 8649 2212 2212 8650 2216 2216 8651 2213 2213 8652 2217 2217 8653 2214 2214 8654 2218 2218 8655 2215 2215 8656 2216 2216 8657 2219 2219 8658 2213 2213 8659 2215 2215 8660 2219 2219 8661 2215 2215 8662 2218 2218 8663 2217 2217 8664 2213 2213 8665 2219 2219 8666 2218 2218 8667 2216 2216 8668 2220 2220 8669 2219 2219 8670 2218 2218 8671 2220 2220 8672 2216 2216 8673 2221 2221 8674 2220 2220 8675 2220 2220 8676 2221 2221 8677 2222 2222 8678 2219 2219 8679 2223 2223 8680 2217 2217 8681 2220 2220 8682 2223 2223 8683 2219 2219 8684 2217 2217 8685 2223 2223 8686 2214 2214 8687 2223 2223 8688 2220 2220 8689 2222 2222 8690 2223 2223 8691 2222 2222 8692 2214 2214 8693 2224 2224 8694 2225 2225 8695 2226 2226 8696 2224 2224 8697 2226 2226 8698 2227 2227 8699 2225 2225 8700 2228 2228 8701 2226 2226 8702 2228 2228 8703 2225 2225 8704 2229 2229 8705 2226 2226 8706 2230 2230 8707 2227 2227 8708 2231 2231 8709 2228 2228 8710 2229 2229 8711 2232 2232 8712 2226 2226 8713 2228 2228 8714 2232 2232 8715 2228 2228 8716 2231 2231 8717 2230 2230 8718 2226 2226 8719 2232 2232 8720 2231 2231 8721 2229 2229 8722 2233 2233 8723 2232 2232 8724 2231 2231 8725 2233 2233 8726 2229 2229 8727 2234 2234 8728 2233 2233 8729 2233 2233 8730 2234 2234 8731 2235 2235 8732 2232 2232 8733 2236 2236 8734 2230 2230 8735 2233 2233 8736 2236 2236 8737 2232 2232 8738 2230 2230 8739 2236 2236 8740 2227 2227 8741 2236 2236 8742 2233 2233 8743 2235 2235 8744 2236 2236 8745 2235 2235 8746 2227 2227 8747 2237 2237 8748 2238 2238 8749 2239 2239 8750 2237 2237 8751 2239 2239 8752 2240 2240 8753 2238 2238 8754 2241 2241 8755 2239 2239 8756 2241 2241 8757 2238 2238 8758 2242 2242 8759 2239 2239 8760 2243 2243 8761 2240 2240 8762 2244 2244 8763 2241 2241 8764 2242 2242 8765 2245 2245 8766 2239 2239 8767 2241 2241 8768 2245 2245 8769 2241 2241 8770 2244 2244 8771 2243 2243 8772 2239 2239 8773 2245 2245 8774 2244 2244 8775 2242 2242 8776 2246 2246 8777 2245 2245 8778 2244 2244 8779 2246 2246 8780 2242 2242 8781 2247 2247 8782 2246 2246 8783 2246 2246 8784 2247 2247 8785 2248 2248 8786 2245 2245 8787 2249 2249 8788 2243 2243 8789 2246 2246 8790 2249 2249 8791 2245 2245 8792 2243 2243 8793 2249 2249 8794 2240 2240 8795 2249 2249 8796 2246 2246 8797 2248 2248 8798 2249 2249 8799 2248 2248 8800 2240 2240 8801 2250 2250 8802 2251 2251 8803 2252 2252 8804 2250 2250 8805 2252 2252 8806 2253 2253 8807 2251 2251 8808 2254 2254 8809 2252 2252 8810 2254 2254 8811 2251 2251 8812 2255 2255 8813 2252 2252 8814 2256 2256 8815 2253 2253 8816 2257 2257 8817 2254 2254 8818 2255 2255 8819 2258 2258 8820 2252 2252 8821 2254 2254 8822 2258 2258 8823 2254 2254 8824 2257 2257 8825 2256 2256 8826 2252 2252 8827 2258 2258 8828 2257 2257 8829 2255 2255 8830 2259 2259 8831 2258 2258 8832 2257 2257 8833 2259 2259 8834 2255 2255 8835 2260 2260 8836 2259 2259 8837 2259 2259 8838 2260 2260 8839 2261 2261 8840 2258 2258 8841 2262 2262 8842 2256 2256 8843 2259 2259 8844 2262 2262 8845 2258 2258 8846 2256 2256 8847 2262 2262 8848 2253 2253 8849 2262 2262 8850 2259 2259 8851 2261 2261 8852 2262 2262 8853 2261 2261 8854 2253 2253 8855 2263 2263 8856 2264 2264 8857 2265 2265 8858 2263 2263 8859 2265 2265 8860 2266 2266 8861 2264 2264 8862 2267 2267 8863 2265 2265 8864 2267 2267 8865 2264 2264 8866 2268 2268 8867 2265 2265 8868 2269 2269 8869 2266 2266 8870 2270 2270 8871 2267 2267 8872 2268 2268 8873 2271 2271 8874 2265 2265 8875 2267 2267 8876 2271 2271 8877 2267 2267 8878 2270 2270 8879 2269 2269 8880 2265 2265 8881 2271 2271 8882 2270 2270 8883 2268 2268 8884 2272 2272 8885 2271 2271 8886 2270 2270 8887 2272 2272 8888 2268 2268 8889 2273 2273 8890 2272 2272 8891 2272 2272 8892 2273 2273 8893 2274 2274 8894 2271 2271 8895 2275 2275 8896 2269 2269 8897 2272 2272 8898 2275 2275 8899 2271 2271 8900 2269 2269 8901 2275 2275 8902 2266 2266 8903 2275 2275 8904 2272 2272 8905 2274 2274 8906 2275 2275 8907 2274 2274 8908 2266 2266 8909 2276 2276 8910 2277 2277 8911 2278 2278 8912 2276 2276 8913 2278 2278 8914 2279 2279 8915 2277 2277 8916 2280 2280 8917 2278 2278 8918 2280 2280 8919 2277 2277 8920 2281 2281 8921 2278 2278 8922 2282 2282 8923 2279 2279 8924 2283 2283 8925 2280 2280 8926 2281 2281 8927 2284 2284 8928 2278 2278 8929 2280 2280 8930 2284 2284 8931 2280 2280 8932 2283 2283 8933 2282 2282 8934 2278 2278 8935 2284 2284 8936 2283 2283 8937 2281 2281 8938 2285 2285 8939 2284 2284 8940 2283 2283 8941 2285 2285 8942 2281 2281 8943 2286 2286 8944 2285 2285 8945 2285 2285 8946 2286 2286 8947 2287 2287 8948 2284 2284 8949 2288 2288 8950 2282 2282 8951 2285 2285 8952 2288 2288 8953 2284 2284 8954 2282 2282 8955 2288 2288 8956 2279 2279 8957 2288 2288 8958 2285 2285 8959 2287 2287 8960 2288 2288 8961 2287 2287 8962 2279 2279 8963 2289 2289 8964 2290 2290 8965 2291 2291 8966 2289 2289 8967 2291 2291 8968 2292 2292 8969 2290 2290 8970 2293 2293 8971 2291 2291 8972 2293 2293 8973 2290 2290 8974 2294 2294 8975 2291 2291 8976 2295 2295 8977 2292 2292 8978 2296 2296 8979 2293 2293 8980 2294 2294 8981 2297 2297 8982 2291 2291 8983 2293 2293 8984 2297 2297 8985 2293 2293 8986 2296 2296 8987 2295 2295 8988 2291 2291 8989 2297 2297 8990 2296 2296 8991 2294 2294 8992 2298 2298 8993 2297 2297 8994 2296 2296 8995 2298 2298 8996 2294 2294 8997 2299 2299 8998 2298 2298 8999 2298 2298 9000 2299 2299 9001 2300 2300 9002 2297 2297 9003 2301 2301 9004 2295 2295 9005 2298 2298 9006 2301 2301 9007 2297 2297 9008 2295 2295 9009 2301 2301 9010 2292 2292 9011 2301 2301 9012 2298 2298 9013 2300 2300 9014 2301 2301 9015 2300 2300 9016 2292 2292 9017 2302 2302 9018 2303 2303 9019 2304 2304 9020 2302 2302 9021 2304 2304 9022 2305 2305 9023 2303 2303 9024 2306 2306 9025 2304 2304 9026 2306 2306 9027 2303 2303 9028 2307 2307 9029 2304 2304 9030 2308 2308 9031 2305 2305 9032 2309 2309 9033 2306 2306 9034 2307 2307 9035 2310 2310 9036 2304 2304 9037 2306 2306 9038 2310 2310 9039 2306 2306 9040 2309 2309 9041 2308 2308 9042 2304 2304 9043 2310 2310 9044 2309 2309 9045 2307 2307 9046 2311 2311 9047 2310 2310 9048 2309 2309 9049 2311 2311 9050 2307 2307 9051 2312 2312 9052 2311 2311 9053 2311 2311 9054 2312 2312 9055 2313 2313 9056 2310 2310 9057 2314 2314 9058 2308 2308 9059 2311 2311 9060 2314 2314 9061 2310 2310 9062 2308 2308 9063 2314 2314 9064 2305 2305 9065 2314 2314 9066 2311 2311 9067 2313 2313 9068 2314 2314 9069 2313 2313 9070 2305 2305 9071 2315 2315 9072 2316 2316 9073 2317 2317 9074 2315 2315 9075 2317 2317 9076 2318 2318 9077 2316 2316 9078 2319 2319 9079 2317 2317 9080 2319 2319 9081 2316 2316 9082 2320 2320 9083 2317 2317 9084 2321 2321 9085 2318 2318 9086 2322 2322 9087 2319 2319 9088 2320 2320 9089 2323 2323 9090 2317 2317 9091 2319 2319 9092 2323 2323 9093 2319 2319 9094 2322 2322 9095 2321 2321 9096 2317 2317 9097 2323 2323 9098 2322 2322 9099 2320 2320 9100 2324 2324 9101 2323 2323 9102 2322 2322 9103 2324 2324 9104 2320 2320 9105 2325 2325 9106 2324 2324 9107 2324 2324 9108 2325 2325 9109 2326 2326 9110 2323 2323 9111 2327 2327 9112 2321 2321 9113 2324 2324 9114 2327 2327 9115 2323 2323 9116 2321 2321 9117 2327 2327 9118 2318 2318 9119 2327 2327 9120 2324 2324 9121 2326 2326 9122 2327 2327 9123 2326 2326 9124 2318 2318 9125 2328 2328 9126 2329 2329 9127 2330 2330 9128 2328 2328 9129 2330 2330 9130 2331 2331 9131 2329 2329 9132 2332 2332 9133 2330 2330 9134 2332 2332 9135 2329 2329 9136 2333 2333 9137 2330 2330 9138 2334 2334 9139 2331 2331 9140 2335 2335 9141 2332 2332 9142 2333 2333 9143 2336 2336 9144 2330 2330 9145 2332 2332 9146 2336 2336 9147 2332 2332 9148 2335 2335 9149 2334 2334 9150 2330 2330 9151 2336 2336 9152 2335 2335 9153 2333 2333 9154 2337 2337 9155 2336 2336 9156 2335 2335 9157 2337 2337 9158 2333 2333 9159 2338 2338 9160 2337 2337 9161 2337 2337 9162 2338 2338 9163 2339 2339 9164 2336 2336 9165 2340 2340 9166 2334 2334 9167 2337 2337 9168 2340 2340 9169 2336 2336 9170 2334 2334 9171 2340 2340 9172 2331 2331 9173 2340 2340 9174 2337 2337 9175 2339 2339 9176 2340 2340 9177 2339 2339 9178 2331 2331 9179</p>
        </triangles>
        <triangles material="MI_KB3D_MTM_WoodOldD-material" count="64">
          <input semantic="VERTEX" source="#SM_KB3D_MTM_PropCropTomatoes_A_Main-mesh-vertices" offset="0"/>
          <input semantic="NORMAL" source="#SM_KB3D_MTM_PropCropTomatoes_A_Main-mesh-normals" offset="1"/>
          <input semantic="TEXCOORD" source="#SM_KB3D_MTM_PropCropTomatoes_A_Main-mesh-map-0" offset="2" set="0"/>
          <input semantic="TEXCOORD" source="#SM_KB3D_MTM_PropCropTomatoes_A_Main-mesh-map-1" offset="2" set="1"/>
          <p>2341 2341 9180 2342 2342 9181 2343 2343 9182 2342 2342 9183 2344 2344 9184 2343 2343 9185 2342 2342 9186 2345 2345 9187 2344 2344 9188 2343 2343 9189 2344 2344 9190 2346 2346 9191 2345 2345 9192 2347 2347 9193 2344 2344 9194 2345 2345 9195 2348 2348 9196 2347 2347 9197 2348 2348 9198 2349 2349 9199 2347 2347 9200 2344 2344 9201 2350 2350 9202 2346 2346 9203 2344 2344 9204 2347 2347 9205 2350 2350 9206 2346 2346 9207 2350 2350 9208 2351 2351 9209 2347 2347 9210 2349 2349 9211 2352 2352 9212 2347 2347 9213 2352 2352 9214 2350 2350 9215 2349 2349 9216 2353 2353 9217 2352 2352 9218 2350 2350 9219 2354 2354 9220 2351 2351 9221 2350 2350 9222 2352 2352 9223 2354 2354 9224 2351 2351 9225 2354 2354 9226 2355 2355 9227 2352 2352 9228 2353 2353 9229 2356 2356 9230 2352 2352 9231 2356 2356 9232 2354 2354 9233 2353 2353 9234 2357 2357 9235 2356 2356 9236 2354 2354 9237 2358 2358 9238 2355 2355 9239 2354 2354 9240 2356 2356 9241 2358 2358 9242 2355 2355 9243 2358 2358 9244 2359 2359 9245 2356 2356 9246 2357 2357 9247 2360 2360 9248 2356 2356 9249 2360 2360 9250 2358 2358 9251 2357 2357 9252 2361 2361 9253 2360 2360 9254 2358 2358 9255 2362 2362 9256 2359 2359 9257 2358 2358 9258 2360 2360 9259 2362 2362 9260 2359 2359 9261 2362 2362 9262 2363 2363 9263 2360 2360 9264 2361 2361 9265 2364 2364 9266 2360 2360 9267 2364 2364 9268 2362 2362 9269 2361 2361 9270 2365 2365 9271 2364 2364 9272 2362 2362 9273 2366 2366 9274 2363 2363 9275 2362 2362 9276 2364 2364 9277 2366 2366 9278 2363 2363 9279 2366 2366 9280 2367 2367 9281 2364 2364 9282 2365 2365 9283 2368 2368 9284 2364 2364 9285 2368 2368 9286 2366 2366 9287 2365 2365 9288 2369 2369 9289 2368 2368 9290 2366 2366 9291 2370 2370 9292 2367 2367 9293 2366 2366 9294 2368 2368 9295 2370 2370 9296 2367 2367 9297 2370 2370 9298 2371 2371 9299 2370 2370 9300 2372 2372 9301 2371 2371 9302 2368 2368 9303 2369 2369 9304 2373 2373 9305 2368 2368 9306 2373 2373 9307 2370 2370 9308 2370 2370 9309 2373 2373 9310 2372 2372 9311 2369 2369 9312 2374 2374 9313 2373 2373 9314 2373 2373 9315 2375 2375 9316 2372 2372 9317 2373 2373 9318 2374 2374 9319 2375 2375 9320 2374 2374 9321 2376 2376 9322 2375 2375 9323 2377 2377 9324 2378 2377 9325 2379 2377 9326 2380 2377 9327 2377 2377 9328 2379 2377 9329 2378 2377 9330 2381 2377 9331 2379 2377 9332 2382 2377 9333 2380 2377 9334 2379 2377 9335 2381 2377 9336 2383 2377 9337 2379 2377 9338 2384 2378 9339 2382 2378 9340 2379 2378 9341 2383 2377 9342 2385 2377 9343 2379 2377 9344 2385 2377 9345 2384 2377 9346 2379 2377 9347 2386 2379 9348 2387 2379 9349 2388 2379 9350 2389 2379 9351 2386 2379 9352 2388 2379 9353 2387 2379 9354 2390 2379 9355 2388 2379 9356 2391 2380 9357 2389 2380 9358 2388 2380 9359 2390 2381 9360 2392 2381 9361 2388 2381 9362 2393 2382 9363 2391 2382 9364 2388 2382 9365 2392 2379 9366 2394 2379 9367 2388 2379 9368 2394 2379 9369 2393 2379 9370 2388 2379 9371</p>
        </triangles>
      </mesh>
    </geometry>
  </library_geometries>
  <library_visual_scenes>
    <visual_scene id="Scene" name="Scene">
      <node id="SM_KB3D_MTM_PropCropTomatoes_A_Main" name="SM_KB3D_MTM_PropCropTomatoes_A_Main" type="NODE">
        <matrix sid="transform">1 0 0 0 0 1 0 0 0 0 1 0 0 0 0 1</matrix>
        <instance_geometry url="#SM_KB3D_MTM_PropCropTomatoes_A_Main-mesh" name="SM_KB3D_MTM_PropCropTomatoes_A_Main">
          <bind_material>
            <technique_common>
              <instance_material symbol="MI_KB3D_MTM_PlantsHTC-material" target="#MI_KB3D_MTM_PlantsHTC-material">
                <bind_vertex_input semantic="UVMap" input_semantic="TEXCOORD" input_set="0"/>
                <bind_vertex_input semantic="UVMap.001" input_semantic="TEXCOORD" input_set="1"/>
              </instance_material>
              <instance_material symbol="MI_KB3D_MTM_WoodOldD-material" target="#MI_KB3D_MTM_WoodOldD-material">
                <bind_vertex_input semantic="UVMap" input_semantic="TEXCOORD" input_set="0"/>
                <bind_vertex_input semantic="UVMap.001" input_semantic="TEXCOORD" input_set="1"/>
              </instance_material>
            </technique_common>
          </bind_material>
        </instance_geometry>
      </node>
    </visual_scene>
  </library_visual_scenes>
  <scene>
    <instance_visual_scene url="#Scene"/>
  </scene>
</COLLADA>